year,latitude,longitude,death_count,injury_count,accident_type
2023,33.53137111111111,130.49479138888887,0,2,車両相互
2022,33.53774388888889,130.48620305555554,0,1,車両相互
2023,33.604937222222226,130.40913083333334,0,1,車両相互
2022,33.60099638888889,130.40968833333335,0,1,車両相互
2023,33.63233805555556,130.41857166666665,0,2,車両相互
2023,33.64018194444444,130.42248416666666,0,3,車両相互
2023,33.63315722222222,130.41892388888888,0,1,車両相互
2023,33.59956583333334,130.41595333333333,0,1,車両相互
2023,33.57299833333334,130.2818527777778,0,1,車両相互
2023,33.54165472222222,130.4305122222222,0,1,車両相互
2022,33.543324166666665,130.4844958333333,0,2,車両相互
2023,33.62707,130.4163102777778,0,2,車両相互
2023,33.59263638888889,130.39515805555556,0,3,人対車両
2023,33.56575333333333,130.37799055555556,0,2,車両相互
2023,33.574737500000005,130.38524055555555,0,1,人対車両
2023,33.589640555555555,130.37925666666666,0,1,人対車両
2023,33.57782305555556,130.3822838888889,0,1,車両相互
2023,33.59422861111111,130.36430944444444,0,1,車両相互
2022,33.576729444444446,130.40024083333333,0,1,車両相互
2022,33.580154722222225,130.40830444444444,0,1,車両相互
2022,33.58662,130.3993213888889,0,1,人対車両
2022,33.58969861111111,130.39951333333332,0,1,車両相互
2022,33.58665055555556,130.40623166666668,0,1,車両相互
2023,33.59372944444445,130.39761166666665,0,1,車両相互
2023,33.5783575,130.3788238888889,0,1,車両相互
2023,33.58998305555556,130.38012055555555,0,1,車両相互
2022,33.592914444444446,130.37326972222223,0,3,車両相互
2023,33.59423277777778,130.3902097222222,0,1,車両相互
2022,33.57729305555556,130.39055666666667,0,1,車両相互
2022,33.591968055555554,130.39693944444443,0,1,車両相互
2022,33.595729722222224,130.3964838888889,0,1,車両相互
2022,33.59030805555556,130.406825,0,2,車両単独
2023,33.582929722222225,130.37299083333335,0,1,車両相互
2022,33.58226166666667,130.40350694444444,0,1,人対車両
2022,33.58999027777778,130.38151083333335,0,1,車両相互
2023,33.56693833333334,130.38582416666665,0,1,車両相互
2022,33.587000555555555,130.3923,0,1,人対車両
2023,33.58334833333333,130.40553111111112,0,1,車両相互
2023,33.57703083333334,130.4144638888889,0,1,人対車両
2023,33.59852027777778,130.39830055555555,0,3,車両相互
2023,33.59113166666667,130.39557166666665,0,3,車両相互
2023,33.57428277777778,130.4044475,0,2,車両相互
2022,33.590809722222225,130.39297166666665,0,1,車両相互
2022,33.56419361111111,130.3761,0,1,車両相互
2022,33.58534527777778,130.37153750000002,0,1,車両相互
2023,33.58722777777778,130.4085572222222,0,1,車両相互
2023,33.57630694444445,130.37436,0,1,車両相互
2022,33.587312222222224,130.40029666666666,0,1,車両相互
2022,33.5825,130.40013916666666,0,1,車両相互
2022,33.58212277777778,130.39697305555555,0,1,車両相互
2023,33.57522222222222,130.40246805555557,0,1,人対車両
2023,33.59037527777778,130.37144944444447,0,1,車両相互
2023,33.59181777777778,130.37550833333333,0,1,人対車両
2023,33.59082194444445,130.39289277777777,0,1,車両相互
2023,33.59067027777778,130.3961361111111,0,1,車両相互
2023,33.58962027777778,130.39029333333332,0,1,車両相互
2022,33.58296777777778,130.40921972222222,0,1,車両相互
2023,33.588234722222225,130.36630916666667,0,1,人対車両
2022,33.59502305555556,130.39540666666664,0,1,車両相互
2023,33.577709722222224,130.37751166666666,0,1,車両相互
2023,33.58200638888889,130.3780338888889,0,2,車両相互
2023,33.58218333333334,130.37849944444446,0,1,車両相互
2022,33.58244277777778,130.40567305555555,0,1,車両相互
2022,33.5809475,130.4093961111111,0,1,車両相互
2023,33.59005361111112,130.37859972222222,0,1,人対車両
2022,33.58908166666667,130.3906111111111,0,1,車両相互
2023,33.592823611111115,130.36624055555555,0,2,車両相互
2023,33.59185527777778,130.39679194444443,0,2,車両相互
2023,33.59310694444445,130.36360777777776,0,2,車両相互
2022,33.58932111111111,130.398075,0,1,車両相互
2023,33.60619916666667,130.4378477777778,0,1,人対車両
2023,33.59556333333334,130.4126,0,1,車両相互
2023,33.58568666666667,130.43956666666668,0,3,車両相互
2022,33.565781666666666,130.44220361111113,0,2,車両相互
2022,33.587359166666666,130.41214861111112,0,1,車両相互
2022,33.59889972222223,130.41726138888887,0,1,車両相互
2023,33.571515000000005,130.43719833333333,0,1,車両相互
2022,33.578117222222225,130.43200583333333,0,1,車両相互
2022,33.570055833333335,130.45713166666667,0,1,車両相互
2022,33.58705527777778,130.42901527777778,0,1,車両相互
2022,33.60499138888889,130.43351916666668,0,1,車両相互
2022,33.602223055555555,130.42126055555553,0,1,車両相互
2023,33.55472666666667,130.47448472222223,0,2,車両相互
2023,33.59162222222223,130.4224272222222,0,1,車両相互
2022,33.593915833333334,130.42126638888888,0,1,人対車両
2022,33.59457416666667,130.40766027777778,0,1,車両相互
2022,33.559329166666664,130.44932166666666,0,1,車両相互
2022,33.5888725,130.42232166666665,0,2,車両相互
2022,33.587628888888894,130.42012416666665,0,1,人対車両
2022,33.574557777777784,130.4619013888889,0,2,車両相互
2022,33.60388888888889,130.43739333333335,0,1,車両相互
2022,33.58185111111111,130.42197833333333,0,1,人対車両
2023,33.55545583333333,130.45352444444444,0,1,車両相互
2023,33.55240527777777,130.45086805555553,1,0,人対車両
2023,33.6025225,130.43739444444444,0,1,車両相互
2022,33.58589277777778,130.4278261111111,0,1,人対車両
2022,33.60566333333333,130.41574305555557,0,1,車両相互
2023,33.58424,130.4193386111111,0,1,車両相互
2023,33.59538083333334,130.4043127777778,0,1,人対車両
2023,33.5920275,130.41715194444444,0,4,車両相互
2022,33.583598055555555,130.43713861111112,0,1,車両相互
2022,33.594634722222224,130.41513138888888,0,2,車両相互
2023,33.55061361111111,130.46546638888887,0,1,車両相互
2023,33.59271694444445,130.40888,0,1,車両相互
2023,33.592847222222225,130.41155722222223,0,2,車両相互
2023,33.58089944444445,130.42129333333332,0,1,人対車両
2023,33.58516777777778,130.41598944444445,0,2,車両相互
2022,33.57871194444445,130.4735075,0,1,人対車両
2022,33.573038611111116,130.45422777777776,0,2,車両相互
2022,33.60675694444445,130.43473111111112,0,1,車両相互
2022,33.59875888888889,130.4363138888889,0,1,車両相互
2023,33.59188694444445,130.42187777777778,0,1,人対車両
2023,33.54419138888889,130.4673997222222,0,2,車両相互
2023,33.595075,130.42606055555555,0,1,車両相互
2023,33.60120333333334,130.43571166666666,0,1,車両相互
2023,33.59547694444445,130.40445083333333,0,1,車両相互
2023,33.59786527777778,130.4263511111111,0,1,車両相互
2022,33.58525027777778,130.43356055555557,0,1,車両相互
2022,33.584852222222224,130.41738916666665,0,1,車両相互
2022,33.59852472222222,130.41051583333333,0,1,人対車両
2022,33.58764222222222,130.42122055555555,0,1,車両相互
2023,33.596338055555556,130.4279686111111,0,1,車両相互
2023,33.57666694444445,130.42038416666665,0,1,人対車両
2023,33.59621527777778,130.43299777777776,0,1,車両相互
2022,33.59220666666667,130.42291277777778,0,1,車両相互
2022,33.56485,130.4369475,0,2,車両相互
2022,33.585322222222224,130.43938527777777,0,1,車両相互
2023,33.550000555555556,130.4663322222222,0,1,車両相互
2023,33.55063861111111,130.46548888888887,0,1,車両相互
2022,33.56361333333333,130.44194222222222,0,5,車両相互
2023,33.560202499999995,130.4699113888889,0,1,車両相互
2022,33.59764416666667,130.4485513888889,0,1,車両相互
2022,33.59319416666667,130.41524472222224,0,1,人対車両
2023,33.60328916666667,130.41076777777778,0,1,車両相互
2022,33.57991472222223,130.421035,0,1,車両相互
2022,33.60799361111111,130.41028222222224,0,1,人対車両
2022,33.578250555555556,130.43416638888888,0,1,車両相互
2023,33.58815277777778,130.43869972222222,0,1,車両相互
2022,33.58013972222223,130.42170166666665,0,2,車両相互
2023,33.588594722222226,130.41854444444442,0,1,車両相互
2023,33.56504277777778,130.44305166666666,0,1,車両相互
2023,33.58489194444444,130.45597555555554,0,1,車両相互
2023,33.59720111111111,130.41909555555554,0,1,車両相互
2022,33.59455888888889,130.4260297222222,0,1,車両相互
2023,33.5502475,130.45323277777777,0,1,人対車両
2023,33.583755833333335,130.41174,0,1,車両相互
2022,33.59305694444445,130.43302527777777,0,1,車両相互
2023,33.58034055555556,130.44115972222224,0,1,車両相互
2023,33.59993111111111,130.43366527777778,0,1,車両相互
2022,33.59012222222223,130.43032499999998,0,1,人対車両
2023,33.580758611111115,130.42252416666665,0,2,車両相互
2022,33.565040277777776,130.44313694444446,0,2,車両相互
2023,33.586398888888894,130.43483833333335,0,1,車両相互
2023,33.57550861111111,130.42827277777778,0,1,車両相互
2022,33.55508861111111,130.45376472222222,0,1,車両相互
2023,33.59727361111111,130.43535166666666,0,1,車両相互
2022,33.58495472222222,130.45598055555556,0,1,車両相互
2022,33.55327305555555,130.4765863888889,0,1,車両相互
2023,33.555813611111105,130.45439055555553,0,1,車両相互
2022,33.60138388888889,130.41511083333333,0,2,車両相互
2022,33.60499333333333,130.43046583333333,0,1,車両相互
2023,33.602042222222224,130.44489194444444,0,1,車両相互
2023,33.59539222222222,130.41862305555554,0,1,車両相互
2023,33.59068361111111,130.42626666666666,0,1,人対車両
2022,33.60073055555556,130.41242305555556,0,2,車両相互
2022,33.55240055555555,130.45087166666664,0,1,車両相互
2023,33.6017825,130.40270666666666,0,1,車両相互
2023,33.573058888888895,130.46120638888888,0,1,車両相互
2022,33.57396361111111,130.4765172222222,0,1,車両相互
2022,33.5875275,130.42003694444443,0,1,車両相互
2022,33.59190277777778,130.41427833333333,0,1,車両相互
2022,33.60288944444444,130.40400611111113,0,1,車両相互
2022,33.58876138888889,130.45824916666666,0,1,車両相互
2023,33.59563027777778,130.4071313888889,0,1,車両相互
2023,33.57581833333334,130.43586805555555,0,1,車両相互
2023,33.608963611111115,130.41072916666667,0,2,車両相互
2023,33.57861611111112,130.43275388888887,0,1,車両相互
2023,33.59193138888889,130.41028972222222,0,1,車両単独
2023,33.57868166666667,130.41985694444443,0,1,車両相互
2023,33.56525694444444,130.46247805555555,1,0,車両相互
2023,33.60500805555556,130.43043805555556,0,2,車両相互
2022,33.588501666666666,130.41391027777777,0,1,人対車両
2023,33.58224027777778,130.42589222222222,0,1,車両相互
2023,33.59203638888889,130.42233666666667,0,1,車両相互
2023,33.59240888888889,130.4146875,0,1,車両相互
2023,33.573013055555556,130.44674805555556,0,1,車両相互
2023,33.56242638888889,130.4610111111111,0,2,車両相互
2022,33.59196305555556,130.4224586111111,0,1,人対車両
2023,33.60414,130.42532777777777,0,2,車両相互
2023,33.6034975,130.4193386111111,0,1,車両相互
2023,33.5876225,130.43237722222221,0,1,車両相互
2023,33.62261916666667,130.43928222222223,0,2,車両相互
2022,33.63231416666667,130.4628572222222,0,1,車両相互
2022,33.64463277777778,130.46789611111112,0,2,車両相互
2022,33.63522861111111,130.48209527777777,0,1,車両相互
2023,33.67325111111111,130.4514586111111,0,1,車両相互
2022,33.68266611111111,130.43399194444444,0,1,人対車両
2022,33.6414975,130.46040888888888,0,1,車両相互
2022,33.6112075,130.42487916666667,0,1,人対車両
2023,33.63587916666667,130.45905472222222,0,1,車両相互
2022,33.652292777777774,130.42488583333332,0,1,車両相互
2022,33.61769388888889,130.4235097222222,0,1,人対車両
2022,33.65575388888889,130.42852499999998,0,1,車両相互
2022,33.61665388888889,130.41600333333335,0,2,車両相互
2022,33.61654777777778,130.44517222222223,0,2,車両相互
2023,33.63428138888889,130.42463555555554,0,1,車両相互
2022,33.674657777777774,130.45435916666665,0,1,車両相互
2022,33.607958611111115,130.442375,0,1,車両相互
2023,33.64509722222222,130.43378777777778,0,1,車両相互
2023,33.60727305555556,130.43805138888888,0,1,車両相互
2022,33.61342416666667,130.41341833333334,0,1,車両相互
2022,33.61252694444445,130.43839444444444,0,3,車両相互
2023,33.67100388888888,130.4552158333333,0,1,人対車両
2023,33.66562583333333,130.44819,0,1,車両相互
2022,33.682359166666664,130.28923944444443,0,1,車両相互
2022,33.620517222222226,130.43617833333334,0,1,車両相互
2023,33.65573138888889,130.4285061111111,0,1,車両相互
2023,33.63986,130.45261944444442,0,2,車両相互
2022,33.646703333333335,130.42551388888887,0,1,車両相互
2022,33.638376666666666,130.44095388888888,0,2,車両相互
2022,33.63361777777778,130.4241911111111,0,1,車両相互
2022,33.62793777777778,130.45108472222222,0,1,車両相互
2023,33.66197111111111,130.43884916666667,0,1,車両相互
2023,33.65367194444444,130.4607333333333,0,2,車両相互
2023,33.65904305555556,130.43013138888887,0,1,車両相互
2022,33.64228638888889,130.46598777777777,0,2,車両相互
2022,33.68912694444444,130.4338375,0,1,車両相互
2023,33.61748583333333,130.43874166666666,0,1,車両相互
2023,33.629684166666664,130.4435452777778,0,1,車両相互
2023,33.64675916666667,130.4407463888889,0,1,車両相互
2023,33.62947333333334,130.4530122222222,0,1,車両相互
2023,33.64133138888889,130.4483072222222,0,1,車両相互
2023,33.61363611111111,130.4245963888889,0,1,車両相互
2023,33.6083275,130.42305472222222,0,1,人対車両
2023,33.65850972222222,130.43950333333333,0,1,車両相互
2022,33.614626944444446,130.41444833333333,0,2,車両相互
2023,33.615029166666666,130.42700805555555,0,1,車両相互
2022,33.633649166666665,130.4275975,0,1,車両相互
2023,33.616165555555554,130.41546305555556,0,1,車両相互
2022,33.63511611111111,130.48252305555556,0,2,車両相互
2023,33.610551111111114,130.42385222222222,0,1,車両相互
2023,33.635705,130.42062055555556,0,1,車両相互
2023,33.643361666666664,130.43553222222224,0,2,車両相互
2022,33.65755166666666,130.44337222222222,0,1,人対車両
2022,33.65213055555555,130.34676805555557,0,1,車両相互
2023,33.65607416666666,130.42538416666665,0,2,車両相互
2023,33.62351805555556,130.41501194444444,0,1,車両相互
2023,33.61657,130.4214011111111,0,1,人対車両
2023,33.652775,130.4385038888889,0,1,車両相互
2023,33.621001666666665,130.4388513888889,0,1,車両相互
2023,33.63583555555555,130.4592375,0,1,車両相互
2023,33.628678055555554,130.44742333333335,0,1,車両相互
2022,33.642355277777774,130.44487805555556,0,1,車両相互
2022,33.69042333333333,130.43405083333334,0,1,人対車両
2022,33.65194111111111,130.4523372222222,0,1,人対車両
2022,33.64888055555556,130.43628972222223,0,1,車両相互
2023,33.61370888888889,130.41374694444445,0,1,車両相互
2023,33.61685638888889,130.4342511111111,0,1,人対車両
2022,33.66869527777777,130.45427888888887,0,1,人対車両
2023,33.62518277777778,130.43994833333335,0,1,車両相互
2023,33.63449027777778,130.45586305555554,0,1,人対車両
2022,33.65866583333333,130.4394986111111,0,2,車両相互
2023,33.68877638888888,130.42868249999998,0,1,車両相互
2023,33.65889,130.43927916666667,0,1,車両相互
2022,33.61971611111111,130.43893194444445,0,1,車両相互
2023,33.6430425,130.44558194444446,0,1,車両相互
2023,33.648534166666664,130.43828805555555,0,2,車両相互
2023,33.66709583333333,130.44157222222222,0,1,車両相互
2023,33.651759999999996,130.44040555555557,0,1,車両相互
2023,33.62695138888889,130.4433075,0,1,車両相互
2023,33.64769666666667,130.42641916666665,0,1,人対車両
2023,33.646386666666665,130.4407488888889,0,1,車両相互
2023,33.6559325,130.4489738888889,0,1,車両相互
2023,33.69075583333333,130.43533583333334,0,1,車両相互
2023,33.68264555555555,130.4029502777778,0,1,車両相互
2023,33.64265722222222,130.4303936111111,0,1,車両相互
2023,33.63075972222222,130.44764138888888,0,1,車両相互
2023,33.632999444444444,130.4577525,0,1,人対車両
2023,33.64330916666667,130.45162694444443,0,1,車両相互
2022,33.656885833333334,130.4369861111111,0,1,車両相互
2023,33.6444625,130.43411333333333,0,1,車両相互
2023,33.62766388888889,130.45225416666665,0,1,車両相互
2022,33.64149138888889,130.46028583333333,0,1,車両相互
2022,33.6386825,130.43806694444444,0,1,車両相互
2023,33.65073361111111,130.4435625,0,2,車両相互
2022,33.65867444444444,130.43311583333332,0,1,車両相互
2023,33.673611666666666,130.44087611111112,0,1,車両相互
2022,33.615921666666665,130.41531833333335,0,1,車両相互
2022,33.65573916666666,130.44077777777778,0,1,車両相互
2023,33.63803583333333,130.42536166666665,0,1,車両相互
2022,33.69565583333333,130.42181527777777,0,3,車両相互
2022,33.65857583333333,130.44539194444445,0,1,人対車両
2023,33.54765416666667,130.34715111111112,0,1,車両相互
2023,33.58078833333334,130.33983083333334,0,2,車両相互
2023,33.56064527777777,130.33731833333334,0,1,車両相互
2023,33.54265944444444,130.33220916666667,0,2,人対車両
2023,33.555479999999996,130.35079277777777,0,1,車両相互
2023,33.58067444444445,130.3411663888889,0,1,車両相互
2022,33.58108722222222,130.36104916666667,0,1,人対車両
2023,33.55790722222222,130.33458972222223,0,1,車両相互
2022,33.580042222222225,130.35094,0,1,車両相互
2023,33.57132194444445,130.35712666666666,0,3,車両相互
2022,33.561481388888886,130.33802472222223,0,1,車両相互
2022,33.55212083333333,130.34925777777778,0,2,車両相互
2023,33.58239527777778,130.35799583333332,0,1,人対車両
2023,33.55030138888888,130.33803472222223,0,2,車両相互
2022,33.54427361111111,130.337795,0,1,人対車両
2023,33.54275722222222,130.34574777777777,0,1,車両相互
2023,33.511424166666664,130.3369475,0,1,車両相互
2023,33.56700027777778,130.342645,0,1,車両相互
2023,33.567680833333334,130.3365936111111,0,1,車両相互
2022,33.57612944444445,130.35225166666666,0,3,車両相互
2022,33.55222111111111,130.3301775,0,1,車両相互
2023,33.56542388888889,130.3419163888889,0,1,車両相互
2023,33.54408222222222,130.34436333333335,0,1,車両相互
2023,33.56502805555555,130.34164194444446,0,1,車両相互
2022,33.552341388888884,130.34257694444446,0,1,車両相互
2022,33.545071111111106,130.32614388888888,0,1,車両相互
2023,33.5827475,130.35604777777777,0,1,車両相互
2023,33.56700472222222,130.34240222222223,0,1,車両相互
2023,33.53872888888889,130.34700166666667,1,0,車両相互
2023,33.548428611111106,130.34454694444446,0,1,車両相互
2023,33.563184166666666,130.34711305555555,0,1,車両相互
2023,33.581135833333335,130.36149972222222,0,2,車両相互
2023,33.57507861111112,130.3361063888889,0,1,車両相互
2022,33.56905694444445,130.35352805555556,0,1,車両相互
2023,33.581085,130.34524194444447,0,1,車両相互
2023,33.57014277777778,130.32791666666665,0,1,車両相互
2023,33.591369444444446,130.35061194444444,0,1,車両相互
2023,33.602044166666666,130.3889361111111,0,2,車両相互
2022,33.60660416666667,130.40504083333335,0,3,車両相互
2023,33.60447416666667,130.40488805555557,0,1,人対車両
2022,33.60819027777778,130.40212027777778,0,1,車両単独
2023,33.59992472222223,130.4472613888889,0,3,車両相互
2023,33.55909388888889,130.41609305555556,0,1,車両相互
2022,33.54028361111111,130.42912333333334,0,1,車両相互
2023,33.56866,130.4256736111111,0,2,車両相互
2023,33.56332333333333,130.42361555555556,0,1,車両相互
2022,33.54100361111111,130.43268777777777,0,2,車両相互
2022,33.527634166666665,130.43228694444443,0,1,車両相互
2023,33.57171277777778,130.42255916666664,0,1,車両相互
2022,33.546526944444444,130.39987222222223,0,1,車両相互
2022,33.542383888888885,130.40274444444444,0,1,車両相互
2023,33.538557777777775,130.43289305555555,0,1,車両相互
2023,33.56921805555556,130.4189036111111,0,1,車両相互
2023,33.55361583333333,130.42852055555554,0,1,車両相互
2022,33.56144944444444,130.42572583333333,0,1,車両相互
2023,33.53970666666667,130.4276061111111,0,1,車両相互
2022,33.55576055555555,130.40047916666668,0,1,車両相互
2023,33.549928888888886,130.40023666666667,0,1,車両相互
2022,33.54103194444444,130.41934083333334,0,2,車両相互
2022,33.53648916666666,130.4268708333333,0,1,車両相互
2022,33.57075916666667,130.4008347222222,0,1,車両相互
2022,33.571876111111116,130.42276777777778,0,1,車両相互
2022,33.5582675,130.42847027777776,0,3,車両相互
2022,33.56861527777778,130.41799444444445,0,1,車両相互
2022,33.53993194444444,130.40195305555557,0,1,車両相互
2022,33.57224611111111,130.40740527777777,0,1,車両相互
2023,33.54975944444444,130.42845888888888,0,1,人対車両
2022,33.55343194444444,130.40716472222223,0,1,車両相互
2022,33.54508472222222,130.43784,0,1,車両相互
2022,33.56608666666666,130.42791916666667,0,1,車両相互
2022,33.555418055555556,130.43148194444444,0,1,車両相互
2023,33.53598722222222,130.4086063888889,0,1,人対車両
2022,33.53509,130.3968161111111,0,2,車両相互
2022,33.57342111111112,130.41385333333335,0,1,車両相互
2022,33.547934166666664,130.44545583333334,0,1,車両相互
2023,33.55160138888888,130.44722805555557,0,1,車両相互
2023,33.55277722222222,130.43637722222223,0,1,車両相互
2023,33.55426833333333,130.43409888888888,0,1,車両相互
2023,33.566595,130.42035416666667,0,1,車両相互
2023,33.54800888888889,130.41036250000002,0,2,車両相互
2023,33.56160916666666,130.43528527777778,0,2,車両相互
2023,33.547976388888884,130.44294277777777,0,1,車両相互
2022,33.53331555555555,130.41345666666666,0,1,車両相互
2022,33.549568888888885,130.4283783333333,0,2,車両相互
2022,33.53264111111111,130.40116972222222,0,2,車両相互
2022,33.56494222222222,130.41599944444445,0,2,人対車両
2023,33.531127222222224,130.4067161111111,0,1,車両相互
2023,33.567551388888894,130.41749055555556,0,1,車両相互
2023,33.5358525,130.43727055555556,0,1,車両相互
2023,33.542118333333335,130.43870833333332,0,1,車両相互
2022,33.548830833333334,130.4417486111111,0,1,車両相互
2022,33.54830083333333,130.44292388888888,0,2,車両相互
2023,33.56220166666667,130.42196805555554,0,1,車両相互
2023,33.55324888888889,130.43630027777778,0,1,車両相互
2023,33.56352638888889,130.4318458333333,0,1,人対車両
2023,33.571091388888895,130.42361944444443,0,2,車両相互
2023,33.542413055555556,130.43367694444444,0,1,車両相互
2023,33.53492833333333,130.40054972222222,0,1,車両相互
2023,33.57013027777778,130.42057499999999,0,1,車両相互
2023,33.548269166666664,130.44300777777778,0,1,車両相互
2022,33.566125,130.41758694444442,0,1,人対車両
2023,33.551001944444444,130.4490725,0,2,車両相互
2023,33.574312222222225,130.4217258333333,0,1,車両相互
2022,33.57300777777778,130.41516833333333,0,1,車両相互
2023,33.539364166666665,130.43936694444446,0,1,車両相互
2022,33.55275944444444,130.3978586111111,0,1,車両相互
2023,33.55229527777777,130.39635416666667,0,1,車両相互
2023,33.561526388888886,130.42022944444443,0,1,車両相互
2022,33.55249,130.41398194444446,0,1,車両相互
2023,33.54181611111111,130.42103055555555,0,3,車両相互
2023,33.552729166666666,130.40044500000002,0,1,車両相互
2023,33.57217472222222,130.4229122222222,0,1,車両相互
2023,33.54710722222222,130.39644194444443,0,1,車両単独
2023,33.55308055555555,130.40087111111112,0,1,車両相互
2023,33.53966083333333,130.40216166666667,0,1,車両相互
2023,33.53106138888889,130.40842944444444,0,1,車両相互
2023,33.54693861111111,130.41035694444446,0,1,車両相互
2023,33.56140277777777,130.4256433333333,0,2,車両相互
2023,33.55214611111111,130.4282397222222,0,1,車両相互
2023,33.53807638888889,130.39312916666665,0,1,車両相互
2023,33.56164305555555,130.42099,0,2,車両相互
2023,33.54357972222222,130.40683027777777,1,0,車両相互
2023,33.56036611111111,130.42732333333333,0,1,車両相互
2023,33.556600277777775,130.4006777777778,0,2,車両相互
2023,33.594008888888894,130.22822944444445,0,3,車両相互
2023,33.58756861111112,130.32743833333333,0,1,車両相互
2023,33.56667027777778,130.31821694444443,0,1,車両相互
2023,33.587655000000005,130.33654361111113,0,3,車両相互
2023,33.570211944444445,130.3171986111111,0,1,車両相互
2023,33.58453,130.26784916666668,0,1,車両相互
2023,33.56597194444444,130.3142588888889,0,1,車両相互
2023,33.582347500000004,130.27104083333336,0,1,車両相互
2023,33.567413333333334,130.32268277777777,0,1,車両相互
2022,33.58403277777778,130.3088438888889,0,1,車両相互
2023,33.58687666666667,130.31687166666666,0,1,車両相互
2023,33.57378222222223,130.2434275,0,1,車両相互
2022,33.58166944444445,130.26118055555557,0,1,車両相互
2023,33.56577333333333,130.24230305555554,0,2,車両相互
2023,33.56899416666667,130.30481277777778,0,1,車両相互
2022,33.55342333333333,130.24096138888888,0,1,車両相互
2022,33.57233611111111,130.27360416666667,0,2,車両相互
2023,33.57288500000001,130.24414055555553,0,1,車両相互
2023,33.57203388888889,130.25166583333333,0,1,車両相互
2022,33.58227555555556,130.31414916666668,0,2,車両相互
2022,33.56608111111111,130.23902416666667,0,2,車両相互
2022,33.557808888888886,130.31956583333334,0,1,車両相互
2022,33.5735,130.24610055555553,0,3,車両相互
2023,33.58369861111111,130.26245,0,1,車両相互
2022,33.55821805555555,130.32293277777777,0,1,車両相互
2022,33.55226527777778,130.30950833333335,0,1,人対車両
2022,33.57420805555556,130.25410555555555,0,2,車両相互
2023,33.56139944444444,130.3006852777778,0,1,車両相互
2022,33.55309805555555,130.3127927777778,0,1,車両相互
2022,33.57821250000001,130.2564913888889,0,1,車両相互
2023,33.566201944444444,130.31471333333334,0,1,人対車両
2022,33.58412416666667,130.32368555555556,0,1,車両単独
2023,33.573527222222225,130.2569247222222,0,1,車両相互
2023,33.57747194444445,130.2417997222222,0,1,車両相互
2023,33.587270833333335,130.31769833333334,0,1,人対車両
2023,33.55954666666666,130.31932388888887,0,2,車両相互
2023,33.59089916666667,130.2221827777778,0,2,車両相互
2023,33.608086666666665,130.24870055555553,0,1,車両相互
2023,33.57955055555556,130.25401722222222,0,1,車両相互
2022,33.57837805555556,130.3155138888889,0,1,車両相互
2023,33.57034277777778,130.2907622222222,0,1,車両相互
2022,33.58544027777778,130.3314836111111,0,1,車両相互
2023,33.568509444444445,130.31053222222224,0,1,車両相互
2022,33.57603805555556,130.28377111111112,0,2,車両相互
2022,33.578431944444446,130.32683277777778,0,1,車両相互
2022,33.56055,130.31103583333334,0,1,車両相互
2022,33.58009027777778,130.28260194444445,0,1,車両相互
2022,33.57508111111112,130.32298333333333,0,2,車両相互
2023,33.578295000000004,130.3195986111111,0,3,車両相互
2023,33.588007222222224,130.2463225,0,1,車両相互
2023,33.58077222222222,130.2578961111111,0,1,車両相互
2022,33.55452222222222,130.32377194444445,0,1,車両単独
2022,33.55894722222222,130.31102361111112,0,1,車両相互
2022,33.587696388888894,130.32050277777776,0,1,車両相互
2023,33.5871925,130.32921027777778,0,1,車両相互
2023,33.58083638888889,130.2639438888889,0,1,車両相互
2022,33.567975277777784,130.29609,0,1,車両相互
2023,33.58828833333334,130.33338083333334,0,1,人対車両
2023,33.56030694444444,130.3097288888889,0,1,車両相互
2022,33.57223638888889,130.27361111111114,0,1,車両相互
2023,33.57085194444445,130.28868277777778,0,1,車両相互
2023,33.56516777777777,130.24194638888886,0,2,車両相互
2022,33.57748305555556,130.27695305555557,0,2,車両相互
2023,33.55148444444444,130.30653500000003,0,1,車両相互
2023,33.55893083333333,130.31166972222223,0,1,車両相互
2023,33.56980888888889,130.24938833333331,0,1,車両相互
2023,33.569718333333334,130.2968325,0,1,車両相互
2022,33.56807916666667,130.31596166666668,0,1,車両相互
2023,33.58338277777778,130.30711916666667,0,1,車両相互
2023,33.581250277777784,130.27224361111112,0,1,車両相互
2023,33.57533888888889,130.3075716666667,0,1,人対車両
2023,33.5584675,130.31802055555556,0,1,人対車両
2022,33.566022222222216,130.30951444444446,0,1,車両相互
2023,33.567100833333335,130.31844944444444,0,3,車両相互
2022,33.58164583333334,130.33694555555556,0,1,車両相互
2023,33.5688225,130.3064752777778,0,1,車両相互
2022,33.568940277777784,130.3054825,0,1,車両相互
2023,33.58242916666667,130.32367888888888,0,1,車両相互
2023,33.56475666666666,130.23991777777778,0,1,車両相互
2023,33.55872194444444,130.24501611111108,0,1,車両相互
2023,33.57849111111111,130.2537761111111,0,1,車両相互
2023,33.57619555555556,130.30118583333334,0,2,車両相互
2023,33.54953416666667,130.3136113888889,0,1,車両相互
2023,33.573930277777784,130.26557,0,1,車両相互
2023,33.593586388888895,130.2648372222222,0,1,車両相互
2023,33.58740138888889,130.2653063888889,0,1,車両相互
2023,33.55280583333333,130.38130527777778,0,3,車両相互
2023,33.54713888888889,130.350775,0,1,車両相互
2023,33.553,130.38547,0,1,車両相互
2023,33.573731111111115,130.37536277777778,0,1,車両相互
2022,33.54499111111111,130.35643416666667,0,2,車両相互
2022,33.55282138888889,130.38222861111112,0,1,車両相互
2022,33.57261638888889,130.36799055555556,0,1,車両相互
2023,33.57410194444445,130.36225805555554,0,1,車両相互
2022,33.54595388888889,130.3657438888889,0,1,車両相互
2022,33.546005,130.35679277777777,0,5,車両相互
2022,33.54578111111111,130.3552186111111,0,1,車両相互
2023,33.57566083333334,130.36660361111112,0,1,車両相互
2022,33.552349166666666,130.37401555555556,0,2,車両相互
2022,33.55590222222222,130.37762722222223,0,1,車両相互
2022,33.54766333333333,130.36648944444443,0,1,車両相互
2023,33.55287611111111,130.38342277777778,0,1,車両相互
2022,33.54564805555555,130.36321611111111,0,1,人対車両
2022,33.55311222222222,130.3635036111111,0,1,人対車両
2022,33.54517666666666,130.3565886111111,0,2,車両相互
2022,33.56637277777777,130.36532444444444,0,1,人対車両
2022,33.57159694444445,130.36161666666666,0,1,車両相互
2022,33.54667083333333,130.3516097222222,0,1,車両相互
2022,33.536654999999996,130.3802286111111,0,1,車両相互
2022,33.546476388888884,130.35213222222222,0,1,車両相互
2022,33.57466,130.37095194444444,0,1,車両相互
2022,33.57398083333334,130.36920472222224,0,1,車両相互
2023,33.548896666666664,130.3799602777778,0,3,車両相互
2023,33.55951861111111,130.37869916666668,0,1,人対車両
2022,33.752606944444445,130.4907908333333,0,1,車両相互
2023,33.760385,130.4864458333333,0,2,車両相互
2023,33.769686666666665,130.48323333333335,0,1,車両相互
2022,33.77760222222222,130.48337944444444,0,1,車両相互
2023,33.774115277777774,130.48323166666668,0,2,車両相互
2022,33.760481666666664,130.47770500000001,0,1,人対車両
2022,33.772641944444445,130.47291166666668,0,1,車両相互
2023,33.769217499999996,130.48874694444444,0,1,車両相互
2023,33.780815833333335,130.48099,0,1,車両相互
2023,33.758559444444444,130.49491583333332,0,1,車両相互
2023,33.75230361111111,130.49209805555554,0,1,車両相互
2023,33.50460777777778,130.49872,0,1,車両相互
2022,33.52213472222222,130.49833777777778,0,1,車両相互
2023,33.50633944444444,130.48963388888887,0,1,人対車両
2022,33.50577611111111,130.4972236111111,0,1,人対車両
2023,33.49999583333334,130.48732222222222,0,1,車両相互
2023,33.508338888888886,130.49563194444443,0,2,車両相互
2023,33.52816138888889,130.49446944444443,0,1,車両相互
2023,33.52813222222222,130.4944847222222,0,1,車両相互
2022,33.499764722222224,130.48780805555555,0,1,車両相互
2023,33.54611833333333,130.1726483333333,0,1,車両相互
2023,33.4797925,130.19351805555556,0,3,車両相互
2022,33.56800472222223,130.23161222222222,0,1,車両相互
2022,33.55351611111111,130.20557499999998,0,1,車両相互
2023,33.5601175,130.20412249999998,0,2,車両相互
2022,33.52204972222222,130.1390872222222,0,1,人対車両
2023,33.53924666666666,130.2562575,0,1,車両相互
2022,33.56367472222222,130.21755833333333,0,1,車両相互
2022,33.51573694444444,130.19279277777778,0,1,車両相互
2023,33.56120333333333,130.2088586111111,0,1,人対車両
2023,33.516888055555555,130.15382250000002,0,3,車両相互
2023,33.56216416666666,130.21261166666665,0,1,車両相互
2022,33.502070833333335,130.07855972222222,0,1,人対車両
2023,33.59363027777778,130.47326361111112,0,1,車両相互
2023,33.60419638888889,130.45521499999998,0,1,人対車両
2022,33.65250833333333,130.48970444444444,0,2,車両相互
2023,33.56922555555556,130.4976422222222,0,1,車両相互
2023,33.61147166666667,130.4601683333333,0,1,車両相互
2023,33.5804825,130.49346916666664,0,3,車両相互
2023,33.73447888888889,130.47077333333334,0,1,車両相互
2022,33.70834666666667,130.4907647222222,0,1,車両相互
2023,33.61060194444445,130.45625222222222,0,1,車両相互
2023,33.74350833333333,130.46945083333333,0,1,車両相互
2023,33.733359444444446,130.47630083333334,0,2,車両相互
2023,33.737276111111115,130.47143722222222,0,1,車両相互
2023,33.71666722222223,130.48438138888886,0,1,車両相互
2023,33.70982583333333,130.44259805555555,0,1,車両相互
2022,33.741415,130.48570055555555,0,1,車両相互
2022,33.70039666666667,130.48479666666665,0,1,車両相互
2022,33.7179075,130.46116777777777,0,3,車両相互
2022,33.69914194444444,130.4523886111111,0,2,車両相互
2023,33.609070833333334,130.4472861111111,0,3,車両相互
2023,33.613425,130.47295888888888,0,1,車両相互
2022,33.613259444444445,130.45127388888886,0,1,人対車両
2023,33.577423055555556,130.4834797222222,0,1,車両相互
2023,33.598641944444445,130.4692227777778,0,2,車両相互
2023,33.57844027777778,130.48210694444444,0,1,車両相互
2023,33.629577222222224,130.481885,0,1,車両相互
2022,33.72692055555556,130.48494138888887,0,1,車両相互
2022,33.71246055555556,130.4336175,0,1,車両相互
2023,33.628476666666664,130.48262666666668,0,1,車両相互
2023,33.601617222222224,130.4644936111111,0,1,車両相互
2022,33.58285333333334,130.48836416666666,0,1,車両相互
2023,33.61326972222222,130.4726877777778,0,2,車両相互
2023,33.73881194444444,130.48114694444445,0,1,車両相互
2023,33.59831166666667,130.4681077777778,0,1,車両相互
2022,33.73903972222222,130.47990416666667,0,1,車両相互
2023,33.71866777777778,130.46174499999998,0,1,車両相互
2022,33.70234972222222,130.48469805555555,0,2,車両相互
2022,33.728368333333336,130.46940333333333,0,1,車両相互
2022,33.62827277777778,130.47313,0,1,車両相互
2022,33.62770277777778,130.47963972222223,0,1,車両相互
2023,33.58934666666667,130.48199805555555,0,1,車両相互
2023,33.60897361111111,130.46268388888888,0,1,車両相互
2023,33.65337722222222,130.49108999999999,0,1,車両相互
2023,33.59593527777778,130.49879944444444,0,1,車両相互
2022,33.60365388888889,130.45211083333334,0,3,車両相互
2023,33.59955555555556,130.4917561111111,0,1,車両相互
2022,33.73057638888889,130.48558277777775,0,1,車両相互
2023,33.60173805555556,130.45144027777778,0,1,車両相互
2023,33.66364194444444,130.48538944444442,0,2,車両相互
2023,33.61403388888889,130.47480555555555,0,1,車両相互
2023,33.61099027777778,130.45752916666666,0,3,車両相互
2023,33.60373583333333,130.47780777777777,0,1,車両相互
2022,33.69347694444444,130.45564,0,1,車両相互
2023,33.625818611111114,130.4597063888889,0,1,車両相互
2023,33.62752527777778,130.48881666666665,0,2,車両相互
2023,33.60229638888889,130.4691475,0,1,車両相互
2023,33.72228527777778,130.46294333333333,0,1,車両相互
2023,33.6017525,130.4514683333333,0,1,人対車両
2022,33.59242833333334,130.48299805555556,0,1,車両相互
2022,33.634755,130.49388416666665,0,1,車両相互
2023,33.70200444444445,130.4508772222222,0,2,車両相互
2023,33.60946305555556,130.4476811111111,0,2,車両相互
2022,33.60850666666667,130.449825,0,4,車両相互
2023,33.656032777777774,130.49007694444444,0,1,車両相互
2022,33.70097972222222,130.44012416666666,0,1,車両相互
2023,33.683388611111106,130.48744055555554,0,1,車両相互
2023,33.585638611111115,130.48471527777775,0,1,車両相互
2023,33.679565,130.47928555555555,0,2,車両相互
2023,33.602626944444445,130.4534422222222,0,1,車両相互
2022,33.70208027777778,130.4415177777778,0,1,人対車両
2023,33.60577194444445,130.4573475,0,1,車両相互
2022,33.61730361111111,130.47511222222224,0,1,車両相互
2023,33.611780555555555,130.46581194444443,0,1,車両相互
2022,33.602695555555556,130.45388,0,1,車両相互
2022,33.700718611111114,130.47474333333332,0,1,車両相互
2023,33.653295,130.48299666666668,0,1,車両相互
2022,33.647331944444446,130.49597944444443,0,2,車両相互
2022,33.6844475,130.45399999999998,0,1,車両相互
2022,33.60059583333334,130.47214472222223,0,1,車両相互
2023,33.74711666666667,130.48235722222222,0,2,車両相互
2022,33.70509416666667,130.48464055555553,0,1,車両相互
2022,33.61469805555556,130.4531008333333,0,2,車両相互
2022,33.742041666666665,130.4789188888889,0,1,車両相互
2023,33.69342416666667,130.45397138888887,0,2,車両相互
2023,33.61802,130.48839055555555,0,1,車両相互
2023,33.69909027777778,130.4523625,0,3,車両相互
2023,33.69816611111111,130.45212916666665,0,2,車両相互
2023,33.6165575,130.49548027777777,0,4,車両相互
2023,33.60747833333333,130.4429027777778,0,1,車両相互
2023,33.704372222222226,130.4542647222222,0,1,車両相互
2023,33.578179722222224,130.49537666666666,0,1,車両相互
2023,33.720376388888894,130.4613647222222,0,1,人対車両
2023,33.618989722222224,130.49622083333333,0,1,車両相互
2023,33.61007861111111,130.4484875,0,1,車両相互
2022,33.69026611111111,130.46631,0,1,車両相互
2022,33.72439388888889,130.45804583333333,0,3,車両相互
2023,33.660916388888886,130.48660805555554,0,1,車両相互
2023,33.70209472222223,130.4419102777778,0,1,車両相互
2022,33.61358222222222,130.47339944444445,0,1,車両相互
2023,33.69924472222222,130.48501194444444,0,2,車両相互
2023,33.72762527777778,130.46642555555553,0,1,車両相互
2023,33.73909888888889,130.47979194444446,0,1,車両相互
2023,33.58450166666667,130.48001,0,1,車両相互
2023,33.707193888888895,130.43809916666666,0,1,車両相互
2023,33.622994722222224,130.4593358333333,0,1,車両相互
2023,33.65855444444444,130.48885805555554,0,2,車両相互
2022,33.61180916666667,130.46471583333332,0,3,車両相互
2023,33.606293055555554,130.44560027777777,0,1,車両相互
2023,33.62597944444445,130.46015805555555,0,1,車両相互
2022,33.710523055555555,130.44131583333333,0,1,車両相互
2022,33.608399722222224,130.47560166666668,0,1,人対車両
2023,33.57759583333333,130.49613944444442,0,1,車両相互
2023,33.69710555555555,130.48559361111109,0,1,車両相互
2023,33.53654916666667,130.4556125,0,2,車両相互
2023,33.527855277777775,130.46626944444444,0,1,人対車両
2023,33.46604194444445,130.45780722222221,0,1,車両相互
2023,33.52670638888889,130.44568083333334,0,1,人対車両
2023,33.52442333333333,130.49198388888888,0,1,人対車両
2022,33.51270972222222,130.4826538888889,0,1,車両相互
2023,33.542225555555554,130.4497636111111,0,1,車両相互
2023,33.50574638888889,130.45461527777778,0,1,車両相互
2022,33.51663,130.41722555555555,0,1,車両相互
2022,33.550034999999994,130.48081972222224,0,1,車両相互
2022,33.48439805555556,130.4160177777778,0,1,車両相互
2023,33.53326944444444,130.45918694444444,0,1,車両相互
2023,33.516849444444446,130.43995944444444,0,1,車両相互
2022,33.548209444444446,130.48055638888889,0,2,車両相互
2023,33.53648083333333,130.45491888888887,0,1,車両相互
2023,33.53395222222222,130.49118527777776,0,1,車両相互
2023,33.495470833333336,130.4190913888889,0,1,車両相互
2023,33.51615888888889,130.43687472222223,0,1,車両相互
2022,33.539162499999996,130.48099222222223,0,1,車両相互
2022,33.53432722222222,130.48213222222222,0,1,車両相互
2023,33.48402388888889,130.41613722222223,0,2,車両相互
2022,33.53913472222222,130.4404927777778,0,2,車両相互
2022,33.50740861111111,130.43935166666668,0,1,車両相互
2023,33.52449472222222,130.44467833333334,0,1,車両相互
2022,33.50508555555555,130.46138555555555,0,1,車両相互
2022,33.55249666666666,130.4774888888889,0,1,車両相互
2022,33.48442888888889,130.39114916666665,0,1,車両相互
2023,33.55285333333333,130.49323305555555,0,1,車両相互
2022,33.53763333333333,130.47227361111112,0,1,車両相互
2022,33.542161944444445,130.4448075,0,1,車両相互
2022,33.521010555555556,130.42926194444445,0,1,車両相互
2023,33.48621722222222,130.39883944444443,0,1,車両相互
2023,33.523159444444445,130.46761222222221,0,2,車両相互
2022,33.51729972222222,130.44377472222223,0,1,車両相互
2022,33.529249444444446,130.46300472222222,0,1,車両相互
2022,33.50496361111111,130.43570583333334,0,1,車両相互
2022,33.545826388888884,130.45415805555555,0,1,車両相互
2022,33.54620444444444,130.47636888888889,0,1,車両相互
2022,33.532264166666664,130.48650805555553,0,1,車両相互
2023,33.50884305555556,130.4416852777778,0,1,人対車両
2022,33.53979611111111,130.44092277777779,0,1,車両相互
2023,33.513415,130.43444250000002,0,1,車両相互
2022,33.53098333333333,130.44693472222224,0,1,車両相互
2023,33.54486083333333,130.4468738888889,0,1,車両相互
2023,33.51979055555555,130.4809475,0,1,車両相互
2022,33.50478722222222,130.4622986111111,0,1,車両相互
2022,33.53588194444444,130.45627444444443,0,1,車両相互
2023,33.514633333333336,130.43402277777778,0,1,車両相互
2023,33.537305833333335,130.47021388888888,0,1,車両相互
2023,33.54302555555555,130.45641527777778,0,1,人対車両
2023,33.54219833333333,130.44969166666667,0,3,車両相互
2023,33.52567916666666,130.4609586111111,0,1,車両相互
2022,33.51096277777778,130.4217661111111,0,1,車両相互
2023,33.523650833333335,130.47975277777778,0,1,車両相互
2022,33.52078083333333,130.4516775,0,1,人対車両
2023,33.55094722222222,130.48996749999998,0,2,車両相互
2023,33.52581694444444,130.44119722222223,0,1,車両相互
2022,33.530993055555555,130.462935,0,1,車両相互
2023,33.54576611111111,130.44284333333334,0,1,車両相互
2023,33.53717472222222,130.48845749999998,0,1,車両相互
2023,33.54044222222222,130.45148194444442,0,1,車両相互
2023,33.540373055555555,130.45160805555554,0,2,車両相互
2023,33.50490611111111,130.4793386111111,0,4,車両相互
2023,33.53808055555555,130.47981305555555,0,2,人対車両
2023,33.54342583333333,130.47895555555556,0,1,車両相互
2022,33.547483888888884,130.4473277777778,0,1,車両相互
2022,33.51956833333333,130.4251897222222,0,1,車両相互
2023,33.54320583333333,130.4485322222222,0,1,車両相互
2023,33.53870722222222,130.4448725,0,1,車両相互
2023,33.539361944444444,130.47522833333335,0,1,人対車両
2023,33.546974166666665,130.49232305555554,0,1,車両相互
2023,33.52695305555555,130.4453488888889,0,1,車両相互
2022,33.527588888888886,130.48672944444442,0,1,車両相互
2023,33.50570583333333,130.44086777777778,0,3,車両相互
2023,33.48546638888889,130.40150694444446,0,1,車両相互
2022,33.5084125,130.48392222222222,0,1,車両相互
2022,33.535843888888884,130.4563711111111,0,1,車両相互
2022,33.54040916666666,130.44551805555557,0,1,車両相互
2023,33.53176305555556,130.4610238888889,0,1,車両相互
2023,33.532628333333335,130.48995305555553,0,1,車両相互
2023,33.529357499999996,130.48271166666666,0,1,車両相互
2023,33.52101222222222,130.48582055555553,0,1,車両相互
2023,33.514285,130.42191388888887,0,1,車両相互
2023,33.533539999999995,130.48913027777778,0,1,車両相互
2022,33.494842222222225,130.47334,0,1,車両相互
2022,33.52948083333333,130.47510527777777,0,1,車両相互
2023,33.537706111111106,130.48638555555553,0,1,車両相互
2023,33.309011388888884,130.4963672222222,0,1,車両相互
2023,33.31318944444444,130.4919561111111,0,2,車両相互
2023,33.28204972222222,130.48319305555555,0,4,車両相互
2022,33.26156666666667,130.4683811111111,0,4,車両単独
2022,33.314125,130.49405666666667,0,1,車両相互
2022,33.2476825,130.4597311111111,0,1,車両相互
2022,33.277520555555554,130.4655797222222,0,1,車両相互
2022,33.28335277777778,130.49300749999998,0,1,車両相互
2022,33.316564166666666,130.49944027777775,0,3,車両相互
2022,33.31675916666667,130.49478527777777,0,1,車両相互
2022,33.31091583333333,130.49488444444444,0,1,車両相互
2022,33.322856111111115,130.4987211111111,0,1,車両相互
2023,33.241910833333336,130.41082222222224,0,1,車両相互
2023,33.29040166666667,130.49212305555554,0,1,車両相互
2023,33.27298638888889,130.47874777777778,0,1,車両相互
2023,33.31003611111111,130.49283888888888,0,1,車両相互
2023,33.23359166666667,130.45038555555556,0,1,車両相互
2023,33.21062055555556,130.41119444444445,0,1,車両相互
2023,33.21331277777778,130.3726538888889,0,2,車両相互
2023,33.191691666666664,130.38466416666665,0,1,車両相互
2022,33.22444777777778,130.42950888888888,0,1,車両相互
2022,33.19626444444444,130.47299416666667,0,1,車両相互
2023,33.20688944444445,130.49536527777775,0,1,人対車両
2023,33.211672500000006,130.40672333333333,0,1,車両相互
2023,33.20244972222223,130.38295555555555,0,1,人対車両
2023,33.209630277777784,130.44844583333332,0,1,車両相互
2022,33.218713055555554,130.442215,0,1,車両相互
2023,33.20995694444445,130.43167777777776,0,1,車両相互
2022,33.220732500000004,130.4526697222222,0,1,車両相互
2022,33.20317055555556,130.39009666666666,0,1,車両相互
2023,33.20327555555556,130.38843,0,1,車両相互
2023,33.20518277777778,130.39091027777778,0,1,車両相互
2023,33.20034777777778,130.37031444444446,0,1,車両相互
2023,33.20965805555556,130.49226249999998,0,1,車両相互
2023,33.215429722222225,130.40619527777778,0,1,車両相互
2023,33.100100000000005,130.4461625,0,1,車両相互
2023,33.094523055555555,130.45939916666666,0,1,車両相互
2022,33.154195277777774,130.4871047222222,0,1,人対車両
2023,33.16257638888889,130.42250833333333,0,1,車両相互
2023,33.17921638888889,130.4140377777778,0,1,車両相互
2023,33.10619638888889,130.45932527777776,0,1,車両相互
2022,33.15902555555555,130.3931172222222,0,1,車両相互
2023,33.15025583333333,130.473565,0,1,車両相互
2022,33.136446666666664,130.46903444444445,0,1,車両相互
2023,33.159306666666666,130.46331694444444,0,3,車両相互
2023,33.15929472222222,130.46415166666665,0,1,車両相互
2023,33.17971333333333,130.43046388888888,0,1,車両相互
2023,33.150884166666664,130.42183944444443,0,1,車両相互
2023,33.10863388888889,130.4599025,0,1,車両相互
2023,33.152456388888886,130.40269694444444,0,1,車両相互
2022,33.106485,130.45232444444443,0,1,車両相互
2023,33.179002499999996,130.45105638888887,0,1,車両相互
2023,33.07444972222223,130.47439861111113,0,4,車両相互
2023,33.07004916666667,130.49614138888887,0,1,車両相互
2023,33.04281222222222,130.456395,0,1,車両相互
2023,33.037146944444444,130.45575722222222,0,1,車両相互
2022,33.02483861111111,130.4546711111111,0,2,車両相互
2023,33.036166944444446,130.45471333333333,0,1,車両相互
2022,33.057989444444445,130.44904416666668,0,3,車両相互
2022,33.0484,130.48026555555555,0,1,人対車両
2022,33.03103194444444,130.43147944444445,0,1,車両単独
2023,33.04183888888889,130.46622027777778,0,1,人対車両
2022,33.02609777777778,130.42919083333334,0,1,車両相互
2022,33.27338888888889,130.3648613888889,0,1,車両相互
2023,33.326258333333335,130.40759166666666,0,1,車両相互
2023,33.34811777777778,130.3948513888889,0,2,車両相互
2023,33.320259444444446,130.38792527777778,0,1,車両相互
2022,33.31664694444444,130.3947486111111,0,2,車両相互
2023,33.26479972222222,130.35740027777777,0,1,車両相互
2023,33.329100000000004,130.41077416666667,0,1,車両相互
2023,33.32548111111112,130.40522472222221,0,5,車両相互
2023,33.29532722222222,130.3590213888889,0,2,車両相互
2022,33.31495888888889,130.37469833333333,0,1,車両相互
2023,33.308006666666664,130.37025416666668,0,3,車両相互
2023,33.25096055555556,130.4056788888889,0,1,車両相互
2023,33.27448805555555,130.3697713888889,0,1,車両相互
2023,33.30370694444444,130.3681575,0,1,車両相互
2023,33.30733305555555,130.36758166666667,0,1,車両相互
2023,33.263352222222224,130.404995,0,4,車両相互
2023,33.32214944444445,130.39445944444444,0,2,車両相互
2023,33.30383166666666,130.36829,0,1,車両相互
2023,33.32617611111112,130.39203277777776,0,1,車両相互
2023,33.2807575,130.36381305555554,0,1,車両相互
2023,33.306910277777774,130.35586333333333,0,1,車両相互
2023,33.31181194444444,130.37331305555557,0,1,人対車両
2023,33.31831972222223,130.38194777777778,0,1,車両相互
2023,33.26771166666666,130.35999916666665,0,1,車両相互
2023,33.26079583333333,130.34569583333334,0,1,車両相互
2023,33.29974,130.3766038888889,0,1,車両相互
2023,33.32687111111112,130.35283944444444,0,1,車両相互
2023,33.32027138888889,130.3923275,0,1,車両相互
2023,33.34970611111111,130.41249083333335,0,1,車両相互
2022,33.363642500000005,130.46029694444442,0,1,車両相互
2023,33.32679027777778,130.42509194444443,0,1,人対車両
2023,33.32583555555556,130.47600277777778,0,1,車両相互
2022,33.342306666666666,130.48118722222222,0,2,車両相互
2022,33.3699675,130.47947444444443,0,1,車両相互
2022,33.2995125,130.45177694444445,0,1,車両単独
2023,33.334831944444446,130.48017305555555,0,1,車両相互
2022,33.3512275,130.4626711111111,0,1,車両相互
2023,33.38312361111111,130.49925333333331,0,1,車両相互
2023,33.343382500000004,130.4426386111111,0,1,車両相互
2023,33.33296416666667,130.42664277777777,0,1,車両相互
2022,33.37823027777778,130.49318666666665,0,1,車両相互
2023,33.299904999999995,130.22236472222224,0,2,車両相互
2022,33.293769166666664,130.2001061111111,0,2,車両相互
2023,33.26891861111111,130.19233305555557,0,1,車両相互
2022,33.27803138888889,130.1576913888889,0,2,車両相互
2022,33.296773333333334,130.17389444444444,0,1,車両相互
2023,33.26322361111111,130.23486888888888,0,1,車両相互
2023,33.26262333333333,130.23172444444444,0,3,車両相互
2023,33.277026388888885,130.2265725,0,1,車両相互
2023,33.260176944444446,130.2072186111111,0,1,車両相互
2023,33.27975361111111,130.2131011111111,0,1,人対車両
2023,33.277921388888885,130.21464527777778,0,1,車両相互
2023,33.28937388888889,130.1093686111111,0,1,車両相互
2023,33.28144388888889,130.2117936111111,0,1,車両相互
2023,33.2983975,130.22075305555555,0,1,車両相互
2022,33.2450075,130.19046,0,1,車両相互
2023,33.28598833333333,130.20814805555554,0,1,車両相互
2023,33.23404583333333,130.1817086111111,0,1,車両相互
2023,33.296103333333335,130.1891925,0,1,車両相互
2023,33.28080083333333,130.15607222222224,0,1,車両相互
2023,33.24731083333334,130.2129911111111,0,1,人対車両
2023,33.43282222222222,129.9983225,0,3,車両相互
2023,33.47045833333333,129.94498916666666,0,2,車両相互
2023,33.42446555555555,129.98736416666665,0,1,車両相互
2023,33.424482777777776,129.98720361111108,0,1,車両相互
2022,33.43781222222222,129.98775527777775,0,2,車両相互
2023,33.46678027777778,130.0389952777778,0,2,車両相互
2023,33.446532499999996,129.98863666666665,0,1,車両相互
2023,33.43123222222222,129.98136194444444,0,1,人対車両
2022,33.448700555555554,129.97374694444446,0,1,車両相互
2023,33.437458888888884,130.02845416666668,0,1,車両相互
2023,33.43674222222222,130.01234,0,1,人対車両
2022,33.43528111111111,130.0070161111111,0,1,車両相互
2023,33.367985833333336,130.0005886111111,0,1,車両相互
2023,33.43523888888888,130.00649472222221,0,1,人対車両
2023,33.44702583333333,129.9752325,0,1,車両相互
2023,33.41558527777778,129.9937225,0,1,車両相互
2023,33.43009361111111,130.05142972222222,0,1,人対車両
2023,33.435222499999995,130.00633555555555,0,1,車両相互
2023,33.53124694444444,129.89193583333332,0,2,車両相互
2023,33.41675305555555,129.98548499999998,0,1,車両相互
2023,33.43116055555555,129.98141944444444,0,1,車両相互
2023,33.467911666666666,129.95674,0,1,車両相互
2023,33.438763055555555,129.97553027777778,0,1,車両相互
2023,33.451796944444446,129.9745663888889,0,1,車両相互
2023,33.44308611111111,129.9671675,0,1,人対車両
2023,33.35803888888889,130.00459194444446,0,5,車両相互
2023,33.40179444444444,129.9654811111111,0,1,車両相互
2023,33.446283888888885,129.9576486111111,0,1,車両相互
2023,33.42440527777777,129.9942536111111,0,1,車両相互
2023,33.39174027777778,129.98130138888888,0,2,車両相互
2023,33.424524444444444,130.00121277777777,0,1,車両相互
2023,33.402163888888886,129.96652027777776,0,1,車両相互
2023,33.44320111111111,129.92390833333332,0,2,車両相互
2023,33.53912388888889,129.89476333333332,0,1,人対車両
2023,33.445771388888886,129.9697538888889,0,2,車両相互
2022,33.27775805555555,129.8837236111111,0,2,車両相互
2022,33.19839111111111,129.87384694444447,0,1,車両相互
2022,33.19057055555555,129.86676583333335,0,2,車両相互
2023,33.26698138888889,129.8663086111111,0,2,車両相互
2023,33.30667194444444,129.9259997222222,0,1,車両相互
2022,33.277459444444446,129.8683688888889,0,1,車両相互
2023,33.275935,129.8689625,0,1,車両相互
2023,33.17886138888888,129.85191055555555,0,1,車両相互
2023,33.272914166666666,129.8903997222222,0,1,車両相互
2023,33.269597499999996,129.87037694444444,0,1,車両相互
2023,33.19401722222222,129.85666833333332,0,1,車両相互
2023,33.265388055555555,129.86478583333331,0,2,車両相互
2023,33.27682583333333,129.8690327777778,0,1,車両相互
2023,33.260758333333335,129.85200583333332,0,1,車両相互
2023,33.31339777777777,129.9290286111111,0,1,人対車両
2023,33.186805,129.89432916666667,0,2,車両相互
2023,33.18228305555555,129.88160972222224,0,1,車両相互
2023,33.293634999999995,129.8308036111111,0,1,車両相互
2023,33.187514166666666,129.87613777777779,0,1,人対車両
2023,33.192255277777775,130.0245152777778,0,2,車両相互
2023,33.19270333333333,130.01851861111112,0,1,人対車両
2022,33.21496694444445,129.97923083333333,0,1,車両相互
2023,33.19302305555555,130.02302500000002,0,1,車両相互
2023,33.215112500000004,130.09270444444445,0,1,車両相互
2022,33.19202,130.01334472222223,0,1,車両相互
2023,33.199684999999995,130.03656,0,1,車両相互
2023,33.19562388888889,130.02847694444446,0,1,車両相互
2023,33.19088555555555,130.0151711111111,0,2,車両相互
2023,33.19034277777777,130.03558972222223,0,1,車両相互
2023,33.19633722222222,130.0323888888889,0,1,人対車両
2022,33.21955722222222,130.1510702777778,0,1,車両相互
2022,33.21058583333333,130.15261083333334,0,1,車両相互
2023,33.212741944444446,130.11224222222222,0,2,車両相互
2023,33.21694388888889,130.13556888888888,0,1,車両相互
2023,33.143953055555556,130.14664916666666,0,3,車両相互
2022,33.21781638888889,130.15705722222222,0,1,車両相互
2023,33.13375555555555,130.1122675,0,1,車両相互
2022,33.09953305555556,130.10830277777777,0,2,車両相互
2023,33.11017805555556,130.0003313888889,0,1,車両相互
2022,33.12572388888889,130.1016072222222,0,1,車両相互
2023,33.107685277777776,130.08541583333334,0,1,車両相互
2023,33.112519444444445,130.08687222222224,0,1,車両相互
2023,33.023158055555555,130.1775111111111,0,3,車両相互
2023,33.116233055555554,130.00177666666667,0,1,車両相互
2023,33.159752499999996,130.0619475,0,1,車両相互
2023,33.07585138888889,130.1092072222222,0,2,車両相互
2023,33.02858722222222,130.1761138888889,0,1,人対車両
2023,33.08969416666667,130.10314,0,2,車両相互
2023,33.12036166666667,130.09250055555557,0,1,車両相互
2023,33.11836888888889,130.0014402777778,0,1,人対車両
2023,33.08163916666667,130.13805499999998,0,1,車両相互
2023,33.112414722222226,130.08525277777778,0,1,車両相互
2023,33.12160388888889,130.09572694444446,0,2,車両相互
2022,33.24136027777778,130.27777583333335,0,1,車両相互
2023,33.218943611111115,130.33010166666665,0,1,車両相互
2022,33.262436666666666,130.3034838888889,0,1,車両相互
2022,33.256233055555555,130.27435277777778,0,1,車両相互
2022,33.234295,130.23926055555555,0,1,車両相互
2022,33.238863055555555,130.30165666666667,0,1,車両相互
2023,33.260889722222224,130.30332694444445,0,1,車両相互
2022,33.22009666666667,130.24604055555554,0,1,車両相互
2022,33.23190805555556,130.33390861111113,0,1,車両相互
2023,33.24925138888889,130.2875125,0,2,車両相互
2023,33.243563611111114,130.2830788888889,0,1,車両相互
2022,33.19759833333333,130.30792611111113,0,4,車両相互
2023,33.243027777777776,130.27695083333336,0,1,車両相互
2023,33.246387500000004,130.2845725,0,1,人対車両
2023,33.258900833333335,130.31141333333335,0,2,車両相互
2022,33.254935833333334,130.27665611111112,0,1,車両相互
2023,33.23229666666667,130.33190166666665,0,1,車両相互
2022,33.24689027777778,130.33620333333334,0,1,車両相互
2023,33.23945277777778,130.29215277777777,0,2,車両相互
2022,33.25459027777778,130.29321166666668,0,1,人対車両
2023,33.244030555555554,130.24692555555555,0,2,車両相互
2023,33.24833527777778,130.23741694444442,0,1,車両相互
2022,33.1971,130.3146291666667,0,1,車両相互
2023,33.22211083333333,130.36269777777778,0,1,車両相互
2023,33.26280583333333,130.3053661111111,0,1,人対車両
2023,33.25342083333334,130.32123777777778,0,1,車両相互
2023,33.230117222222226,130.36036416666667,0,1,人対車両
2022,33.25411805555556,130.29884166666668,0,1,車両相互
2023,33.25452,130.31408055555556,0,1,車両相互
2022,33.26095222222222,130.30666666666667,0,1,車両相互
2023,33.253011666666666,130.31252361111112,0,1,車両相互
2023,33.24953222222222,130.31353000000001,0,1,車両相互
2023,33.239988333333336,130.31298444444445,0,1,車両相互
2023,33.25608944444444,130.27076027777778,0,1,車両相互
2023,33.21261972222222,130.3353875,0,1,車両相互
2023,33.25722388888889,130.30479083333336,0,1,車両相互
2023,33.2543275,130.3126141666667,0,1,車両相互
2023,33.25938055555556,130.29420833333333,0,1,車両相互
2023,33.25432055555556,130.3125463888889,0,2,車両相互
2023,33.25434083333333,130.3272088888889,0,4,車両相互
2023,33.25983388888889,130.2987713888889,0,1,車両相互
2023,33.256162777777774,130.2718113888889,0,1,人対車両
2023,33.24194222222222,130.3021911111111,0,1,車両相互
2023,33.23182333333334,130.25752805555555,0,1,車両相互
2023,33.26025861111111,130.29957777777778,0,1,車両相互
2023,33.26112861111111,130.30383083333334,0,2,車両相互
2023,33.252831388888886,130.31257944444445,0,1,車両相互
2023,33.250302222222224,130.29579277777776,0,1,車両相互
2023,33.27709138888889,130.30860333333334,0,1,車両相互
2023,33.27481611111111,130.29850027777778,0,1,車両単独
2022,33.27768638888889,130.26971583333335,0,1,車両相互
2023,33.27954138888889,130.26980861111113,0,1,車両相互
2022,33.27533222222222,130.29899444444445,0,1,車両相互
2023,33.274657222222224,130.30615166666666,0,1,車両相互
2023,33.26643555555555,130.25409666666667,0,2,車両相互
2022,33.268571944444446,130.29651833333332,0,1,車両相互
2023,33.27822694444444,130.29889722222222,0,1,車両相互
2022,33.26781388888889,130.30151500000002,0,1,車両相互
2023,33.269845277777776,130.28690527777778,0,3,車両相互
2022,33.25926527777778,130.2931372222222,0,1,車両相互
2023,33.267559444444444,130.2966377777778,0,1,人対車両
2023,33.26116555555556,130.272635,0,1,車両相互
2022,33.26358138888889,130.2946836111111,0,1,車両相互
2023,33.32231222222222,130.31119916666668,0,2,車両相互
2023,33.26772138888889,130.27795916666668,0,1,車両相互
2023,33.264655,130.27558361111113,0,2,車両相互
2023,33.31265888888888,130.2801202777778,0,1,車両相互
2023,33.2976825,130.28157694444445,0,2,車両相互
2023,33.26351888888889,130.26281777777777,0,2,車両相互
2023,33.27443916666667,130.29426083333334,0,1,車両相互
2023,33.273249166666666,130.28510055555554,0,1,車両相互
2023,33.31823305555556,130.26691361111114,0,1,車両相互
2023,33.31904194444445,130.27504000000002,0,1,車両相互
2023,33.27457638888889,130.29376416666668,0,1,車両単独
2023,33.309172222222216,130.28166222222222,0,1,人対車両
2023,33.29697833333333,130.28197305555557,0,1,車両単独
2023,33.26512527777778,130.2990986111111,0,1,車両相互
2022,33.26385194444445,130.30216305555555,0,1,車両相互
2022,33.311031388888885,130.2892225,0,1,車両相互
2023,33.2867725,130.2631722222222,0,1,車両相互
2023,33.280119444444445,130.28441583333333,0,1,車両相互
2023,33.29468472222222,130.2980488888889,0,3,車両相互
2023,33.275954444444444,130.30293527777778,0,1,車両相互
2023,33.30495194444444,130.34008527777777,0,1,車両相互
2023,33.31276,130.25223666666668,0,2,車両相互
2022,33.275882777777774,130.27313472222224,0,1,車両相互
2023,33.30682583333333,130.2495561111111,0,1,車両相互
2023,33.27309638888889,130.3001452777778,0,1,車両相互
2023,33.284571388888885,130.28373083333332,0,1,車両相互
2023,33.26283166666666,130.3176638888889,0,1,車両相互
2023,33.27258222222222,130.2757388888889,0,1,車両相互
2023,33.315237499999995,130.30109611111112,0,1,車両相互
2023,33.26378805555556,130.290655,0,1,車両相互
2023,33.27899861111111,130.29843055555554,0,1,車両相互
2022,32.78663972222222,129.9498438888889,0,1,車両相互
2023,33.15035222222222,129.74183277777777,0,2,車両相互
2022,32.73669833333334,129.88798333333332,0,1,車両相互
2022,32.750700277777774,129.87233111111112,0,1,人対車両
2022,32.74380527777778,129.8814075,0,1,車両相互
2022,32.75044305555556,129.87369305555558,0,1,車両相互
2022,32.75120111111111,129.87818194444446,0,1,車両相互
2022,32.756836944444444,129.86532277777778,0,1,車両相互
2022,32.7452825,129.87428583333335,0,1,車両相互
2022,32.743228055555555,129.87834972222223,0,1,人対車両
2022,32.77032777777778,129.95348305555555,0,1,車両相互
2023,32.751239444444444,129.86843222222222,0,1,車両相互
2022,32.77555944444445,129.95435916666665,0,1,車両相互
2023,32.740185833333335,129.8743352777778,0,1,車両相互
2022,32.76397388888889,129.86098305555555,0,1,車両相互
2023,32.7445375,129.87540694444445,0,1,車両単独
2023,32.76372638888889,129.86389972222221,0,1,人対車両
2022,32.758338611111114,129.86810333333335,0,1,車両相互
2022,32.75440777777778,129.88465722222222,0,1,車両相互
2022,32.7437975,129.88019555555556,0,1,人対車両
2022,32.745554722222224,129.86083833333333,0,2,車両相互
2023,32.746004166666665,129.8720661111111,0,1,人対車両
2023,32.74223611111111,129.87596055555557,0,1,人対車両
2023,32.76897805555556,129.8516011111111,0,1,車両相互
2022,32.74872444444445,129.87791416666667,0,1,車両相互
2023,32.76070583333333,129.8657825,0,1,車両相互
2023,32.786880833333335,129.94771472222223,0,1,車両相互
2023,32.75221277777778,129.88824027777778,0,1,車両相互
2023,32.74317444444444,129.85417999999999,0,1,車両相互
2023,32.67869722222222,129.9005686111111,0,1,車両相互
2022,32.74619361111111,129.8708763888889,0,1,人対車両
2023,32.751358333333336,129.87330444444444,0,2,車両相互
2023,32.74537611111111,129.87365416666668,0,1,車両相互
2023,32.75549138888889,129.86932722222224,0,1,人対車両
2023,32.746116111111114,129.83073305555556,0,1,車両相互
2023,32.763755,129.86224611111112,0,1,車両相互
2023,32.72033277777778,129.89729055555554,0,1,車両相互
2023,32.76230416666667,129.86562305555555,0,1,車両相互
2023,32.76040777777778,129.94260666666668,0,1,車両相互
2023,32.76383833333333,129.86578555555556,0,1,人対車両
2023,32.74124361111111,129.87332305555557,0,1,車両相互
2022,32.7282925,129.8891463888889,0,1,車両相互
2023,32.73495972222222,129.83791194444444,0,1,車両相互
2023,32.749604444444444,129.87116972222222,0,1,車両相互
2022,32.72047583333334,129.85700444444444,0,1,車両相互
2023,32.707998611111115,129.85054888888888,0,1,車両相互
2022,32.738349722222225,129.87079722222222,0,1,車両相互
2023,32.70268111111111,129.847465,0,1,車両相互
2023,32.683524166666665,129.84028555555557,0,1,車両相互
2023,32.70160833333333,129.84729972222223,0,1,車両相互
2023,32.734968611111114,129.87199805555557,0,1,車両相互
2022,32.805996666666665,129.89761805555554,0,1,車両相互
2022,32.810336666666664,129.82968305555556,0,2,車両相互
2022,32.80565972222222,129.84917833333336,0,1,車両相互
2022,32.7990875,129.85388583333332,0,1,車両相互
2023,32.77170722222222,129.86297277777777,0,1,車両相互
2023,32.77921333333333,129.8641538888889,0,1,車両相互
2023,32.80771361111111,129.83665833333333,0,1,人対車両
2023,32.80307055555555,129.85342444444444,0,1,車両相互
2023,32.79364888888889,129.875965,0,1,車両相互
2023,32.78106722222222,129.8607272222222,0,1,人対車両
2023,32.80723222222222,129.84277055555557,0,1,車両相互
2022,32.80526611111111,129.8489886111111,0,1,車両相互
2023,32.77832111111111,129.86187583333333,0,1,車両相互
2023,32.80045916666666,129.8535261111111,0,1,人対車両
2023,32.768665,129.86403916666666,0,1,車両相互
2023,32.787347499999996,129.87068916666666,0,1,車両相互
2023,32.78187472222222,129.8260225,0,1,人対車両
2023,32.77074694444445,129.86393555555554,0,1,車両相互
2023,32.776874166666666,129.85113166666667,0,1,車両相互
2023,32.81403666666667,129.92865638888887,0,1,車両相互
2023,32.783650277777774,129.8624375,0,3,車両相互
2023,32.78109972222222,129.8608113888889,0,1,車両相互
2023,32.79503972222222,129.86074083333332,0,1,車両相互
2023,32.79386083333333,129.86029805555555,0,1,人対車両
2023,32.802094999999994,129.88120333333333,0,1,車両相互
2022,32.827578611111115,129.78068222222223,0,1,車両相互
2022,32.81903166666667,129.8016325,0,1,車両相互
2022,32.84536,129.8326086111111,0,1,車両単独
2022,32.84162555555556,129.8363763888889,0,1,車両相互
2023,32.861825,129.78610583333332,0,1,車両相互
2023,32.86537277777778,129.79113305555555,0,2,車両相互
2023,32.822407222222225,129.8323761111111,0,1,車両相互
2023,32.81559166666666,129.86156,0,1,車両相互
2022,32.84004027777778,129.8375961111111,0,2,車両相互
2022,33.04719861111111,129.74927722222222,0,1,車両相互
2022,32.83283361111111,130.07797833333333,0,1,車両相互
2022,32.83441722222222,130.11351416666665,0,2,車両相互
2023,32.86915055555556,130.03118083333334,0,2,車両相互
2022,32.823618055555556,129.97445,0,1,車両相互
2022,32.8248,130.05396555555558,0,1,車両相互
2022,32.84297027777778,130.05107055555555,0,1,車両相互
2023,32.82546694444445,130.03912055555554,0,1,車両相互
2022,32.83439277777778,130.11357388888888,0,1,車両相互
2022,32.7972725,130.0823325,0,1,車両相互
2023,32.819630000000004,129.9699711111111,0,2,車両相互
2023,32.919397499999995,130.1844186111111,0,2,車両相互
2023,32.82999666666667,129.99156638888888,0,1,車両相互
2023,32.83411277777778,130.13172833333334,0,3,車両相互
2023,32.83763305555556,130.0379625,0,5,車両相互
2022,32.842128333333335,130.0371425,0,1,人対車両
2023,32.837448333333334,130.01220444444445,0,1,車両相互
2023,32.82289416666667,129.97364416666667,0,1,車両相互
2023,32.82340333333334,130.0093186111111,0,2,車両相互
2023,32.825878333333335,129.97748166666668,0,1,車両相互
2023,32.833046111111116,130.0666216666667,0,1,車両相互
2023,32.829186944444444,129.99517277777775,0,1,車両相互
2023,32.791331388888885,130.06449361111112,0,1,車両相互
2023,32.84173777777778,130.06333305555557,0,1,車両相互
2023,32.82600361111111,130.03719166666667,0,1,人対車両
2023,32.88330138888889,130.10709138888888,0,2,車両相互
2023,32.85443111111111,130.06853583333333,0,2,車両相互
2023,32.82499416666667,130.0114252777778,0,1,人対車両
2023,32.909658888888885,130.1411025,0,1,車両相互
2023,32.84363972222222,130.03895916666667,0,1,人対車両
2023,32.85191666666667,130.03028833333335,0,1,車両単独
2023,32.8410875,130.01368833333333,0,1,人対車両
2022,32.84892333333334,130.04705416666667,0,1,車両相互
2023,32.83282833333334,130.13628,0,2,車両相互
2023,32.829882222222224,129.9862661111111,0,2,車両相互
2023,32.829235833333335,129.99941388888888,0,1,車両相互
2023,32.819745000000005,130.0168661111111,0,1,車両相互
2023,32.825228055555556,130.01152,0,1,車両相互
2023,32.837539722222225,130.01718333333335,0,3,車両相互
2023,32.85266138888889,130.04569805555556,0,1,車両相互
2023,32.800442499999996,130.05350083333335,0,4,車両相互
2023,32.84458166666667,130.04579055555556,0,2,車両相互
2023,32.91654861111111,130.1740747222222,0,2,車両相互
2023,32.83571833333333,130.0574836111111,0,2,車両相互
2023,32.83022694444445,129.9899661111111,0,2,車両相互
2023,32.85408416666667,130.04473305555555,0,1,車両相互
2023,32.85019722222222,130.0630013888889,0,1,車両相互
2023,32.82159,129.97191777777778,0,1,車両相互
2023,32.86251777777778,130.02762916666669,0,1,人対車両
2023,32.84887861111111,130.02871083333335,0,1,車両相互
2023,32.875259166666666,130.0963038888889,0,1,車両相互
2023,32.83189444444445,130.00112694444445,0,1,車両相互
2023,32.83612388888889,130.10778027777778,0,1,車両相互
2023,32.84668888888889,130.01117861111112,0,1,車両相互
2023,32.83738527777778,130.0973027777778,0,1,車両相互
2023,32.85400722222222,130.04085944444444,0,1,車両相互
2023,32.769423333333336,130.37249527777777,0,1,車両相互
2022,32.66351722222222,130.3151691666667,0,1,車両相互
2022,32.72004388888889,130.35410861111112,0,1,車両相互
2022,32.739181111111115,130.34757916666666,0,1,車両相互
2023,32.713478333333335,130.34718722222223,0,1,車両相互
2022,32.83487138888889,130.18288249999998,0,4,車両相互
2023,32.78770972222222,130.1930175,0,2,車両相互
2023,32.794688055555554,130.1825822222222,0,4,車両相互
2023,32.840221944444444,130.1924038888889,0,1,車両相互
2022,32.7282225,130.20689694444442,0,3,車両相互
2022,32.796212777777775,130.16404111111112,0,3,車両相互
2022,32.83685222222223,130.21352833333333,0,4,車両相互
2022,32.749948333333336,130.2093672222222,0,1,人対車両
2023,32.91529166666667,129.94786416666668,0,1,車両相互
2023,32.93767083333333,129.96454555555553,0,1,車両相互
2022,32.95655333333334,129.9431852777778,0,2,車両相互
2022,32.944221666666664,129.94818916666668,0,1,人対車両
2023,32.920343055555556,129.94927694444445,0,2,車両相互
2023,32.91258444444444,129.94874444444446,0,1,人対車両
2023,32.959630833333335,129.9425011111111,0,4,車両相互
2023,32.91242527777778,129.94969305555557,0,1,車両相互
2023,32.89828583333333,129.95990027777776,0,1,車両相互
2023,32.849585000000005,130.00797666666668,0,1,車両相互
2023,32.9369625,129.96405166666665,0,1,車両相互
2023,32.867354444444445,129.98295833333333,0,1,車両相互
2023,32.92323916666666,129.9650175,0,1,車両相互
2023,32.938157777777775,129.96481305555554,0,5,車両相互
2023,32.92743111111111,129.93789805555556,0,1,車両相互
2023,32.9227275,129.94233083333333,0,1,人対車両
2022,32.92895194444444,129.95096999999998,0,2,車両相互
2023,32.924143888888885,129.94847666666666,0,1,人対車両
2023,32.932109999999994,129.98437888888887,0,1,車両相互
2023,32.89350388888889,129.97544555555555,0,1,車両相互
2023,32.909750833333334,129.94846777777778,0,1,車両相互
2022,33.138707777777775,129.92155666666665,0,1,車両相互
2022,33.07430333333334,129.82326361111112,0,4,車両相互
2022,33.04022166666667,129.90774833333333,0,1,車両相互
2022,33.012595833333336,129.945725,0,1,車両相互
2023,33.145295833333336,129.90041083333332,0,2,車両相互
2023,33.05924972222222,129.84792666666667,0,1,車両相互
2023,33.14591027777778,129.77779138888891,0,2,車両相互
2022,33.14463888888889,129.8216525,0,1,車両相互
2022,33.14290916666667,129.83932361111113,0,1,人対車両
2022,33.149748055555555,129.7812311111111,0,1,車両相互
2023,33.14535361111111,129.7790213888889,0,2,車両相互
2023,33.0979175,129.79274444444445,0,1,車両相互
2023,33.159710555555556,129.83151166666667,0,1,車両相互
2022,33.07899805555556,129.75581166666666,0,1,車両相互
2023,33.12335138888889,129.7998086111111,0,1,車両相互
2023,33.139648888888885,129.80342666666667,0,1,人対車両
2023,33.141485555555555,129.842095,0,1,車両相互
2023,33.12237416666667,129.7997572222222,0,1,車両相互
2022,33.08746083333334,129.78194055555556,0,1,車両単独
2022,33.20682222222222,129.72662694444443,0,1,人対車両
2023,33.15927416666666,129.7396436111111,0,1,車両相互
2022,33.21015055555556,129.72466916666667,0,3,車両相互
2022,33.160850277777776,129.73132055555556,0,3,車両相互
2023,33.15766555555555,129.7569225,0,1,車両相互
2023,33.17368194444444,129.7202836111111,0,1,車両相互
2023,33.16110388888889,129.74888888888887,0,1,車両相互
2023,33.17142472222222,129.7187375,0,1,車両相互
2023,33.15642138888889,129.7511661111111,0,1,人対車両
2023,33.15814638888889,129.74655777777775,0,1,人対車両
2022,33.1974525,129.7853022222222,0,1,車両単独
2023,33.18533138888888,129.7176838888889,0,1,人対車両
2023,33.1587025,129.7495222222222,0,1,車両相互
2023,33.156284444444445,129.76891277777779,0,1,車両相互
2023,33.16904583333333,129.7142233333333,0,1,車両相互
2023,33.167030555555556,129.69937916666666,0,1,車両相互
2023,33.15762361111111,129.743755,0,2,車両相互
2022,33.17483277777777,129.67124444444443,0,1,車両相互
2023,33.18228361111111,129.67186138888889,0,1,車両相互
2022,33.18505444444444,129.6615152777778,0,1,車両相互
2023,33.23379805555555,129.6411636111111,0,2,車両相互
2023,33.36678444444445,129.65526,0,2,車両相互
2023,33.32662833333334,129.70570138888888,0,2,車両相互
2023,33.381255,129.55711333333335,1,0,人対車両
2023,33.33963166666667,129.50767166666665,0,2,車両相互
2023,33.34060527777778,129.50532055555556,0,3,車両相互
2023,33.35780861111111,129.43171138888889,0,1,人対車両
2023,33.81728805555556,129.75596472222222,0,2,車両相互
2023,34.28324361111111,129.31877305555554,0,1,車両相互
2022,32.96000777777778,130.47513305555555,0,1,車両相互
2022,32.99354527777778,130.43266194444445,0,1,車両相互
2023,32.98428472222222,130.4499575,0,2,車両相互
2022,32.979595555555555,130.46983805555556,0,1,車両相互
2022,32.95995305555556,130.47525,0,1,車両相互
2022,32.99619722222222,130.43970083333335,0,1,人対車両
2022,32.95945583333334,130.46290166666665,0,2,車両相互
2023,32.959385555555556,130.48160416666667,0,1,車両相互
2022,32.456741111111114,130.22054111111112,0,1,車両相互
2022,32.435182499999996,130.1791811111111,0,1,車両相互
2023,32.455668055555556,130.1937411111111,0,2,車両相互
2022,32.52708861111111,130.42480638888887,0,1,車両相互
2022,32.59255666666667,130.4307397222222,0,2,車両相互
2023,32.499651666666665,130.39277416666667,0,1,車両相互
2023,33.569788888888894,130.2489997222222,0,2,車両相互
2022,33.53248611111111,130.49800305555553,0,3,車両相互
2023,33.54156472222222,130.4850811111111,0,1,車両相互
2023,33.625142777777775,130.41570722222224,0,1,車両相互
2023,33.573103888888895,130.28202805555557,0,1,車両相互
2023,33.54170166666667,130.43157416666665,0,4,車両相互
2023,33.60062222222222,130.40927055555557,0,2,車両相互
2023,33.6065775,130.40886944444446,0,2,車両相互
2023,33.55945527777777,130.47022583333333,0,1,車両相互
2022,33.66264833333333,130.41564194444445,0,3,車両相互
2023,33.62421861111111,130.41529944444446,0,2,車両相互
2023,33.65581805555556,130.48287027777778,0,1,車両相互
2023,33.71782666666667,130.4926175,0,1,車両相互
2022,33.59231916666667,130.4036477777778,0,1,人対車両
2023,33.59248388888889,130.37971555555555,0,1,車両相互
2023,33.58200166666667,130.3758363888889,0,1,車両相互
2023,33.59032333333334,130.3706525,0,1,車両相互
2023,33.59495916666667,130.394795,0,1,車両相互
2023,33.574645000000004,130.37834777777778,0,1,人対車両
2022,33.590265,130.37501666666668,0,1,人対車両
2023,33.579711111111116,130.40884305555556,0,1,車両相互
2023,33.58003027777778,130.38767805555554,0,1,車両相互
2022,33.59188777777778,130.39730972222222,0,1,人対車両
2022,33.57808694444445,130.3797052777778,0,1,車両単独
2023,33.58253722222223,130.39670666666666,0,1,車両相互
2023,33.578383611111114,130.37849916666667,0,1,人対車両
2023,33.574489444444445,130.40593833333335,0,1,車両相互
2023,33.56576111111111,130.37787333333335,0,2,車両相互
2023,33.578563888888894,130.37922722222223,0,1,車両相互
2023,33.58813222222223,130.39080222222222,0,1,人対車両
2023,33.577780277777784,130.39178944444444,0,2,車両相互
2023,33.59508805555556,130.3985711111111,0,1,車両相互
2023,33.578519722222225,130.39824277777777,0,2,車両相互
2023,33.58965416666667,130.39291694444444,0,1,車両相互
2023,33.590430000000005,130.3917772222222,0,3,車両相互
2023,33.581497500000005,130.39703777777777,0,1,人対車両
2023,33.58269694444445,130.40577361111113,0,1,車両相互
2023,33.586041111111115,130.39640027777776,0,2,車両相互
2022,33.589358611111116,130.40130472222222,0,1,車両相互
2023,33.576956111111116,130.40110722222224,0,1,車両相互
2023,33.5799175,130.40825194444446,0,1,車両相互
2022,33.582369722222225,130.40436694444446,0,1,車両相互
2022,33.57672,130.40030000000002,0,1,車両相互
2022,33.58992083333334,130.39940527777776,0,1,車両相互
2023,33.57953888888889,130.40003472222222,0,1,車両相互
2022,33.57692111111111,130.37620222222222,0,2,車両相互
2023,33.58858583333333,130.38501194444444,0,1,車両相互
2023,33.585950833333335,130.39610805555554,0,1,車両相互
2023,33.58686166666667,130.4077186111111,0,1,車両相互
2023,33.58168916666667,130.37370555555557,0,1,車両相互
2023,33.57405194444445,130.4051411111111,0,1,車両相互
2023,33.58693027777778,130.4076088888889,0,1,車両相互
2023,33.58532138888889,130.40506722222221,0,1,車両相互
2023,33.59459583333334,130.39417944444443,0,1,車両相互
2023,33.59278666666667,130.38590944444445,0,1,車両相互
2023,33.58493444444445,130.4039977777778,0,1,車両相互
2023,33.58258138888889,130.40549333333334,0,1,車両相互
2023,33.581676111111115,130.40274166666669,0,1,車両相互
2023,33.577871944444446,130.3820166666667,0,2,車両相互
2023,33.59048777777778,130.39587138888888,0,4,車両相互
2023,33.56675805555556,130.39383638888887,0,1,車両相互
2023,33.58600611111111,130.39053805555554,0,2,車両相互
2023,33.57554805555556,130.40268222222224,0,1,車両相互
2023,33.5885825,130.40620416666667,0,1,車両相互
2023,33.58255472222223,130.40647388888888,0,1,車両相互
2023,33.58728138888889,130.39038472222222,0,1,人対車両
2023,33.58654694444445,130.39540472222222,0,1,人対車両
2023,33.58643638888889,130.39729916666667,0,1,車両相互
2023,33.58697888888889,130.4070413888889,0,1,車両相互
2023,33.5846825,130.38998833333332,0,1,車両相互
2023,33.592418611111114,130.36266,0,1,人対車両
2023,33.576413888888894,130.40157805555558,0,2,車両相互
2023,33.57494833333334,130.42199694444443,0,1,車両相互
2023,33.58271166666667,130.42534972222222,0,2,車両相互
2023,33.594952500000005,130.40364250000002,0,1,人対車両
2022,33.59718111111111,130.43530305555555,0,1,車両相互
2023,33.566626388888885,130.44128694444444,0,1,車両相互
2023,33.59825583333333,130.4194375,0,1,車両相互
2023,33.58900194444445,130.43065666666666,0,1,車両相互
2023,33.58549527777778,130.43849111111112,0,1,車両相互
2023,33.5789975,130.41951027777776,0,1,車両相互
2022,33.564278611111106,130.46780972222223,0,1,車両相互
2023,33.598557500000005,130.43603777777778,0,2,車両相互
2022,33.58739666666667,130.4220986111111,0,1,車両相互
2023,33.59478027777778,130.41031194444446,0,1,人対車両
2023,33.560044999999995,130.44866694444445,0,2,車両相互
2023,33.55186527777777,130.46249777777777,0,1,車両相互
2022,33.56673416666667,130.4607783333333,0,1,車両相互
2023,33.60660333333333,130.4254061111111,0,1,人対車両
2023,33.60235194444444,130.41167305555555,0,1,車両相互
2023,33.55448888888888,130.46256694444443,0,1,車両相互
2023,33.59737583333334,130.4099775,0,4,車両相互
2023,33.54987916666666,130.46655555555554,0,1,車両相互
2023,33.561549444444445,130.47032638888888,0,2,車両相互
2023,33.58990777777778,130.42315472222222,0,1,人対車両
2022,33.60225,130.41530055555558,0,1,車両相互
2023,33.58750583333334,130.42209416666665,0,1,人対車両
2023,33.58331888888889,130.42904888888887,0,1,人対車両
2023,33.57379138888889,130.4256847222222,0,2,車両相互
2022,33.58228777777778,130.42594777777776,0,1,車両相互
2023,33.603523333333335,130.40525555555556,0,1,車両相互
2023,33.59124916666667,130.45655333333332,0,1,車両相互
2023,33.56787388888889,130.45906666666664,0,1,車両相互
2023,33.59173194444445,130.40965166666666,0,1,車両相互
2023,33.574043333333336,130.42922583333333,0,1,車両相互
2023,33.572809722222225,130.45100194444444,0,1,車両相互
2023,33.595579722222226,130.40430972222222,0,1,車両相互
2023,33.58549805555556,130.4386372222222,0,1,車両相互
2022,33.59395694444445,130.42490694444444,0,1,車両相互
2023,33.60286222222222,130.42810194444442,0,1,車両相互
2022,33.58862944444445,130.43763611111112,0,1,車両相互
2022,33.56793805555556,130.44900305555555,0,1,人対車両
2023,33.578876944444445,130.4199836111111,0,1,車両相互
2023,33.585574722222226,130.41186638888888,0,1,車両相互
2022,33.59527277777778,130.4265863888889,0,1,車両相互
2023,33.60212777777778,130.42719777777776,0,1,車両相互
2023,33.60310777777778,130.42179805555554,0,2,車両相互
2022,33.549767777777774,130.45583666666664,0,1,車両相互
2023,33.55564861111111,130.4718063888889,0,2,車両相互
2023,33.59139166666667,130.4105152777778,0,1,人対車両
2023,33.55601583333333,130.47475916666667,0,1,人対車両
2023,33.56840805555556,130.45889583333332,0,1,車両相互
2023,33.59527166666667,130.40654083333334,0,1,車両単独
2023,33.57601583333334,130.44352583333333,0,2,車両相互
2023,33.58025583333334,130.43166194444444,0,1,人対車両
2023,33.578895833333334,130.419995,0,1,人対車両
2023,33.57559944444445,130.43213805555555,0,1,車両相互
2023,33.592215833333334,130.40772777777778,0,1,人対車両
2023,33.57658416666667,130.4188736111111,0,1,車両相互
2023,33.58940777777778,130.43027583333333,0,2,車両相互
2023,33.54870833333333,130.4623497222222,0,1,人対車両
2023,33.58228527777778,130.4259361111111,0,1,車両相互
2022,33.583402500000005,130.43748611111113,0,1,車両相互
2022,33.552414999999996,130.45589222222222,0,1,車両相互
2022,33.59710861111111,130.43526722222222,0,1,車両相互
2023,33.58208611111112,130.4169836111111,0,1,人対車両
2023,33.58753472222222,130.41910305555555,0,1,車両相互
2023,33.58549555555556,130.4385061111111,0,1,車両相互
2023,33.60210333333333,130.421155,0,1,車両相互
2023,33.559195555555554,130.45981388888887,0,1,車両相互
2023,33.58852027777778,130.43031277777777,0,1,車両相互
2023,33.59133666666667,130.40717083333334,0,2,車両相互
2022,33.589153333333336,130.45794805555553,0,1,人対車両
2022,33.58960638888889,130.4186247222222,0,1,車両相互
2023,33.5627925,130.44285694444446,0,1,車両相互
2023,33.60286,130.4129536111111,0,1,車両相互
2023,33.59113555555556,130.40848083333333,0,1,人対車両
2023,33.60283944444445,130.40382527777777,0,1,人対車両
2023,33.59731166666667,130.4104213888889,0,1,車両相互
2023,33.58943666666667,130.4224361111111,0,1,人対車両
2023,33.569744444444446,130.45154722222222,0,1,車両相互
2023,33.60610722222222,130.4325863888889,0,2,車両相互
2023,33.59303166666667,130.43317138888887,0,1,車両相互
2023,33.591165000000004,130.41496722222223,0,1,車両相互
2023,33.58352611111111,130.44053611111113,0,1,車両相互
2023,33.55723388888889,130.46182916666666,0,1,人対車両
2023,33.60346888888889,130.42139666666665,0,1,人対車両
2023,33.554829722222216,130.47420833333334,0,2,車両相互
2023,33.589597222222224,130.41854694444444,0,5,車両相互
2023,33.570801111111116,130.4550325,0,1,車両相互
2023,33.57033805555556,130.4712461111111,0,2,車両相互
2022,33.55733138888888,130.4560383333333,0,1,車両相互
2023,33.603611666666666,130.42160222222222,0,1,車両相互
2023,33.56064583333333,130.4594097222222,0,1,車両相互
2023,33.562972499999994,130.43967777777777,0,1,人対車両
2023,33.56233666666667,130.44623222222222,0,1,車両相互
2023,33.568351944444444,130.44963777777778,0,1,車両相互
2023,33.564051111111105,130.46645527777775,0,1,車両相互
2023,33.582888611111116,130.43660055555557,0,2,車両相互
2023,33.588596111111116,130.41025083333335,0,1,車両相互
2023,33.58623388888889,130.42201166666666,0,1,車両相互
2023,33.58219944444445,130.42013944444443,0,1,車両相互
2023,33.584268055555555,130.45979666666665,0,2,車両相互
2023,33.59077444444445,130.45532194444442,0,1,車両相互
2023,33.606293055555554,130.43788694444444,0,1,車両相互
2023,33.581518611111115,130.47189166666666,0,1,人対車両
2023,33.58486,130.41394166666666,0,1,車両相互
2023,33.58660722222223,130.415805,0,1,車両相互
2023,33.59764777777778,130.40103916666666,0,1,車両相互
2023,33.59013027777778,130.42161777777775,0,1,人対車両
2023,33.668369166666665,130.44701083333334,0,1,車両相互
2023,33.66038777777778,130.4168875,0,1,車両相互
2022,33.62342833333334,130.42006333333333,0,1,人対車両
2023,33.616887222222225,130.44167972222223,0,1,車両相互
2023,33.67275166666666,130.4524563888889,0,1,人対車両
2023,33.64279916666666,130.44219833333332,0,2,車両相互
2023,33.613418055555556,130.41349805555555,0,1,車両相互
2023,33.64780583333333,130.43704666666667,0,1,人対車両
2023,33.66041111111111,130.41697305555556,0,2,車両相互
2023,33.65363416666666,130.44135277777778,0,1,車両相互
2023,33.657622499999995,130.4397213888889,0,6,車両相互
2023,33.62634361111111,130.42910027777776,0,1,車両相互
2023,33.66181638888889,130.43932472222224,0,1,車両相互
2023,33.65221222222222,130.41489833333333,0,1,車両相互
2023,33.624770833333336,130.43958472222224,0,1,車両相互
2023,33.673113055555554,130.45111694444444,0,1,車両相互
2022,33.62043111111111,130.44838472222222,0,1,車両相互
2023,33.69902888888888,130.42055833333333,0,1,車両相互
2023,33.684779166666665,130.2910325,0,1,車両相互
2022,33.62855472222222,130.44855027777777,0,1,車両相互
2023,33.630138333333335,130.4227383333333,0,1,車両相互
2023,33.67397083333333,130.30512416666667,0,2,車両相互
2023,33.63005583333334,130.44212694444445,0,2,車両相互
2022,33.657441666666664,130.44239305555556,0,1,車両相互
2023,33.64673277777778,130.4254572222222,0,1,車両相互
2023,33.632758333333335,130.458325,0,1,車両相互
2022,33.65180083333333,130.44350333333333,0,1,人対車両
2023,33.63072694444445,130.44034166666668,0,2,車両相互
2023,33.689657499999996,130.44245305555555,0,1,車両相互
2022,33.63204805555556,130.42350777777776,0,1,車両相互
2023,33.627610833333335,130.44359722222222,0,2,車両相互
2023,33.62030194444444,130.4436813888889,0,1,車両相互
2023,33.63927666666667,130.4531022222222,0,1,車両相互
2023,33.622508333333336,130.43749472222223,0,1,車両相互
2023,33.65296611111111,130.43464194444445,0,1,車両相互
2023,33.65907055555555,130.43075916666666,0,1,車両相互
2023,33.657781388888885,130.449645,0,1,車両相互
2023,33.6495825,130.43680805555556,0,1,車両相互
2023,33.64824138888889,130.43904361111112,0,1,車両相互
2023,33.656933333333335,130.4369313888889,0,2,車両相互
2023,33.639715277777775,130.45003944444443,0,1,車両相互
2022,33.62028083333333,130.43922916666668,0,5,車両相互
2023,33.636044444444444,130.46552527777777,0,2,車両相互
2023,33.63398083333333,130.44055055555555,0,1,車両相互
2023,33.64067555555555,130.42878444444443,0,1,車両相互
2023,33.662368055555554,130.45122972222222,0,1,車両相互
2023,33.63312555555556,130.42390166666667,0,2,車両相互
2023,33.644754444444445,130.43383888888889,0,1,車両相互
2023,33.6389525,130.42612333333332,0,1,車両相互
2023,33.66779722222222,130.44384194444444,0,1,車両相互
2023,33.65201361111111,130.43580722222222,0,3,車両相互
2022,33.634908055555556,130.43865055555557,0,1,車両相互
2023,33.63587027777778,130.42463138888888,0,1,車両相互
2023,33.63585888888889,130.44011194444445,0,1,車両相互
2023,33.668015555555556,130.4410875,0,1,車両相互
2023,33.63228,130.4513811111111,0,1,車両相互
2023,33.649205277777774,130.46637444444443,0,1,車両相互
2023,33.630787500000004,130.43869138888888,0,1,車両相互
2023,33.63265277777778,130.4630936111111,0,2,車両相互
2023,33.65370111111111,130.44053805555555,0,1,車両相互
2023,33.62444388888889,130.42034916666665,0,1,車両相互
2023,33.62415472222222,130.43884444444444,0,1,車両相互
2023,33.690425,130.42212916666665,0,3,車両相互
2023,33.63149694444444,130.44571861111112,0,1,車両相互
2023,33.681688055555554,130.39955027777776,0,3,車両相互
2023,33.6971625,130.4363188888889,0,1,車両相互
2023,33.632802222222224,130.46305638888887,0,1,車両相互
2023,33.61143194444445,130.43854055555556,0,1,車両相互
2023,33.63417388888889,130.46248333333332,0,1,車両相互
2023,33.66855694444444,130.41116972222224,0,1,車両相互
2023,33.63582666666667,130.44075472222224,0,1,車両相互
2023,33.657621666666664,130.43977027777777,0,1,車両相互
2023,33.687665277777775,130.43390583333334,0,1,車両相互
2023,33.607955555555556,130.44167222222222,0,1,車両相互
2022,33.62952083333333,130.4529922222222,0,1,車両相互
2023,33.63826111111111,130.42174055555554,0,1,人対車両
2022,33.6254475,130.43139638888888,0,2,車両相互
2023,33.630521111111115,130.43960555555557,0,2,車両相互
2022,33.63051472222222,130.44012972222222,0,1,車両相互
2022,33.6436075,130.43015277777778,0,1,車両相互
2023,33.6707325,130.45045277777777,0,1,車両相互
2023,33.633852777777776,130.42753194444444,0,1,車両相互
2023,33.64768333333333,130.4400513888889,0,1,車両相互
2022,33.633743055555556,130.43893500000001,0,1,車両相互
2023,33.63578722222222,130.42081916666666,0,1,車両相互
2023,33.65374305555555,130.44030750000002,0,1,人対車両
2023,33.64292,130.4410988888889,0,1,車両相互
2023,33.690258888888884,130.43393222222224,0,2,車両相互
2023,33.63120416666667,130.42331638888888,0,1,車両相互
2023,33.570484444444446,130.33695555555556,0,1,人対車両
2023,33.56751416666667,130.34661722222222,0,1,車両相互
2023,33.58160194444445,130.35858583333334,0,1,車両相互
2023,33.539653888888886,130.33171222222222,0,1,車両相互
2023,33.54883472222222,130.34717472222223,0,1,車両相互
2022,33.58102666666667,130.34351583333336,0,1,車両相互
2022,33.550013888888884,130.33281777777776,0,1,車両相互
2023,33.54765472222222,130.34723861111112,0,1,車両相互
2022,33.57001694444445,130.34018694444444,0,1,人対車両
2023,33.55672138888889,130.34566916666668,0,1,車両相互
2023,33.58857388888889,130.3560261111111,0,1,車両相互
2023,33.5809275,130.34453083333335,0,1,車両相互
2023,33.548178888888884,130.34744944444446,0,1,車両相互
2023,33.58325000000001,130.3585486111111,0,1,車両相互
2023,33.582100833333335,130.35216444444444,0,1,車両相互
2023,33.56324027777777,130.33470305555556,0,2,車両相互
2022,33.57976805555556,130.35607055555556,0,1,車両相互
2023,33.58232944444445,130.3608936111111,0,1,車両相互
2023,33.53649083333333,130.3429827777778,0,2,車両相互
2023,33.548269999999995,130.3350861111111,0,1,車両相互
2023,33.55277694444444,130.32957888888888,0,1,車両相互
2023,33.558950277777775,130.3522297222222,0,1,車両相互
2023,33.5494425,130.34807472222224,0,1,車両相互
2023,33.563667499999994,130.34991305555556,0,1,車両相互
2023,33.56281472222222,130.34442805555557,0,1,車両相互
2023,33.57602583333334,130.35850027777778,0,1,車両相互
2023,33.50020416666667,130.34706222222223,0,2,車両相互
2023,33.57430555555556,130.34666666666666,0,1,車両相互
2023,33.537592777777775,130.34383833333334,0,1,車両相互
2023,33.56792638888889,130.35002833333334,0,2,車両相互
2023,33.541709166666664,130.32650305555555,0,1,人対車両
2023,33.55726666666666,130.34172694444445,0,1,車両相互
2023,33.567392222222225,130.34352666666666,0,2,車両相互
2022,33.542358888888884,130.32947527777776,0,1,車両相互
2022,33.57929305555556,130.36249055555555,0,1,車両相互
2023,33.54148,130.35285444444443,0,1,人対車両
2023,33.58092944444445,130.35795249999998,0,1,車両単独
2022,33.5487025,130.34816777777777,0,1,車両相互
2023,33.63474222222222,130.4186758333333,0,1,車両相互
2023,33.61001027777778,130.40770944444446,0,2,車両相互
2023,33.63547111111111,130.41068666666666,0,3,車両相互
2023,33.60095777777778,130.3922208333333,0,1,車両相互
2022,33.600461111111116,130.39383916666665,0,2,人対車両
2023,33.62244694444445,130.41162277777778,0,1,車両相互
2023,33.60678527777778,130.4049977777778,0,1,人対車両
2023,33.63475916666667,130.41351305555557,0,1,車両相互
2023,33.581685,130.44413944444446,0,1,車両相互
2023,33.58540416666667,130.44239611111112,0,4,車両相互
2023,33.56316888888889,130.42370499999998,0,1,車両相互
2023,33.559283611111105,130.4249497222222,0,1,車両相互
2022,33.53652666666667,130.3893383333333,0,1,車両相互
2023,33.572045,130.42307666666665,0,1,車両相互
2023,33.56650361111111,130.41054250000002,0,1,車両相互
2023,33.53134222222222,130.4291061111111,0,1,車両相互
2023,33.54174333333333,130.4298125,0,1,車両相互
2023,33.52583416666666,130.4342925,0,1,車両相互
2022,33.55054027777778,130.44852305555557,0,1,車両相互
2023,33.52896722222222,130.43301416666665,0,2,車両相互
2023,33.569031111111116,130.41872916666665,0,1,車両相互
2023,33.57063027777778,130.40975972222222,0,1,車両相互
2023,33.56875527777778,130.39770055555556,0,2,車両相互
2023,33.56369722222222,130.42391333333333,0,1,車両相互
2023,33.557114166666665,130.38925277777778,0,1,車両相互
2023,33.535217499999995,130.39114222222221,0,2,車両相互
2022,33.566385277777776,130.41307666666668,0,1,車両相互
2023,33.54121444444444,130.42785805555553,0,1,車両相互
2023,33.53960083333333,130.40172472222224,0,1,車両相互
2022,33.549770277777775,130.4283036111111,0,1,車両相互
2023,33.555726111111106,130.41453944444444,0,2,車両相互
2023,33.5381025,130.4275597222222,0,1,車両相互
2023,33.57017277777778,130.4165827777778,0,1,車両相互
2023,33.514871666666664,130.38290305555557,0,1,車両相互
2023,33.56677333333334,130.42038333333332,0,1,車両相互
2023,33.564478333333334,130.43601361111112,0,1,車両相互
2023,33.559165,130.41220472222224,0,1,車両相互
2023,33.562911944444444,130.42432305555553,0,1,車両相互
2022,33.539368055555556,130.40381944444445,0,1,人対車両
2023,33.55249777777777,130.42775638888887,0,1,車両相互
2023,33.55521916666667,130.3914661111111,0,2,車両相互
2023,33.56330916666666,130.41778805555555,0,1,車両相互
2023,33.53299472222222,130.4261111111111,0,1,人対車両
2023,33.5729875,130.40628111111113,0,1,車両相互
2023,33.535045277777776,130.4179561111111,0,1,人対車両
2023,33.56417611111111,130.43039833333333,0,1,車両相互
2023,33.53653166666666,130.42685194444442,0,2,車両相互
2023,33.541955277777774,130.43272638888888,0,2,車両相互
2023,33.55408,130.43982194444445,0,2,車両相互
2023,33.539359166666664,130.40625833333334,0,2,車両相互
2023,33.561116388888884,130.42117888888887,0,1,車両相互
2023,33.56424611111111,130.43038638888888,0,1,車両相互
2023,33.5757825,130.41200555555557,0,1,車両相互
2023,33.564253888888885,130.43022083333332,0,1,車両相互
2023,33.54828444444444,130.4460263888889,0,1,車両相互
2023,33.55954805555555,130.4286238888889,0,1,車両相互
2023,33.56798055555556,130.41454611111112,0,1,人対車両
2023,33.54318472222222,130.4279938888889,0,1,車両相互
2023,33.537748055555554,130.43435194444444,0,1,車両相互
2023,33.5429525,130.43975694444444,0,1,車両相互
2023,33.54898055555555,130.39655777777776,0,1,人対車両
2023,33.5409825,130.39759555555554,0,1,車両相互
2023,33.554966944444445,130.42575472222222,0,1,車両相互
2023,33.565799999999996,130.41941722222222,0,3,車両相互
2023,33.55054972222222,130.42830555555554,0,1,車両相互
2022,33.5444025,130.3988247222222,0,1,車両相互
2023,33.54179194444444,130.43758,0,1,車両相互
2023,33.53782388888889,130.4341925,0,1,車両相互
2023,33.535020555555555,130.41728555555554,0,1,車両相互
2022,33.54943194444444,130.43438527777778,0,1,車両相互
2023,33.555412777777775,130.4384088888889,0,1,人対車両
2023,33.54898333333333,130.42306194444444,0,1,車両相互
2023,33.57071777777778,130.41642444444446,0,2,車両相互
2023,33.57013277777778,130.42040277777778,0,1,車両相互
2023,33.564211944444445,130.43056527777776,0,1,車両相互
2023,33.56649694444444,130.4170047222222,0,1,車両相互
2023,33.56747583333334,130.4175211111111,0,1,車両相互
2023,33.5364225,130.40088583333335,0,1,車両相互
2023,33.56144777777777,130.4285588888889,0,1,車両相互
2023,33.54309027777778,130.39143694444445,0,1,車両相互
2023,33.560742499999996,130.4235897222222,0,1,車両相互
2023,33.56276722222222,130.42433749999998,0,1,車両相互
2023,33.57279472222223,130.41697166666665,0,1,車両相互
2023,33.552883333333334,130.43640083333332,0,1,車両相互
2023,33.56482944444444,130.41628333333333,0,1,車両相互
2023,33.53863027777778,130.42736555555555,0,3,車両相互
2023,33.54333166666667,130.40666861111112,0,1,車両相互
2023,33.573122500000004,130.40588083333333,0,1,車両相互
2022,33.569364722222225,130.41144555555556,0,1,車両相互
2023,33.573885555555556,130.41265194444446,0,1,車両相互
2023,33.55296583333333,130.43637361111112,0,1,車両相互
2023,33.56968666666667,130.41063444444444,0,1,車両相互
2023,33.57250416666667,130.27722500000002,0,1,車両相互
2023,33.565194999999996,130.2411511111111,0,2,車両相互
2022,33.55450527777778,130.3227125,0,2,車両相互
2022,33.57433055555556,130.25698055555554,0,1,車両相互
2022,33.56854388888889,130.30998333333335,0,3,車両相互
2023,33.57026888888889,130.24319888888888,0,1,人対車両
2023,33.581433611111116,130.25981638888888,0,1,車両相互
2022,33.56817305555556,130.3176613888889,0,1,車両相互
2023,33.58185055555556,130.3234263888889,0,1,車両相互
2022,33.570845000000006,130.2718352777778,0,1,人対車両
2022,33.57262416666667,130.27439083333334,0,1,車両相互
2023,33.582147777777784,130.3370766666667,0,1,車両相互
2022,33.56897055555556,130.30549722222224,0,1,車両相互
2023,33.57837944444445,130.3232725,0,1,人対車両
2022,33.58778277777778,130.32747333333333,0,1,車両相互
2023,33.571063333333335,130.3113575,0,1,車両相互
2023,33.576173888888896,130.31472361111113,0,1,車両相互
2023,33.575741944444445,130.25625416666668,0,1,人対車両
2023,33.59414277777778,130.3228713888889,0,1,車両相互
2023,33.57928166666667,130.31950972222222,0,1,車両相互
2022,33.558078055555555,130.3199275,0,1,車両相互
2023,33.520559444444444,130.31581611111113,0,2,車両相互
2023,33.572836388888895,130.28061416666668,0,1,車両相互
2023,33.555481111111106,130.32357,0,1,車両相互
2023,33.578428333333335,130.25351333333333,0,1,車両相互
2022,33.589552222222224,130.3336913888889,0,1,人対車両
2023,33.58220138888889,130.33723583333335,0,1,車両相互
2023,33.64533361111111,130.217255,0,2,車両相互
2023,33.55379527777777,130.31275222222223,0,1,車両相互
2023,33.56608666666666,130.2436836111111,0,1,車両相互
2023,33.57568944444445,130.26756583333335,0,2,車両相互
2023,33.57269277777778,130.2793225,0,1,車両相互
2023,33.58142111111111,130.3361188888889,0,2,車両相互
2023,33.58502388888889,130.23744,0,1,車両相互
2023,33.58190972222223,130.2654038888889,0,1,車両相互
2023,33.55846194444444,130.30749277777778,0,1,人対車両
2023,33.55862416666666,130.3080463888889,0,1,車両相互
2023,33.57674305555556,130.32784972222223,0,1,車両相互
2023,33.56440111111111,130.31052027777778,0,1,車両相互
2023,33.573950833333335,130.27251833333335,0,2,車両相互
2023,33.582282500000005,130.3372261111111,0,1,車両相互
2022,33.57407333333334,130.2657513888889,0,1,車両相互
2023,33.57237888888889,130.2726777777778,0,2,車両相互
2023,33.57242666666667,130.32278416666665,0,1,車両相互
2023,33.58755083333334,130.3222461111111,0,1,車両相互
2023,33.59712444444445,130.21180833333332,0,1,人対車両
2023,33.58831833333333,130.33308555555556,0,1,車両相互
2023,33.5566075,130.3109061111111,0,1,車両相互
2023,33.58745583333334,130.34001083333334,0,1,車両相互
2023,33.571133333333336,130.32265194444443,0,1,車両相互
2023,33.58007472222223,130.2793663888889,0,1,車両相互
2023,33.5687775,130.3047325,0,1,車両相互
2022,33.58161472222223,130.33792416666668,0,1,車両相互
2022,33.530792777777776,130.29170694444446,0,1,車両相互
2023,33.58012805555556,130.29359333333332,0,1,車両相互
2022,33.55121583333333,130.31917472222221,0,1,車両相互
2023,33.568221111111114,130.32114472222221,0,2,車両相互
2023,33.56079,130.30112083333336,0,1,車両相互
2023,33.58565416666667,130.3162477777778,0,1,車両相互
2023,33.58203027777778,130.26987194444445,0,2,車両相互
2023,33.587387500000006,130.3233625,0,1,車両相互
2023,33.583133333333336,130.32445444444443,0,1,車両相互
2023,33.56298861111111,130.31857888888888,0,1,車両相互
2023,33.58473388888889,130.3132852777778,0,1,車両相互
2022,33.55179666666666,130.31279083333334,0,1,人対車両
2022,33.57618472222222,130.25733027777778,0,1,人対車両
2022,33.59846,130.22422472222223,0,1,車両相互
2023,33.55866861111111,130.3205111111111,0,1,車両相互
2023,33.57510555555556,130.25778083333333,0,1,車両相互
2023,33.577644444444445,130.25476305555554,0,1,車両相互
2023,33.58466138888889,130.32392611111112,0,1,車両相互
2022,33.521856666666665,130.32187083333332,0,1,車両相互
2023,33.568152500000004,130.32031805555556,0,1,車両相互
2022,33.571329722222224,130.3226475,0,1,車両相互
2022,33.564723888888885,130.2399375,0,1,車両相互
2022,33.53425555555555,130.3217286111111,0,1,車両相互
2023,33.543571666666665,130.3808377777778,0,1,車両相互
2023,33.55737472222222,130.382225,0,1,人対車両
2023,33.546195,130.37274166666668,0,1,車両相互
2022,33.54996555555555,130.3617461111111,0,1,車両単独
2023,33.569786111111114,130.36780722222224,0,1,車両相互
2023,33.56576833333333,130.37226222222222,0,1,車両相互
2022,33.554519444444445,130.3655447222222,0,1,車両相互
2023,33.55471361111111,130.38772333333333,0,1,車両相互
2022,33.575609444444446,130.37240694444446,0,1,人対車両
2023,33.54290611111111,130.38320194444447,0,1,車両相互
2023,33.55614444444444,130.37902,0,1,車両相互
2023,33.54452055555555,130.38073,0,1,車両相互
2023,33.552880277777774,130.38272416666666,0,1,車両相互
2023,33.552925277777774,130.38429694444443,0,1,車両相互
2023,33.552731666666666,130.37937194444444,0,1,車両相互
2023,33.55304388888889,130.38481805555554,0,1,車両相互
2023,33.560806944444444,130.3759527777778,0,1,人対車両
2023,33.546080555555555,130.37358500000002,0,1,人対車両
2023,33.5531575,130.38816416666666,0,1,車両相互
2022,33.54273305555555,130.37136750000002,0,1,人対車両
2023,33.54405944444444,130.36713361111111,0,1,車両相互
2023,33.57099027777778,130.3592425,0,1,車両相互
2022,33.552612499999995,130.3628913888889,0,1,人対車両
2023,33.55202611111111,130.38840305555556,0,1,車両相互
2023,33.76266388888889,130.47788500000001,0,1,車両相互
2023,33.77432388888889,130.47291666666666,0,1,車両相互
2023,33.759594166666666,130.4955772222222,0,1,車両相互
2023,33.75564166666667,130.49702416666665,0,1,車両相互
2023,33.75610861111111,130.4748747222222,0,1,人対車両
2023,33.77071138888889,130.4728388888889,0,1,車両相互
2023,33.760350555555554,130.47745777777777,0,1,人対車両
2022,33.75145416666667,130.49411194444443,0,1,車両相互
2023,33.75024,130.49265083333333,0,1,車両相互
2023,33.75415111111111,130.49626805555553,0,1,車両相互
2023,33.77289222222222,130.476325,0,1,車両相互
2023,33.75734611111111,130.49771944444444,0,3,車両相互
2023,33.76347944444444,130.48878666666664,0,1,人対車両
2023,33.758544722222226,130.4790086111111,0,1,車両相互
2023,33.764139166666666,130.47833416666666,0,1,車両相互
2023,33.50965444444444,130.4947775,0,1,車両相互
2022,33.50525388888889,130.49947388888887,0,1,人対車両
2022,33.52394722222222,130.49628444444443,0,1,車両相互
2023,33.52585361111111,130.49381666666665,0,1,車両相互
2023,33.50675777777778,130.493845,0,1,車両相互
2023,33.502515,130.49993944444444,0,2,車両相互
2023,33.50315194444445,130.49934638888888,0,3,車両相互
2023,33.522084722222225,130.49840444444442,0,1,車両相互
2022,33.508964444444445,130.49672583333333,0,1,車両相互
2023,33.516014722222224,130.49292888888888,0,1,人対車両
2023,33.520026944444446,130.22416555555554,0,1,車両相互
2023,33.5653325,130.22611833333335,0,1,車両相互
2023,33.51033805555556,130.1276263888889,0,1,車両相互
2023,33.5593875,130.19950944444446,0,1,人対車両
2023,33.487657222222225,130.06142611111113,0,1,車両相互
2023,33.563361388888886,130.23607055555553,0,1,車両相互
2023,33.51685472222222,130.15372972222224,0,1,車両相互
2023,33.51713361111111,130.14958583333333,0,3,車両相互
2023,33.49305833333334,130.07379333333333,0,1,車両相互
2022,33.55074583333333,130.21851583333333,0,1,車両相互
2022,33.55314722222222,130.21717722222223,0,1,車両相互
2022,33.559842499999995,130.22515555555555,0,1,車両相互
2022,33.60029611111111,130.15415722222224,0,1,車両相互
2023,33.546456666666664,130.1707872222222,0,1,車両相互
2023,33.564140555555554,130.22632638888888,0,1,人対車両
2022,33.531393055555554,130.18789333333334,0,2,車両相互
2023,33.54759333333333,130.21066305555556,0,1,車両相互
2023,33.537953888888886,130.20412944444442,0,1,車両相互
2022,33.57268805555556,130.21815027777777,0,1,車両相互
2023,33.63858416666667,130.19666416666666,0,1,車両相互
2022,33.56287805555555,130.22829777777778,0,1,車両相互
2023,33.59048138888889,130.18378166666668,0,1,車両相互
2022,33.54611194444444,130.2312347222222,0,1,車両相互
2023,33.59999888888889,130.47139361111113,0,2,車両相互
2023,33.708360000000006,130.43468388888888,0,2,車両相互
2023,33.58099861111111,130.4837925,0,1,車両相互
2023,33.69415194444444,130.45068638888887,0,2,車両相互
2023,33.68493972222222,130.4541272222222,0,1,車両相互
2023,33.618769444444446,130.4578488888889,0,1,車両相互
2023,33.64053166666667,130.4956497222222,0,1,車両相互
2023,33.570640833333336,130.4951875,0,1,車両相互
2023,33.62179555555556,130.45966638888888,0,1,車両相互
2023,33.62352583333333,130.4594261111111,0,1,車両相互
2023,33.609342500000004,130.44964472222222,0,1,車両相互
2023,33.712227777777784,130.45779027777778,0,1,車両相互
2022,33.62256027777778,130.45903305555555,0,1,人対車両
2023,33.70363555555556,130.44780527777777,0,1,車両相互
2023,33.69866361111111,130.4520497222222,0,1,車両相互
2023,33.60269944444445,130.45455888888887,0,1,車両相互
2023,33.57771055555556,130.49078444444444,0,1,車両相互
2023,33.68397833333333,130.48972583333332,0,1,車両相互
2022,33.71163972222222,130.4361988888889,0,1,車両相互
2022,33.72051694444445,130.46695583333334,0,1,車両相互
2023,33.585749722222225,130.47943,0,1,車両相互
2023,33.625009166666665,130.47006861111112,0,1,車両相互
2023,33.59281166666667,130.47696166666668,0,1,車両相互
2023,33.613370555555555,130.44521444444445,0,1,車両相互
2023,33.58544222222223,130.4852036111111,0,1,人対車両
2023,33.60276666666667,130.4528022222222,0,3,車両相互
2023,33.605489722222224,130.4570022222222,0,2,人対車両
2023,33.59241777777778,130.49438555555554,0,1,人対車両
2023,33.61176444444445,130.4624411111111,0,1,車両相互
2023,33.59637444444445,130.47519944444446,0,1,車両相互
2023,33.72613166666667,130.45878555555555,0,1,車両相互
2023,33.620264722222224,130.49812083333333,0,1,人対車両
2023,33.584945833333336,130.48604277777775,0,1,人対車両
2023,33.70201666666667,130.45067749999998,0,1,車両相互
2023,33.72781416666667,130.47234083333333,0,1,車両相互
2023,33.58341527777778,130.4802527777778,0,1,車両相互
2023,33.58710972222222,130.4808688888889,0,1,人対車両
2023,33.61391305555556,130.447675,0,1,人対車両
2023,33.73861027777778,130.46654999999998,0,1,人対車両
2023,33.70785277777778,130.4548086111111,0,3,車両相互
2023,33.74599611111111,130.48367055555553,0,1,車両相互
2023,33.60177138888889,130.46393333333333,0,1,車両相互
2023,33.72862638888889,130.46694444444444,0,1,車両相互
2022,33.603700555555555,130.45413,0,1,車両相互
2023,33.71236722222223,130.45274805555553,0,1,車両相互
2023,33.627230555555556,130.47730972222223,0,1,車両相互
2022,33.59404472222222,130.48015194444446,0,1,車両相互
2023,33.73747,130.4712988888889,0,1,車両相互
2023,33.62631861111111,130.47705472222222,0,1,車両相互
2023,33.610327222222224,130.4816952777778,0,1,人対車両
2023,33.599759444444445,130.48912055555553,0,1,車両相互
2023,33.6014525,130.46466166666664,0,2,車両相互
2023,33.75125222222222,130.47353694444445,0,1,車両相互
2023,33.74120722222222,130.48543916666665,0,1,車両相互
2023,33.58219527777778,130.4896286111111,0,1,車両相互
2023,33.742421944444445,130.48237777777777,0,1,人対車両
2023,33.61091722222223,130.45753333333332,0,1,車両相互
2023,33.63333277777778,130.49458027777777,0,1,車両相互
2023,33.61091722222223,130.4575522222222,0,1,車両相互
2023,33.707884722222225,130.45464277777776,0,1,車両相互
2022,33.70536444444445,130.45256138888888,0,2,車両相互
2023,33.69801388888889,130.44793416666667,0,4,車両相互
2023,33.70053916666667,130.47382444444446,0,2,車両相互
2023,33.689206111111105,130.45283388888888,0,2,車両相互
2023,33.73752861111111,130.47153916666667,0,1,車両相互
2023,33.702687222222224,130.48701388888887,0,1,車両相互
2023,33.580358888888895,130.4935686111111,0,1,車両相互
2023,33.695831388888884,130.4484363888889,0,1,人対車両
2023,33.60173777777778,130.45146138888887,0,1,車両相互
2023,33.6114325,130.46000388888888,0,1,車両相互
2023,33.613527222222224,130.45076666666665,0,1,車両相互
2023,33.70409388888889,130.4470163888889,0,1,車両相互
2023,33.564544444444444,130.48538694444443,0,2,車両相互
2023,33.62375277777778,130.45464555555554,0,1,車両相互
2023,33.70917138888889,130.45566944444442,0,1,車両相互
2022,33.60204944444445,130.45212444444442,0,1,人対車両
2023,33.58699777777778,130.4783325,0,2,車両相互
2023,33.621845,130.4588961111111,0,3,車両相互
2023,33.59617111111111,130.4732,0,1,車両相互
2023,33.59789333333334,130.4793686111111,0,2,車両相互
2022,33.62309944444444,130.46947277777778,0,1,人対車両
2023,33.59652194444445,130.47734916666667,0,1,車両相互
2023,33.60370777777778,130.45432,0,2,車両相互
2023,33.73382361111111,130.47616972222224,0,1,車両相互
2023,33.620916666666666,130.4586136111111,0,1,人対車両
2023,33.747436944444445,130.48185722222223,0,1,人対車両
2023,33.73619583333333,130.48392055555553,0,1,車両相互
2023,33.586225,130.48219472222223,0,1,人対車両
2023,33.654220555555554,130.492035,0,1,車両相互
2023,33.62787888888889,130.48808027777775,0,1,車両相互
2022,33.590905,130.47946305555556,0,3,車両相互
2023,33.70128833333334,130.47284305555556,0,1,車両相互
2023,33.72339916666667,130.46387249999998,0,1,人対車両
2022,33.51064083333333,130.44909694444445,0,1,人対車両
2023,33.514678333333336,130.48146194444445,0,1,車両相互
2023,33.43129277777778,130.4198461111111,0,1,車両相互
2023,33.518785,130.42262166666666,0,1,車両相互
2022,33.51041472222222,130.46084638888888,0,1,車両相互
2023,33.534415833333334,130.49097916666665,0,1,車両相互
2023,33.52797361111111,130.48995916666667,0,1,車両相互
2023,33.516705,130.4680988888889,0,1,車両相互
2023,33.5052825,130.46982583333335,0,1,車両相互
2023,33.53560583333333,130.48086972222222,0,1,車両相互
2023,33.54610694444444,130.47695055555556,0,2,車両相互
2023,33.534371944444445,130.44624972222223,0,1,車両相互
2023,33.53275388888889,130.4782461111111,0,4,車両相互
2022,33.54970722222222,130.48275722222223,0,4,車両相互
2022,33.53452444444444,130.4908686111111,0,1,車両相互
2022,33.524834166666665,130.42427138888888,0,2,車両相互
2022,33.520447499999996,130.434305,0,1,人対車両
2022,33.52567583333333,130.46102472222222,0,1,車両相互
2022,33.52777555555556,130.4249836111111,0,1,人対車両
2022,33.52008111111111,130.46780916666665,0,1,車両相互
2023,33.52825111111111,130.4252197222222,0,1,車両相互
2023,33.53031694444444,130.4810752777778,0,1,車両相互
2023,33.54615138888889,130.4432911111111,0,3,車両相互
2023,33.49916861111111,130.48325972222221,0,1,車両相互
2023,33.537187777777774,130.49130055555554,0,1,車両相互
2022,33.53915444444444,130.47331083333333,0,1,人対車両
2023,33.54606861111111,130.4519786111111,0,1,車両相互
2023,33.52791083333333,130.47807527777778,0,1,車両相互
2023,33.50563138888889,130.44000333333335,0,1,車両相互
2023,33.55068,130.48182527777777,0,1,車両相互
2023,33.54317138888889,130.44869194444445,0,1,車両相互
2023,33.525750555555554,130.4610236111111,0,1,車両相互
2023,33.521230555555555,130.4840825,0,1,車両相互
2023,33.51502861111111,130.46964333333332,0,1,車両相互
2023,33.53282138888889,130.47133833333334,0,1,車両相互
2023,33.53161166666666,130.4610933333333,0,1,車両相互
2022,33.53275611111111,130.4783336111111,0,1,車両相互
2023,33.53158055555556,130.47676055555556,0,1,人対車両
2023,33.5437825,130.48431722222222,0,1,車両相互
2023,33.53446583333333,130.48853555555553,0,1,車両相互
2023,33.52664861111111,130.44400027777777,0,3,車両相互
2023,33.53214472222222,130.48501694444442,0,2,車両相互
2023,33.50851611111111,130.4547622222222,0,2,車両相互
2023,33.53136416666666,130.45524694444444,0,1,車両相互
2022,33.50469,130.47753666666668,0,2,車両相互
2023,33.522863888888885,130.45854333333332,0,1,車両相互
2022,33.55069722222222,130.4789377777778,0,1,車両相互
2022,33.54169972222222,130.4503883333333,0,1,車両相互
2022,33.518548333333335,130.4209961111111,0,1,車両相互
2023,33.51000527777778,130.436415,0,3,車両相互
2022,33.537820833333335,130.47221416666667,0,1,人対車両
2022,33.51902472222222,130.42272277777778,0,1,車両相互
2023,33.51848583333333,130.4692986111111,0,1,車両相互
2023,33.522598333333335,130.44954972222223,0,1,車両相互
2022,33.51769083333333,130.47961527777778,0,1,人対車両
2022,33.547512777777776,130.4505986111111,0,1,車両相互
2023,33.515813888888886,130.4352127777778,0,1,車両相互
2023,33.50575583333333,130.45460388888887,0,2,車両相互
2023,33.5395375,130.4765211111111,0,1,車両相互
2022,33.49681416666667,130.4196086111111,0,1,車両相互
2023,33.51763361111111,130.45377416666665,0,1,車両相互
2023,33.55299055555555,130.47860916666667,0,2,車両相互
2022,33.53786861111111,130.4722213888889,0,1,人対車両
2023,33.55701472222222,130.49956055555555,0,1,車両相互
2023,33.543189444444444,130.48442722222222,0,1,車両相互
2023,33.50072888888889,130.47958166666666,0,1,人対車両
2023,33.538913888888885,130.4865611111111,0,1,車両相互
2023,33.53439944444444,130.48041916666668,0,1,車両相互
2023,33.515908055555556,130.4351863888889,0,1,車両相互
2023,33.51190555555556,130.46226527777776,0,1,車両相互
2023,33.522016944444445,130.4315275,0,1,車両相互
2023,33.5115925,130.43011833333333,0,1,人対車両
2023,33.52204666666667,130.44710527777778,0,1,車両相互
2023,33.551339999999996,130.481205,0,1,車両相互
2023,33.532402777777776,130.4645297222222,0,1,車両相互
2023,33.51729972222222,130.41490833333333,0,1,車両相互
2022,33.53239666666666,130.45994277777777,0,1,人対車両
2023,33.54528527777778,130.4743038888889,0,1,車両相互
2023,33.54142972222222,130.4504247222222,0,1,車両相互
2023,33.51710666666666,130.44521583333335,0,1,車両相互
2023,33.52054583333333,130.45764777777777,0,1,車両相互
2023,33.52686555555555,130.4441238888889,0,1,人対車両
2023,33.287106666666666,130.49127305555555,0,1,車両相互
2023,33.26291972222222,130.45898305555554,0,2,車両相互
2022,33.31584972222222,130.49658,0,1,車両相互
2022,33.26301111111111,130.45730944444443,0,2,車両相互
2023,33.24781027777778,130.43552666666668,0,1,人対車両
2023,33.30191,130.49207694444442,0,1,車両相互
2022,33.323733888888896,130.49751055555555,0,2,車両相互
2023,33.29825805555556,130.49785277777775,0,1,車両相互
2022,33.25978694444444,130.42122388888887,0,1,車両相互
2023,33.250188333333334,130.44862083333334,0,1,車両相互
2023,33.32642722222223,130.49573388888888,0,1,車両相互
2023,33.32665555555556,130.49290305555553,0,1,車両相互
2023,33.250323888888886,130.46811472222223,0,1,車両相互
2023,33.23913138888889,130.41552694444445,0,2,車両相互
2023,33.2427175,130.47729583333333,0,1,車両相互
2023,33.254284166666665,130.49297555555555,1,1,車両単独
2023,33.22280527777778,130.4362238888889,0,1,車両相互
2023,33.184886111111105,130.39064583333334,0,2,車両相互
2022,33.234430277777776,130.49227694444443,0,1,車両相互
2022,33.21004111111112,130.43662416666666,0,1,車両相互
2023,33.19914333333333,130.379815,0,1,車両相互
2023,33.23603583333333,130.4942297222222,0,1,車両相互
2023,33.20374833333334,130.3815338888889,0,1,人対車両
2023,33.18236333333333,130.49660555555553,0,1,車両相互
2023,33.196599166666665,130.42092,0,1,人対車両
2023,33.2192975,130.47836222222222,0,1,車両相互
2023,33.21248805555556,130.373565,0,1,車両相互
2023,33.203719722222225,130.38937527777776,0,1,車両相互
2023,33.22448527777778,130.48128666666668,0,1,車両相互
2023,33.18474777777777,130.48888777777776,0,1,車両相互
2023,33.19378194444444,130.38250194444444,0,1,人対車両
2023,33.211467500000005,130.39542722222222,0,1,車両相互
2023,33.22161138888889,130.4428102777778,0,1,車両相互
2023,33.15354388888889,130.4724125,0,1,車両相互
2022,33.17737777777778,130.39872277777778,0,3,車両相互
2023,33.16112305555556,130.3955811111111,0,1,車両相互
2023,33.150507222222224,130.42194138888888,0,1,車両相互
2023,33.11256222222222,130.47523166666667,0,1,人対車両
2023,33.137055,130.39954027777776,0,1,車両相互
2023,33.16491166666667,130.40424444444446,0,1,車両相互
2023,33.15342027777778,130.44672527777777,0,1,車両相互
2023,33.16405388888889,130.43912444444445,0,1,車両相互
2023,33.16728027777778,130.40885944444446,0,1,車両相互
2023,33.16669861111111,130.4229811111111,0,1,人対車両
2023,33.15701972222222,130.47854666666666,0,1,車両相互
2023,33.12372333333333,130.43286166666667,0,1,車両相互
2023,33.13771861111111,130.43002083333332,0,1,車両相互
2023,33.17707444444444,130.39970055555554,0,2,車両相互
2023,33.14901611111111,130.4792563888889,0,1,車両相互
2023,33.173160277777775,130.40464305555557,1,0,車両単独
2023,33.14998277777778,130.46736472222221,0,1,車両相互
2022,33.17659138888889,130.41035694444446,0,1,車両相互
2023,33.17499083333333,130.44967527777777,0,1,車両相互
2023,33.157449444444445,130.40325055555556,0,2,車両相互
2023,33.15244083333333,130.40237222222223,0,1,車両相互
2023,33.08767666666667,130.43697555555556,0,1,車両相互
2023,33.16081555555555,130.40365888888888,0,1,車両相互
2023,33.17901444444444,130.45077694444444,0,1,車両相互
2023,33.177050277777774,130.45011444444444,0,1,車両相互
2023,33.09646777777778,130.4587836111111,0,1,車両相互
2023,33.12690305555556,130.4659888888889,0,1,車両相互
2023,33.164449999999995,130.43450416666667,0,1,車両相互
2023,33.18980527777777,130.4200483333333,0,1,車両相互
2023,33.02598916666667,130.42955666666666,0,1,車両相互
2022,33.021816666666666,130.43943333333334,0,1,車両相互
2023,33.05730333333333,130.44625638888888,0,1,車両相互
2023,33.04986583333333,130.44411861111112,0,1,車両単独
2023,33.00540055555555,130.43865416666668,0,1,車両相互
2023,33.02501361111111,130.45130138888888,0,1,車両相互
2023,33.05175083333333,130.4632697222222,0,1,車両相互
2023,33.03330972222222,130.44758194444444,0,1,車両相互
2023,33.01146305555555,130.4845497222222,0,2,車両相互
2023,33.031598055555556,130.4483938888889,0,2,車両相互
2022,33.040925,130.4638263888889,0,1,車両相互
2023,33.03525916666666,130.47361722222223,0,1,車両相互
2023,33.311390555555555,130.20999916666665,0,1,車両相互
2022,33.33519638888889,130.3940397222222,0,1,車両相互
2023,33.263555,130.3553613888889,0,1,車両相互
2023,33.321737500000005,130.41177833333333,0,2,車両相互
2023,33.37453722222222,130.353345,0,1,車両相互
2023,33.32654416666667,130.39227027777778,0,2,車両相互
2023,33.31470888888889,130.3770613888889,0,1,車両相互
2023,33.27359888888889,130.3657372222222,0,1,車両相互
2023,33.31105944444444,130.38105194444447,0,2,車両相互
2023,33.31744638888889,130.36191416666665,0,1,車両相互
2023,33.318224722222226,130.35111833333332,0,1,車両相互
2023,33.25883888888889,130.3802941666667,0,1,車両相互
2023,33.26330083333333,130.4039663888889,0,1,車両相互
2023,33.32003027777778,130.3863213888889,0,2,車両相互
2023,33.30444222222222,130.36896805555557,0,1,車両相互
2023,33.27180222222222,130.4037152777778,0,1,車両相互
2023,33.354619166666666,130.36441583333334,0,1,車両相互
2023,33.342815,130.3767113888889,0,1,車両相互
2023,33.316449166666665,130.34418972222224,0,1,車両相互
2023,33.26813333333333,130.3599438888889,0,3,車両相互
2023,33.32711416666667,130.3611975,0,1,車両相互
2023,33.32976194444445,130.41140000000001,0,4,車両相互
2023,33.321805000000005,130.39134888888887,0,1,車両相互
2023,33.304966111111106,130.36933722222224,0,1,車両相互
2023,33.367288333333335,130.33647166666668,0,2,車両相互
2023,33.34861444444444,130.39823194444443,0,1,車両相互
2023,33.32739666666667,130.46658694444443,0,2,車両相互
2023,33.30988555555555,130.42691666666667,0,2,車両相互
2023,33.32875166666667,130.47457805555555,0,2,車両相互
2023,33.355085,130.4782052777778,0,1,車両相互
2023,33.36911444444444,130.47918722222224,0,1,車両相互
2023,33.34745916666667,130.4948961111111,0,1,車両相互
2023,33.301826388888884,130.4526138888889,0,1,車両相互
2023,33.341904166666666,130.4565111111111,0,1,人対車両
2023,33.347681388888894,130.41997305555554,0,1,車両相互
2023,33.35677138888889,130.44312166666668,0,1,車両相互
2023,33.306822777777775,130.46407638888888,0,2,車両相互
2023,33.34286138888889,130.440745,0,2,車両相互
2023,33.32623027777778,130.42547027777778,0,1,車両相互
2023,33.383074444444446,130.49934277777777,0,3,車両相互
2023,33.35689138888889,130.4851675,0,1,車両相互
2023,33.33001305555556,130.42059138888888,0,2,車両相互
2023,33.306866944444444,130.47879305555557,0,1,車両相互
2023,33.314926944444444,130.48771444444444,0,1,車両相互
2022,33.34224638888889,130.43871972222223,0,1,車両相互
2023,33.34275805555556,130.4404825,0,1,車両相互
2023,33.26098722222222,130.2216,0,1,車両相互
2023,33.26286972222222,130.09324472222224,0,1,車両相互
2023,33.301139166666665,130.228235,0,3,車両相互
2023,33.250078611111114,130.20343333333332,0,2,車両相互
2023,33.24195527777778,130.18519722222223,0,1,車両相互
2023,33.26100944444445,130.22159472222222,0,1,車両相互
2023,33.24818777777778,130.20544222222222,0,1,人対車両
2023,33.28994333333333,130.11177972222222,0,1,車両相互
2023,33.29929944444444,130.21983722222222,0,1,車両相互
2023,33.24177,130.18508,0,1,車両相互
2023,33.29334583333333,130.19395166666666,0,1,車両相互
2023,33.276375,130.21083305555555,0,1,車両相互
2023,33.28072111111111,130.22819944444444,0,1,車両相互
2023,33.301919999999996,130.23287472222222,0,1,車両相互
2023,33.27166777777778,130.18415583333334,0,1,車両相互
2023,33.27318472222222,130.2183938888889,0,1,車両相互
2023,33.28091666666666,130.15641722222222,0,2,車両相互
2023,33.28101861111111,130.15685222222223,0,1,車両相互
2023,33.27764444444444,130.21800944444445,0,1,車両相互
2023,33.29974194444444,130.20819527777778,0,1,車両相互
2023,33.232757222222226,130.21806388888888,0,1,車両相互
2023,33.43188055555555,129.98319333333333,0,1,車両単独
2023,33.44770611111111,129.98700027777775,0,1,車両相互
2023,33.453380833333334,129.9669925,0,1,車両相互
2023,33.346901111111116,130.0221441666667,0,1,車両相互
2023,33.447805277777775,129.98697888888887,0,1,車両相互
2023,33.438897777777775,130.0372036111111,0,1,車両相互
2023,33.43320083333333,129.98050333333333,0,1,車両相互
2023,33.44090583333333,129.9732125,0,1,車両相互
2023,33.43716944444444,129.9816025,0,2,車両相互
2023,33.39492888888889,129.97942916666668,0,1,車両相互
2023,33.447128888888884,129.98981277777776,0,1,人対車両
2023,33.44305222222222,130.03432833333332,0,1,車両相互
2023,33.42906472222222,129.98455444444443,0,1,車両相互
2023,33.43844972222222,129.96943666666667,0,1,車両相互
2023,33.432249999999996,129.9809175,0,2,車両相互
2023,33.44602666666666,129.97855805555557,0,2,人対車両
2023,33.456001944444445,129.9645238888889,0,4,車両相互
2023,33.449326111111105,129.98406083333333,0,1,車両相互
2023,33.46571416666667,129.95431305555553,0,1,人対車両
2023,33.395875833333335,129.97880555555557,0,1,車両相互
2023,33.45306083333334,129.94271833333335,0,1,車両相互
2023,33.44866666666666,129.97003527777778,0,1,車両相互
2023,33.423427777777775,129.99879027777777,0,1,車両相互
2023,33.44305388888888,129.9660875,0,1,車両相互
2023,33.45606111111111,130.04183749999999,0,1,車両相互
2023,33.51595638888889,129.90445722222222,0,1,車両相互
2023,33.440663611111106,129.96478499999998,0,2,車両相互
2023,33.45528527777778,129.9627086111111,0,1,車両相互
2023,33.268235833333335,129.88169861111112,0,1,車両相互
2023,33.278820833333334,129.84542444444446,0,2,車両相互
2023,33.26287194444444,129.8591825,0,1,車両相互
2023,33.27308138888889,129.89011638888888,0,2,車両相互
2023,33.25899444444445,129.85683055555555,0,2,車両相互
2023,33.215006388888895,129.84683722222223,0,1,車両相互
2023,33.259193055555556,129.90003361111113,0,1,車両相互
2023,33.27454861111111,129.8850613888889,0,1,車両相互
2023,33.18879611111111,129.87132222222223,0,1,人対車両
2023,33.26240527777778,129.88174916666668,0,1,車両相互
2023,33.27816388888889,129.87213916666667,0,1,人対車両
2023,33.18633222222222,129.89630333333332,0,1,車両相互
2023,33.26571111111111,129.85855333333333,0,1,車両相互
2023,33.204034722222225,129.8501572222222,0,1,車両相互
2023,33.258985,129.89983166666667,0,2,車両相互
2023,33.278734444444446,129.87720361111113,0,1,車両相互
2023,33.18215055555555,129.8860025,0,1,人対車両
2023,33.265545,129.88079722222224,0,1,人対車両
2023,33.19299694444444,129.8510836111111,0,1,車両相互
2023,33.277385,129.89490444444445,0,1,車両相互
2023,33.28084111111111,129.87903083333333,0,1,車両相互
2023,33.319568888888895,129.80814555555557,0,1,車両相互
2023,33.269265555555556,129.88762555555556,0,2,車両相互
2023,33.26206111111111,129.93767861111112,0,1,車両相互
2023,33.20605833333334,130.03693277777776,0,2,車両単独
2023,33.20180861111111,130.05341750000002,0,1,車両相互
2023,33.19589361111111,130.02832,0,1,車両相互
2023,33.19464083333333,129.9795275,0,5,車両相互
2023,33.19441694444444,129.97979361111112,0,1,車両相互
2023,33.215070000000004,130.09286666666668,0,1,車両相互
2023,33.20214555555556,130.0267166666667,0,1,車両相互
2023,33.220082500000004,130.06228333333334,0,1,車両相互
2023,33.19486805555555,129.9793097222222,0,1,車両相互
2023,33.20776361111111,130.0410588888889,0,1,車両相互
2023,33.14727444444444,130.12269777777777,0,1,車両相互
2023,33.15323138888889,130.12436583333334,0,1,車両相互
2023,33.21274694444445,130.113015,0,1,人対車両
2023,33.21762694444445,130.15735,0,2,車両相互
2023,33.18908194444444,130.1400425,0,1,車両相互
2023,33.15428583333333,130.1058688888889,0,1,車両相互
2023,33.0112925,130.18616194444445,0,1,車両相互
2023,33.09166472222223,129.97609333333332,0,1,車両相互
2023,33.087361111111115,130.11740527777778,0,3,車両相互
2023,33.101821111111114,129.98670777777775,0,1,車両相互
2023,33.1446475,130.06344333333334,0,1,車両相互
2023,33.12894555555555,129.99366777777777,0,1,車両相互
2023,32.99744944444445,130.17433083333333,0,2,車両相互
2023,33.125663055555556,130.06256555555558,0,2,車両相互
2023,33.10157027777778,129.98425777777777,0,2,車両相互
2023,33.09518027777778,130.09285944444446,0,1,車両相互
2023,33.09919166666667,129.98735,0,2,人対車両
2023,33.094369444444446,130.09367805555556,0,1,車両相互
2023,33.25024555555556,130.3195561111111,0,1,車両相互
2023,33.239603055555555,130.28714944444445,0,1,人対車両
2023,33.25280388888889,130.31252444444445,0,1,車両相互
2023,33.23897138888889,130.30178722222223,0,1,車両相互
2023,33.23720388888889,130.31026083333333,0,1,車両相互
2023,33.247794444444445,130.31553055555557,0,2,車両相互
2023,33.247753611111115,130.32156694444444,0,1,車両相互
2023,33.244548611111114,130.32246055555555,0,2,車両相互
2023,33.23934055555556,130.29403861111112,0,1,車両相互
2023,33.239488333333334,130.29384166666665,0,1,車両相互
2023,33.24768861111111,130.32241805555554,0,1,車両相互
2023,33.26073638888889,130.30216416666667,0,1,車両相互
2023,33.2646975,130.32571527777776,0,1,車両相互
2023,33.23889722222222,130.29936944444444,0,1,車両相互
2023,33.24783277777778,130.32557972222222,0,1,車両相互
2023,33.24599666666667,130.26580777777778,0,1,車両相互
2023,33.2507325,130.3062488888889,0,1,車両相互
2023,33.25702361111111,130.30512722222224,0,1,車両相互
2023,33.26454611111111,130.32339666666667,0,1,車両相互
2023,33.220087500000005,130.2423222222222,0,1,車両相互
2023,33.257845277777776,130.30474972222223,0,1,車両相互
2023,33.25890388888889,130.31939555555556,0,1,車両相互
2023,33.239377777777776,130.30861222222222,0,1,車両相互
2022,33.25438777777778,130.31665944444447,0,2,車両相互
2023,33.24106277777778,130.2454875,0,1,人対車両
2023,33.20427027777778,130.27634694444447,0,1,車両相互
2023,33.24948944444444,130.3135513888889,0,1,車両相互
2023,33.250236111111114,130.2497836111111,0,1,車両相互
2023,33.21525472222223,130.2912311111111,0,1,車両相互
2023,33.250774444444446,130.30017583333336,0,1,人対車両
2023,33.24567166666667,130.32248027777777,0,2,車両相互
2023,33.24780527777778,130.3260388888889,0,1,車両相互
2023,33.19283972222222,130.31978555555554,0,1,車両単独
2023,33.232414444444444,130.33170833333332,0,3,車両相互
2023,33.25986388888889,130.31908694444445,0,2,車両相互
2023,33.291872777777776,130.23875416666667,0,1,車両相互
2023,33.303448055555556,130.32002416666666,0,1,車両相互
2023,33.260710277777775,130.31866472222222,0,1,車両相互
2023,33.263263611111114,130.3000713888889,0,1,車両相互
2023,33.30245111111111,130.27932944444447,0,1,車両相互
2023,33.29275722222222,130.28534083333332,0,1,車両相互
2023,33.26265583333333,130.30091083333335,0,1,車両相互
2023,33.28172861111111,130.2692575,0,2,車両相互
2023,33.2671025,130.29698333333334,0,1,車両相互
2023,33.267401666666665,130.29896638888889,0,1,車両相互
2023,33.27603666666666,130.30502611111112,0,1,車両相互
2023,33.27023527777778,130.31759916666667,0,1,車両相互
2023,33.26304583333334,130.31751166666666,0,1,車両相互
2023,33.28637,130.31419472222223,0,1,車両相互
2023,33.26377222222222,130.29053444444443,0,1,車両相互
2023,33.28339083333333,130.2918425,0,1,車両相互
2023,33.30289333333333,130.28012222222225,0,1,車両相互
2023,33.26671361111111,130.2564338888889,0,1,車両相互
2023,33.26150805555555,130.29318194444446,0,1,車両相互
2023,33.264853333333335,130.27851444444445,0,1,車両相互
2023,33.25951694444444,130.3201263888889,0,2,車両相互
2023,33.26860277777778,130.2608277777778,0,4,車両相互
2023,33.26468,130.2993686111111,0,1,車両単独
2023,33.309042777777776,130.2611552777778,0,1,車両相互
2023,33.326436944444445,130.26782583333335,0,1,車両相互
2023,33.26453305555555,130.27466833333335,0,1,車両相互
2023,33.321603333333336,130.30704611111113,0,1,車両相互
2023,33.26645805555555,130.29290777777777,0,1,車両相互
2023,33.26842944444444,130.27822916666668,0,1,車両相互
2023,33.27862555555556,130.29863166666667,0,1,車両相互
2023,33.315575833333334,130.26614333333333,0,1,車両相互
2023,33.27746361111111,130.33963472222223,0,2,車両相互
2023,33.27309527777778,130.2823175,0,1,車両相互
2023,33.2726475,130.2771363888889,0,1,車両相互
2023,33.27628027777778,130.27046194444446,0,1,車両相互
2023,33.26813277777778,130.28103111111113,0,1,人対車両
2023,33.27039805555555,130.31763277777776,0,1,車両相互
2023,33.275129166666666,130.27335694444446,0,1,車両相互
2023,33.28013388888889,130.28440527777778,0,1,車両相互
2023,33.26596111111111,130.2512375,0,2,車両相互
2023,33.26629138888889,130.25325388888888,0,2,車両相互
2023,33.2738325,130.30528166666667,0,1,車両相互
2023,33.27475833333333,130.2996938888889,0,1,車両相互
2023,33.26579666666667,130.30203944444446,0,1,車両相互
2023,33.267648888888885,130.30103222222223,0,1,車両相互
2023,33.26855222222222,130.27805972222222,0,1,車両単独
2023,33.32251638888889,130.28035805555558,0,1,車両相互
2023,33.26368055555555,130.28892583333334,0,1,車両相互
2023,33.27283111111111,130.2774938888889,0,1,車両相互
2023,33.27222805555555,130.28656222222222,0,1,車両相互
2023,33.31117166666667,130.28669916666666,0,3,車両相互
2023,33.294068055555556,130.30135,0,1,車両相互
2023,33.27630166666667,130.30494611111112,0,2,車両相互
2023,33.272929166666664,130.28148777777778,0,1,車両相互
2023,33.26769222222222,130.2936572222222,0,1,車両相互
2023,33.25936388888889,130.29309388888888,0,2,車両相互
2023,33.273336666666665,130.29298888888889,0,1,車両相互
2023,33.35239833333333,130.24720833333333,0,1,車両相互
2023,32.73910138888889,129.87440166666667,0,5,車両相互
2023,33.20290277777778,129.6720636111111,0,1,車両相互
2023,32.83077361111111,130.07154944444443,0,2,車両相互
2023,32.769752777777775,129.8579311111111,0,2,車両相互
2023,32.74175666666667,129.87411861111113,0,5,車両相互
2023,32.77030861111111,129.8612075,0,1,車両相互
2023,32.774928333333335,129.95092305555553,0,2,車両相互
2023,32.7428925,129.8750627777778,0,1,車両相互
2023,32.752296944444446,129.8920711111111,0,1,人対車両
2023,32.759817777777776,129.94386722222222,0,1,車両相互
2023,32.76408583333333,129.94804805555555,0,2,車両相互
2023,32.75069305555556,129.87144472222224,0,1,車両相互
2023,32.74163361111111,129.87903055555557,0,2,人対車両
2023,32.76419333333333,129.86465055555556,0,1,車両相互
2023,32.704500833333334,129.91013527777778,0,1,人対車両
2023,32.740568055555556,129.87468166666667,0,1,人対車両
2023,32.74811611111111,129.87226444444445,0,2,車両相互
2023,32.729525,129.83477694444446,0,1,車両相互
2023,32.76452416666667,129.97020972222222,0,2,車両相互
2023,32.75210138888889,129.89104055555555,0,2,車両相互
2023,32.755871666666664,129.88590944444445,0,1,車両相互
2023,32.76443861111111,129.86439,0,1,車両相互
2023,32.74485888888889,129.87172333333334,0,1,車両相互
2023,32.751595555555554,129.88664916666667,0,1,車両相互
2023,32.742533333333334,129.87993805555556,0,1,人対車両
2023,32.756588055555554,129.8699713888889,0,1,車両相互
2023,32.76839555555556,129.95228722222222,0,1,車両相互
2023,32.7600575,129.86679333333333,0,1,人対車両
2023,32.76730777777777,129.9473272222222,0,1,車両相互
2023,32.765276666666665,129.86503416666667,0,1,車両相互
2023,32.70610805555556,129.84977777777777,0,1,車両相互
2023,32.721382500000004,129.86062638888887,0,1,車両相互
2023,32.737539444444444,129.87056194444446,0,1,車両相互
2023,32.72415083333333,129.86980333333335,0,1,人対車両
2023,32.71347472222222,129.86619194444444,0,2,車両相互
2023,32.687106111111106,129.83215388888888,0,1,車両相互
2023,32.7318225,129.8652913888889,0,1,車両相互
2023,32.72007777777778,129.85803888888887,1,5,車両相互
2023,32.68641861111111,129.84598277777778,0,1,人対車両
2023,32.79918555555555,129.84528805555556,0,1,車両相互
2023,32.794891388888885,129.85524222222222,0,1,車両相互
2023,32.7798325,129.85473305555556,0,1,車両単独
2023,32.774749444444446,129.85914138888887,0,1,車両相互
2023,32.7774875,129.8015575,0,2,車両相互
2023,32.783375,129.84228027777777,0,1,車両相互
2023,32.79497361111111,129.85587611111112,0,1,車両相互
2022,32.768052499999996,129.8661975,0,1,車両相互
2023,32.77689972222222,129.8620525,0,1,車両相互
2023,32.769354444444446,129.8651788888889,0,1,車両相互
2023,32.77601694444444,129.8587061111111,0,1,車両相互
2023,32.77865972222222,129.8591586111111,0,1,車両相互
2023,32.7874025,129.87077444444446,0,1,人対車両
2023,32.79776388888889,129.87744805555556,0,1,車両相互
2023,32.76662638888889,129.86411333333334,0,1,車両相互
2023,32.78569583333333,129.89245666666665,0,1,車両相互
2023,32.77827222222222,129.86180472222222,0,1,車両相互
2023,32.80363944444444,129.85167194444443,0,1,車両相互
2023,32.77045722222222,129.85755722222223,0,1,車両相互
2023,32.782178888888886,129.86350166666665,0,1,車両相互
2023,32.79078222222222,129.8620508333333,0,1,車両相互
2023,32.771768333333334,129.86304888888887,0,1,人対車両
2023,32.802480833333334,129.85263805555556,0,1,車両単独
2023,32.78022194444444,129.8608086111111,0,1,車両相互
2023,32.84453916666667,129.78232555555556,0,1,車両相互
2023,32.83077166666667,129.84741944444445,0,1,人対車両
2023,32.81445027777777,129.87716722222223,0,1,車両相互
2023,32.83267111111111,129.85649694444444,0,1,車両単独
2023,32.81284888888889,129.80893111111112,0,2,車両相互
2023,32.82351888888889,129.76486916666667,0,1,車両相互
2023,32.819117777777784,129.8470025,0,1,車両相互
2023,32.80030555555555,129.8662225,0,2,車両相互
2023,32.82840916666667,129.87727361111112,0,1,人対車両
2023,32.831879722222226,129.87186861111113,0,1,車両相互
2023,32.83222277777778,129.8450852777778,0,1,車両相互
2023,32.84982361111111,129.8285875,0,1,車両相互
2023,32.83328138888889,129.8438027777778,0,1,車両相互
2023,32.83420777777778,129.84128333333334,0,1,車両相互
2023,32.86050277777778,129.81426055555556,0,1,車両相互
2023,32.82273027777778,129.87387194444446,0,1,車両相互
2023,32.831608055555556,129.86618944444444,0,1,車両相互
2023,32.821155833333336,129.84816777777777,0,1,車両相互
2023,32.84977194444445,129.82815666666667,0,1,車両相互
2023,32.85225916666667,129.82534333333334,0,1,車両相互
2023,32.82760861111112,129.77835416666667,0,1,人対車両
2023,32.83466361111111,129.84508333333335,0,1,人対車両
2023,33.04702555555556,129.7182875,0,2,車両単独
2023,33.03716305555555,129.63108194444445,0,1,車両相互
2023,33.046836388888885,129.74774499999998,0,2,車両相互
2022,32.83052083333334,129.99978305555555,0,2,車両相互
2023,32.83987944444445,130.01342277777778,0,1,車両相互
2023,32.826515,130.03494083333334,0,1,車両相互
2023,32.83619111111111,129.97684388888888,0,1,車両相互
2023,32.91474611111111,130.17882583333332,0,1,車両相互
2023,32.849285,130.04001027777778,0,1,車両相互
2023,32.85046055555556,130.06609,0,1,車両相互
2023,32.83251638888889,130.0499988888889,0,1,車両相互
2023,32.83396444444445,130.049765,0,2,車両相互
2023,32.81710694444445,129.96691194444443,0,1,車両相互
2023,32.84932805555556,130.04280666666668,0,1,車両相互
2023,32.826196111111116,129.97814,0,3,車両相互
2023,32.850375,130.0626063888889,0,3,車両相互
2023,32.842892500000005,129.96480194444445,0,1,車両相互
2023,32.83106444444445,130.0820161111111,0,1,車両相互
2023,32.8794525,130.02120944444445,0,1,車両相互
2023,32.83072722222222,130.0468302777778,0,2,車両相互
2023,32.8390825,130.02273694444446,0,1,車両相互
2023,32.842594444444444,130.05237083333336,0,1,車両相互
2023,32.84133527777778,130.03553777777776,0,1,車両相互
2023,32.839001111111116,130.03526166666666,0,1,車両相互
2023,32.86249638888889,130.02486805555557,0,4,車両相互
2023,32.78037527777778,130.01396027777778,0,2,車両相互
2023,32.832349722222226,130.0510602777778,0,1,車両相互
2023,32.843824444444444,130.05276,0,1,車両相互
2023,32.832570833333335,130.0592652777778,0,1,車両相互
2023,32.834691944444444,129.97907805555556,0,1,車両相互
2023,32.832839444444446,130.07752416666665,0,1,車両相互
2023,32.900591666666664,130.1309488888889,0,2,車両相互
2023,32.837337500000004,130.01558555555556,0,1,車両相互
2023,32.87014472222222,130.0606502777778,0,1,車両相互
2023,32.836485555555555,130.34568805555557,0,1,人対車両
2023,32.78814666666666,130.37120361111113,0,1,車両相互
2023,32.66085527777778,130.30150833333335,0,1,人対車両
2023,32.6626,130.31020194444446,0,1,車両相互
2023,32.713992222222224,130.34517222222223,0,1,車両相互
2023,32.61211083333333,130.18705527777777,0,1,車両相互
2023,32.84608416666667,130.2160358333333,0,2,車両相互
2023,32.876979444444444,130.30254722222224,0,1,人対車両
2023,32.84909722222223,130.2365961111111,1,4,車両相互
2023,32.78821972222222,130.19133722222222,0,1,車両相互
2023,32.92138333333333,129.95450722222222,0,1,人対車両
2023,32.850924722222224,130.0115325,0,1,車両相互
2023,32.94311333333333,129.94137055555555,0,1,車両相互
2023,32.90877111111111,129.96749444444444,0,1,車両相互
2023,32.94976861111111,129.93761361111112,0,1,人対車両
2023,32.921207499999994,129.94336027777777,0,2,車両相互
2023,32.930165833333334,129.9504822222222,0,1,車両相互
2023,32.88878416666667,129.9880697222222,0,1,車両相互
2023,32.89205055555556,129.96953666666667,0,2,車両相互
2023,32.922334444444445,129.96497444444444,0,1,人対車両
2023,32.889894444444444,129.97689111111112,0,1,車両相互
2023,32.899563055555554,129.95928138888888,0,2,車両相互
2023,32.891735555555556,129.97511805555555,0,1,車両相互
2023,32.92979555555555,129.95037916666666,0,1,車両相互
2023,32.93389166666666,129.94898,0,1,車両相互
2023,32.92422833333333,129.94240694444446,0,1,車両相互
2023,32.924999166666666,129.95135527777776,0,1,車両相互
2023,32.91999694444444,129.95897138888887,0,1,車両相互
2022,32.92921416666666,129.93816,0,1,車両相互
2023,32.91184722222222,129.96152555555554,0,1,車両相互
2023,32.92442555555555,129.94933777777777,0,2,車両相互
2023,33.00188194444444,129.94672916666667,0,1,車両相互
2023,33.03538944444444,129.9234886111111,0,1,車両相互
2023,33.1095875,129.868615,0,1,車両相互
2023,33.08444277777778,129.75552944444445,0,1,車両相互
2023,33.13612583333333,129.80374305555557,0,1,人対車両
2023,33.12920305555556,129.79817305555557,0,1,人対車両
2023,33.15658138888889,129.83063055555556,0,1,車両相互
2023,33.150372777777775,129.76871500000001,0,1,人対車両
2023,33.13610388888889,129.8037563888889,0,1,人対車両
2023,33.13807861111111,129.7952425,0,1,車両相互
2023,33.14479277777778,129.81753916666668,0,1,車両相互
2023,33.15058472222222,129.7805227777778,0,1,車両相互
2023,33.156213055555554,129.77401222222224,0,1,車両相互
2023,33.127105,129.79673333333332,0,1,車両相互
2023,33.15081833333333,129.76649111111112,0,3,車両相互
2023,33.16950972222222,129.73345027777776,0,1,車両相互
2023,33.14947027777778,129.7444175,0,1,車両相互
2023,33.175266388888886,129.71981166666666,0,1,人対車両
2023,33.21078055555556,129.72147305555555,0,1,車両相互
2023,33.20909416666667,129.7677441666667,0,1,車両相互
2023,33.15978111111111,129.74104138888887,0,1,車両相互
2023,33.117825555555555,129.6851327777778,0,1,人対車両
2023,33.161630555555554,129.7475436111111,0,2,車両相互
2023,33.17937583333333,129.71577777777776,0,1,車両相互
2023,33.158743333333334,129.73421305555553,0,1,車両相互
2023,33.17150944444444,129.72206777777777,0,1,車両相互
2023,33.15761416666667,129.76604694444444,0,1,車両相互
2023,33.16760166666666,129.7204413888889,0,1,人対車両
2023,33.15631888888889,129.73286638888888,0,1,車両相互
2023,33.179198888888884,129.71612444444443,0,1,車両相互
2023,33.213035833333336,129.70245805555555,1,0,人対車両
2022,33.197851388888886,129.66954777777778,0,3,車両相互
2023,33.19604888888889,129.65263222222222,0,1,車両相互
2023,33.17599166666666,129.66960416666666,0,1,車両相互
2023,33.26844972222222,129.7021711111111,0,1,車両相互
2023,33.26620361111111,129.67718666666667,0,1,人対車両
2023,33.3077025,129.62836194444446,0,1,車両相互
2023,33.21817333333333,129.65736722222223,0,1,車両相互
2023,33.31050611111111,129.62171361111112,0,2,車両相互
2023,33.27325944444444,129.68863833333333,0,1,人対車両
2023,33.31664833333333,129.60844527777778,0,1,車両相互
2023,33.224336666666666,129.65463666666668,0,1,車両相互
2023,33.366323055555554,129.66283944444444,0,1,車両相互
2023,33.34701944444445,129.7032008333333,1,0,人対車両
2023,32.688604166666664,128.81699944444443,0,3,車両相互
2023,32.690645277777776,128.83731,0,1,人対車両
2023,34.424925555555554,129.36117416666667,0,1,車両相互
2023,34.22624555555556,129.2966188888889,0,1,車両相互
2023,32.95983944444445,130.47504694444444,0,4,車両相互
2022,32.99725611111111,130.43693555555555,0,1,人対車両
2023,32.991663333333335,130.4936686111111,0,1,車両相互
2023,32.972707222222226,130.44457694444444,0,1,車両相互
2023,32.976930555555555,130.4631861111111,0,1,車両相互
2022,32.98499527777778,130.46953666666667,0,1,人対車両
2023,32.98516333333333,130.49221805555555,0,1,車両相互
2023,32.98406305555556,130.45016166666665,0,1,車両相互
2023,32.99731472222222,130.43650666666667,0,1,車両相互
2023,33.001377777777776,130.43443305555556,0,2,車両相互
2023,32.96885666666667,130.43379916666666,0,1,車両相互
2023,32.92399833333333,130.45685583333332,1,0,人対車両
2023,32.47191138888889,130.25387305555554,0,2,車両相互
2023,32.48473583333333,130.1484822222222,0,1,車両相互
2023,32.45986694444445,130.19200055555555,0,1,人対車両
2023,32.429365,130.21796277777779,0,1,車両相互
2023,32.55146583333333,130.4191286111111,0,1,車両相互
2023,32.596895,130.43511166666667,0,3,車両相互
2023,33.59928027777778,130.38022916666668,0,2,車両相互
2023,33.55883027777777,130.47080944444446,0,5,車両相互
2023,33.600164722222225,130.39235555555555,0,2,車両相互
2023,33.53012416666667,130.49644277777776,0,1,車両相互
2023,33.628055555555555,130.41667833333332,0,1,車両相互
2023,33.56647333333333,130.31790194444443,0,3,車両相互
2023,33.63487527777778,130.42322638888888,0,1,車両相互
2023,33.60310972222222,130.40947500000001,0,1,車両相互
2023,33.54177277777777,130.4331611111111,0,5,車両相互
2023,33.51201833333333,130.49753805555554,0,3,車両相互
2023,33.63144111111111,130.41811694444442,0,1,車両相互
2023,33.540840833333334,130.4177597222222,0,1,車両相互
2023,33.62941388888889,130.41739194444443,0,1,車両相互
2023,33.62891861111111,130.48990638888887,0,4,車両相互
2023,33.572918333333334,130.27862388888892,0,1,車両相互
2023,33.63512444444444,130.42209527777777,0,3,車両相互
2023,33.59588277777778,130.3588311111111,0,1,車両相互
2023,33.63522916666667,130.42048583333332,0,1,車両相互
2023,33.63766833333333,130.490175,0,1,車両相互
2022,33.69772638888889,130.48550138888888,0,1,車両相互
2023,33.57795277777778,130.40580583333335,0,2,車両相互
2023,33.582569722222225,130.39505,0,2,車両相互
2022,33.58779055555556,130.40098527777778,0,1,人対車両
2023,33.59397694444445,130.39753083333332,0,1,車両相互
2023,33.58262555555556,130.40755472222222,0,1,車両相互
2023,33.592171111111114,130.3838275,0,1,車両相互
2022,33.5900425,130.40575805555557,0,1,人対車両
2023,33.589623055555556,130.40528472222223,0,2,車両相互
2023,33.585073333333334,130.40129472222222,0,1,車両相互
2023,33.59561916666667,130.4000186111111,0,1,車両相互
2023,33.58644888888889,130.39272416666665,0,1,車両相互
2023,33.57750361111111,130.37686222222223,0,1,車両相互
2023,33.59202888888889,130.39534749999999,0,1,車両相互
2023,33.58437583333333,130.38904527777777,0,1,車両相互
2023,33.58026305555556,130.39569416666666,0,1,車両相互
2023,33.578854444444445,130.40101916666669,0,1,車両相互
2023,33.58526444444445,130.4049725,0,1,車両単独
2023,33.57916083333334,130.40069027777778,0,1,人対車両
2023,33.583844444444445,130.40473805555555,0,1,車両相互
2023,33.58835472222223,130.40014972222224,0,1,車両相互
2023,33.59095416666667,130.39415499999998,0,1,人対車両
2023,33.57775277777778,130.3779027777778,0,1,人対車両
2023,33.57826194444445,130.3769411111111,0,1,人対車両
2023,33.58168722222223,130.3739177777778,0,1,人対車両
2023,33.589329722222224,130.39944,0,3,車両相互
2023,33.59279388888889,130.36237416666665,0,1,車両相互
2023,33.587899722222225,130.40144416666666,0,1,車両相互
2023,33.5978,130.37826833333335,0,1,車両相互
2023,33.581812500000005,130.40133722222222,0,1,車両単独
2023,33.587901111111115,130.4077411111111,0,1,車両相互
2023,33.59145361111111,130.36403222222222,0,3,車両相互
2023,33.58409416666667,130.38850777777776,0,1,車両相互
2023,33.594568611111114,130.37194944444445,0,2,車両相互
2023,33.58242277777778,130.37358777777777,0,1,人対車両
2023,33.593943888888894,130.39443305555554,0,2,車両相互
2023,33.599088055555555,130.37012055555556,0,2,車両相互
2023,33.577267777777784,130.4028075,0,1,車両相互
2023,33.588515,130.36616638888887,0,1,車両相互
2023,33.57178972222223,130.40016916666667,0,1,車両相互
2023,33.569606944444445,130.37623944444445,0,1,車両相互
2023,33.56389,130.38974444444443,0,1,車両相互
2023,33.59782027777778,130.37828333333334,0,1,車両相互
2023,33.59353388888889,130.40198194444446,0,1,車両相互
2023,33.57272861111112,130.39581805555554,0,1,人対車両
2023,33.56747777777778,130.3942711111111,0,1,車両相互
2023,33.57645,130.40864694444446,0,1,車両相互
2023,33.582410833333334,130.40220444444444,0,1,車両相互
2023,33.569455000000005,130.3774613888889,0,2,車両相互
2023,33.58999527777778,130.3786102777778,0,1,車両相互
2023,33.57136916666667,130.39967,0,1,車両相互
2023,33.57579444444445,130.4025125,0,2,車両相互
2023,33.5915625,130.36839861111113,0,1,人対車両
2023,33.58535638888889,130.40508944444446,0,1,人対車両
2023,33.59293944444445,130.37025416666668,0,1,人対車両
2023,33.57768805555556,130.39159222222222,0,1,車両相互
2023,33.58735638888889,130.39996472222222,0,1,車両相互
2022,33.57954333333333,130.40856194444444,0,1,車両相互
2023,33.59498083333334,130.3966413888889,0,1,車両相互
2023,33.56106472222222,130.38613805555553,0,1,車両相互
2023,33.56988638888889,130.39773694444443,0,1,車両相互
2023,33.57738472222223,130.41066138888888,0,1,車両相互
2023,33.57981666666667,130.4085511111111,0,1,車両相互
2023,33.566309999999994,130.39072249999998,0,1,人対車両
2023,33.59355916666667,130.3802936111111,0,1,車両相互
2023,33.589710000000004,130.39976472222222,0,1,車両相互
2023,33.58884555555556,130.38345666666666,0,1,車両相互
2023,33.57721638888889,130.4005461111111,0,1,人対車両
2023,33.57952666666667,130.40195222222223,0,1,車両相互
2023,33.58460055555556,130.38963611111112,0,1,車両相互
2023,33.58390861111111,130.3878286111111,0,1,車両相互
2023,33.58042888888889,130.3964758333333,0,1,車両相互
2023,33.587993611111116,130.40143361111112,0,1,車両相互
2023,33.58470305555556,130.37211555555555,0,1,車両相互
2023,33.570977777777784,130.4551386111111,0,2,車両相互
2023,33.58499527777778,130.41453777777778,0,1,車両相互
2023,33.60121027777778,130.4188108333333,0,1,人対車両
2023,33.60616527777778,130.43758555555556,0,2,車両相互
2023,33.581159722222225,130.44279722222223,0,1,車両相互
2023,33.544626944444445,130.45948777777775,0,1,車両相互
2023,33.58728222222222,130.42157027777776,0,1,人対車両
2023,33.58318722222223,130.42704194444443,0,1,車両相互
2023,33.60621416666667,130.4324983333333,0,2,人対車両
2023,33.57571194444445,130.4205386111111,0,1,車両相互
2023,33.59697861111111,130.4198661111111,0,2,車両相互
2023,33.60214361111111,130.42729194444445,0,1,人対車両
2023,33.586780555555556,130.4236236111111,0,1,人対車両
2023,33.575901388888894,130.43523972222224,0,1,車両相互
2023,33.60269666666667,130.42085083333333,0,1,人対車両
2023,33.57871361111111,130.41972583333333,0,1,人対車両
2023,33.57448388888889,130.43919055555557,0,1,車両相互
2023,33.58488333333334,130.41606666666667,0,1,車両相互
2023,33.555004999999994,130.45326527777777,0,1,車両相互
2023,33.602738333333335,130.40604666666667,0,1,人対車両
2022,33.6031025,130.4045336111111,0,1,車両相互
2023,33.59334305555556,130.4050488888889,0,1,車両相互
2023,33.55445777777778,130.47724527777777,0,1,車両相互
2023,33.595352500000004,130.41604166666667,0,1,車両相互
2023,33.57105083333334,130.47199555555557,1,0,車両相互
2023,33.5963575,130.41159777777779,0,1,車両相互
2023,33.595309444444446,130.41587083333334,0,1,車両相互
2023,33.58862666666667,130.41774027777777,0,1,車両相互
2023,33.56149472222222,130.46831472222223,0,2,車両相互
2023,33.5964675,130.42077083333334,0,2,車両相互
2022,33.59245416666667,130.41146833333335,0,1,車両相互
2023,33.575181944444445,130.42167999999998,0,2,車両相互
2023,33.597907222222226,130.40143805555556,0,1,車両相互
2023,33.56895805555556,130.46506805555555,0,1,車両相互
2023,33.57899694444445,130.4395525,0,1,車両相互
2023,33.56269888888889,130.45173277777778,0,1,車両相互
2023,33.594861944444446,130.43081027777777,0,1,車両相互
2023,33.58740027777778,130.41834777777777,0,1,車両相互
2023,33.60395166666667,130.4298211111111,0,1,人対車両
2023,33.57083083333334,130.4315236111111,0,1,車両相互
2023,33.583489166666666,130.45661222222222,0,1,車両相互
2023,33.59430666666667,130.424445,0,1,車両相互
2023,33.55739944444444,130.45554777777775,0,1,車両相互
2023,33.577172222222224,130.4323036111111,0,1,人対車両
2023,33.59598777777778,130.4244222222222,0,1,車両相互
2023,33.60138888888889,130.40211583333334,0,1,車両相互
2023,33.58646277777778,130.43477472222222,0,1,車両相互
2023,33.572865,130.44819527777778,0,2,車両相互
2023,33.56173083333333,130.44717500000002,0,1,車両相互
2023,33.60255333333333,130.41346222222222,0,1,人対車両
2023,33.57703805555556,130.4163677777778,0,2,車両相互
2023,33.578792222222226,130.41981888888887,0,1,車両相互
2023,33.55272833333333,130.45612777777777,0,1,人対車両
2023,33.57824305555556,130.44603472222224,0,1,車両相互
2023,33.596335,130.4279761111111,0,1,車両相互
2023,33.60115555555556,130.43537944444444,0,1,車両相互
2023,33.58511111111111,130.4270775,0,1,人対車両
2023,33.59388388888889,130.42476805555555,0,1,車両相互
2023,33.55868666666667,130.46012222222222,0,1,車両相互
2023,33.592734722222225,130.40797194444445,0,1,車両相互
2023,33.60142416666667,130.43706805555556,0,1,車両相互
2023,33.59330666666667,130.4354622222222,0,1,車両相互
2023,33.59977666666667,130.40132722222222,0,1,車両相互
2023,33.57728416666667,130.41656527777778,0,1,車両相互
2023,33.59251944444445,130.43579444444444,0,1,車両相互
2023,33.590940833333335,130.41928055555556,0,1,車両相互
2023,33.56838527777778,130.4588136111111,0,1,車両相互
2023,33.58899888888889,130.4101575,0,2,車両相互
2023,33.591633333333334,130.41951638888887,0,1,車両相互
2023,33.60226388888889,130.4039213888889,0,1,車両相互
2023,33.596471666666666,130.43493083333334,0,1,車両相互
2022,33.592258333333334,130.40770666666668,0,1,車両相互
2023,33.58935805555556,130.41656972222222,0,1,車両相互
2023,33.578270833333335,130.43419861111113,0,1,車両相互
2023,33.58968388888889,130.41008583333334,0,1,人対車両
2023,33.59166944444445,130.41902444444443,0,1,車両相互
2023,33.56041222222222,130.45912944444444,0,1,車両相互
2023,33.59853833333334,130.4088436111111,0,2,車両相互
2023,33.56381694444444,130.438525,0,1,車両相互
2023,33.604375833333336,130.41113388888888,0,1,車両相互
2023,33.56795805555556,130.458935,0,1,車両相互
2023,33.545070833333334,130.47045583333335,0,1,車両相互
2023,33.56505583333333,130.443005,0,1,車両相互
2023,33.55625611111111,130.4728147222222,0,1,車両相互
2023,33.58968361111111,130.41865055555556,0,1,車両相互
2023,33.598398888888894,130.41934638888887,0,1,人対車両
2023,33.595240000000004,130.42305527777776,0,1,車両相互
2023,33.6017725,130.41088833333333,0,1,車両相互
2023,33.561631388888884,130.4428213888889,0,1,車両相互
2023,33.577423888888895,130.44554444444444,0,1,車両相互
2023,33.57500972222223,130.478645,0,1,車両相互
2023,33.56761111111111,130.4469925,0,1,車両相互
2023,33.581341944444446,130.44306777777777,0,1,車両相互
2023,33.58785527777778,130.4234136111111,0,1,人対車両
2023,33.59335305555556,130.4129066666667,0,1,車両相互
2023,33.60501138888889,130.4304686111111,0,1,車両相互
2023,33.56709416666667,130.43254305555556,0,1,人対車両
2023,33.58020861111111,130.42338916666665,0,2,車両相互
2023,33.56467527777777,130.4648586111111,0,1,車両相互
2023,33.57229138888889,130.4382175,0,1,車両相互
2023,33.60258888888889,130.41365583333334,0,2,車両相互
2023,33.556731111111105,130.45214694444442,0,1,車両相互
2023,33.554025555555555,130.45288944444442,0,1,車両相互
2023,33.593246666666666,130.42573083333332,0,1,車両相互
2023,33.57997694444445,130.4582272222222,0,1,車両相互
2023,33.59828277777778,130.43073055555556,0,2,車両相互
2023,33.60952694444445,130.41116055555557,0,1,車両相互
2023,33.57844694444445,130.41898805555556,0,1,車両相互
2023,33.58565166666667,130.4347313888889,0,1,車両相互
2023,33.57651888888889,130.42730083333333,0,1,車両相互
2022,33.58591361111112,130.42439527777776,0,1,車両相互
2023,33.59558888888889,130.41990777777778,0,1,車両相互
2023,33.56034833333333,130.44835944444443,0,1,車両相互
2023,33.57904944444445,130.44531,0,1,車両相互
2023,33.6044225,130.44564444444444,0,1,車両相互
2023,33.59128527777778,130.4182772222222,0,1,車両相互
2023,33.59829777777778,130.4309425,0,1,人対車両
2023,33.66235611111111,130.43887333333333,0,2,車両相互
2023,33.610439166666666,130.41175083333334,0,1,車両相互
2023,33.69137555555555,130.42353166666666,0,1,車両相互
2023,33.61619805555556,130.4153677777778,0,1,車両相互
2023,33.628122777777776,130.4401452777778,0,1,車両相互
2023,33.650285277777776,130.4402511111111,0,1,車両相互
2023,33.65577722222222,130.44214972222224,0,1,車両相互
2023,33.63216361111111,130.4377736111111,0,1,車両相互
2023,33.65667416666667,130.4399836111111,0,1,人対車両
2023,33.61910833333334,130.43892555555556,0,1,車両相互
2023,33.628886666666666,130.43999333333335,0,2,車両相互
2023,33.696259999999995,130.4358713888889,0,1,車両相互
2023,33.61248361111111,130.42547944444445,0,1,車両相互
2023,33.61558111111111,130.4112738888889,0,1,車両相互
2023,33.609365000000004,130.4380588888889,0,1,人対車両
2022,33.652478333333335,130.43453916666667,0,1,人対車両
2023,33.66928444444444,130.44996305555557,0,1,車両相互
2023,33.61796638888889,130.4385577777778,0,1,車両相互
2023,33.62797305555556,130.42680888888887,0,1,車両単独
2023,33.635268333333336,130.48280555555556,0,1,車両相互
2023,33.67099638888889,130.4294786111111,0,1,人対車両
2023,33.63437555555556,130.49287777777778,0,4,車両相互
2023,33.62543083333333,130.43984138888888,0,1,車両相互
2023,33.68461138888888,130.29093694444444,0,1,車両相互
2022,33.65815694444444,130.4314838888889,0,1,人対車両
2023,33.62868944444445,130.44677000000001,0,1,車両相互
2023,33.62747,130.45208666666664,0,1,車両相互
2023,33.64320222222222,130.42380333333332,0,1,車両相互
2023,33.61622972222222,130.41560055555556,0,2,車両相互
2023,33.65591,130.4415688888889,0,2,車両相互
2023,33.63265166666667,130.46308555555555,0,1,車両相互
2023,33.64131138888889,130.46768972222222,0,1,車両相互
2023,33.62292472222222,130.43928305555556,0,1,人対車両
2023,33.617224444444446,130.444215,0,1,人対車両
2022,33.63211833333333,130.4265136111111,0,1,車両相互
2023,33.628523055555554,130.44797944444446,0,1,車両相互
2022,33.64864027777778,130.3526011111111,0,1,車両相互
2023,33.632983055555556,130.42724388888888,0,1,車両相互
2023,33.6587325,130.442975,0,1,車両相互
2023,33.65779527777778,130.43045527777778,0,1,人対車両
2022,33.63754472222222,130.44097972222224,0,1,車両相互
2023,33.619504444444445,130.42666972222221,0,1,車両相互
2023,33.636831388888886,130.47602055555555,0,1,車両相互
2023,33.61682777777778,130.43244694444442,0,1,人対車両
2023,33.62262583333333,130.43930111111112,0,2,車両相互
2023,33.65691861111111,130.4491238888889,0,2,車両相互
2023,33.61838222222222,130.41193694444445,0,1,車両相互
2023,33.645495555555556,130.4433938888889,0,1,車両相互
2023,33.64771138888889,130.43943222222222,0,1,車両相互
2023,33.642693333333334,130.44103305555555,0,1,車両相互
2023,33.652136666666664,130.41532555555557,0,1,車両相互
2023,33.632599444444445,130.44130944444444,0,2,車両相互
2023,33.621545833333336,130.42628083333332,0,1,車両相互
2023,33.657982777777775,130.43856916666667,0,1,車両相互
2023,33.61915111111111,130.42972,0,1,車両相互
2023,33.63713944444444,130.42481694444444,0,1,車両相互
2023,33.617065555555556,130.41627444444444,0,1,車両相互
2023,33.66801583333333,130.42100472222222,0,1,車両相互
2023,33.67987833333333,130.39109138888887,0,2,車両相互
2023,33.630965277777776,130.4485077777778,0,1,車両相互
2023,33.69429888888889,130.42318305555554,0,1,車両相互
2023,33.61732472222222,130.4115152777778,0,2,車両相互
2023,33.65141666666666,130.45180499999998,0,1,車両相互
2023,33.61062138888889,130.43867333333333,0,1,車両相互
2023,33.63835777777778,130.42546472222222,0,1,車両相互
2023,33.66990388888889,130.44287861111113,0,1,車両相互
2023,33.634502777777776,130.4407561111111,0,2,車両相互
2023,33.63102,130.44453083333335,0,1,車両相互
2023,33.65362611111111,130.33744972222223,0,1,車両相互
2023,33.625055,130.43970305555555,0,1,車両相互
2023,33.67366666666666,130.44504166666667,0,1,車両相互
2023,33.67559555555555,130.4395536111111,0,3,車両相互
2023,33.627434722222226,130.44331888888888,0,1,車両相互
2023,33.67150722222222,130.45149972222222,0,2,車両相互
2023,33.617960555555555,130.44017555555556,0,1,車両相互
2023,33.65015472222222,130.4432975,0,2,車両相互
2023,33.668281111111106,130.44039527777778,0,1,人対車両
2023,33.695701111111106,130.4461088888889,0,1,車両相互
2023,33.64420944444444,130.45474666666667,0,1,人対車両
2023,33.64498666666667,130.43342444444446,0,2,車両相互
2023,33.650576944444445,130.43390305555556,0,1,車両相互
2023,33.62496388888889,130.45065416666665,0,2,車両相互
2023,33.64676611111111,130.44071194444444,0,1,車両相互
2023,33.69788694444444,130.4208825,0,1,車両相互
2023,33.62741777777778,130.44331694444446,0,2,車両相互
2023,33.65598222222222,130.43987333333334,0,1,車両相互
2023,33.625280000000004,130.4491052777778,0,1,車両相互
2023,33.63570138888889,130.42061027777777,0,1,車両相互
2023,33.67029055555555,130.44988527777778,0,1,車両相互
2023,33.63241083333333,130.4381213888889,0,1,車両相互
2023,33.65654166666666,130.43988277777777,0,1,車両相互
2023,33.61987722222222,130.41828805555554,0,1,車両相互
2023,33.61967722222222,130.45166999999998,0,1,人対車両
2023,33.68896611111111,130.43406166666668,0,2,車両相互
2023,33.61084833333334,130.44227694444444,0,1,車両相互
2023,33.608296111111116,130.4378086111111,0,1,車両相互
2023,33.62287444444444,130.42139972222222,0,1,車両相互
2023,33.58107888888889,130.35008861111112,0,1,人対車両
2023,33.54777333333333,130.34803472222222,0,1,車両相互
2023,33.556148611111105,130.35112194444443,0,4,車両相互
2023,33.58134444444445,130.34956111111111,0,1,車両相互
2023,33.52287388888889,130.32621194444445,0,1,車両単独
2023,33.558253055555554,130.35196861111112,0,1,車両相互
2023,33.58095083333334,130.35885249999998,0,2,車両相互
2023,33.579279722222225,130.35493027777778,0,1,車両相互
2023,33.55271694444444,130.34939222222224,0,1,車両相互
2023,33.54835111111111,130.34753916666668,0,1,車両相互
2023,33.56659888888888,130.3427166666667,0,2,車両相互
2023,33.5470975,130.33453722222222,0,1,人対車両
2023,33.548745277777776,130.34470472222222,0,1,車両相互
2023,33.539915,130.33892861111113,0,1,車両相互
2023,33.574512222222225,130.33825861111112,0,1,人対車両
2023,33.56757555555556,130.3434463888889,0,1,車両相互
2023,33.57785444444445,130.35319444444443,0,1,車両相互
2023,33.58099305555556,130.34609583333335,0,1,車両相互
2023,33.581385833333336,130.34842083333334,0,1,車両相互
2023,33.53890694444444,130.34562694444446,0,1,車両相互
2023,33.56817222222222,130.32753333333332,0,1,車両相互
2023,33.588416111111115,130.3575772222222,0,1,車両相互
2023,33.53375888888889,130.34190722222223,0,2,車両相互
2023,33.54015416666667,130.3337138888889,0,1,車両相互
2023,33.553016944444444,130.32779194444444,0,1,車両相互
2023,33.580643611111114,130.34117500000002,0,1,車両相互
2023,33.55047388888889,130.34464722222222,0,1,車両相互
2023,33.589133611111116,130.3592686111111,0,1,車両相互
2023,33.544065555555555,130.34218,0,1,車両相互
2023,33.55182305555555,130.33184444444444,0,1,車両相互
2023,33.54606527777778,130.3464363888889,0,1,車両相互
2023,33.565484166666664,130.3337388888889,0,3,車両相互
2023,33.541561944444446,130.3498525,0,1,車両相互
2023,33.552527777777776,130.3293138888889,0,1,車両相互
2023,33.567507222222225,130.3466175,0,1,車両相互
2023,33.571286944444445,130.35711694444444,0,2,車両相互
2023,33.51923083333333,130.3357338888889,0,1,車両相互
2023,33.52363361111111,130.33081972222223,0,1,車両相互
2023,33.588409722222224,130.35688222222223,0,1,人対車両
2023,33.56202861111111,130.3303286111111,0,1,車両相互
2023,33.54949583333333,130.34208166666667,0,2,車両相互
2023,33.58084138888889,130.3430802777778,0,1,車両相互
2023,33.573551388888895,130.34654305555557,0,1,車両相互
2023,33.54067444444444,130.34342777777778,0,1,人対車両
2023,33.541556388888885,130.34543000000002,0,3,車両相互
2023,33.57498722222223,130.36207277777777,0,1,車両相互
2023,33.541915833333334,130.3258311111111,0,1,車両相互
2023,33.54964861111111,130.340335,0,1,車両相互
2023,33.58160277777778,130.35860305555556,0,2,人対車両
2023,33.580712222222225,130.35233194444444,0,1,車両相互
2023,33.54398833333333,130.3464275,0,1,車両相互
2023,33.54678416666666,130.3463436111111,0,1,車両相互
2023,33.55906777777778,130.33063583333333,0,3,車両相互
2023,33.59155722222223,130.35061805555554,0,1,車両相互
2023,33.54846166666667,130.34502333333333,0,1,車両相互
2023,33.532665277777774,130.34086027777778,0,1,車両相互
2023,33.58378777777778,130.35947166666665,0,2,車両相互
2023,33.58275944444445,130.35571388888889,0,1,車両相互
2023,33.553241944444444,130.3269713888889,0,1,車両相互
2022,33.581072777777784,130.33912527777778,0,1,車両単独
2023,33.56787194444445,130.35009555555555,0,1,車両相互
2023,33.54834972222222,130.34666555555557,0,1,車両相互
2023,33.53541805555555,130.34267916666667,0,1,車両相互
2023,33.543326944444445,130.32594,0,1,車両相互
2023,33.56740027777778,130.3555822222222,0,2,車両相互
2023,33.547842777777774,130.33487027777778,0,1,車両相互
2023,33.551543055555555,130.3445213888889,0,1,車両相互
2023,33.573328333333336,130.35781111111112,1,0,人対車両
2023,33.57253027777778,130.35070277777777,0,1,車両相互
2023,33.57051305555556,130.3566888888889,0,1,車両単独
2023,33.5937275,130.38744527777777,0,2,車両相互
2022,33.597065,130.39474583333333,0,1,車両相互
2023,33.62520361111111,130.40982305555556,0,1,車両相互
2023,33.62481638888889,130.40962416666667,0,2,車両相互
2022,33.60733611111111,130.40373416666668,0,1,人対車両
2023,33.6363875,130.41358250000002,0,1,車両相互
2023,33.59472277777778,130.38410888888887,0,1,車両相互
2023,33.638220277777776,130.41502,0,1,車両相互
2023,33.59751861111111,130.3950275,0,1,車両相互
2023,33.543104166666666,130.40852055555555,0,1,車両相互
2023,33.55578166666666,130.40057222222222,0,2,車両相互
2023,33.56604111111111,130.4279575,0,1,車両相互
2023,33.53563138888889,130.38580888888887,0,1,人対車両
2023,33.561118611111105,130.4283663888889,0,1,人対車両
2023,33.5495325,130.40019305555555,0,1,車両相互
2023,33.57064638888889,130.40933833333335,0,1,車両相互
2023,33.54259111111111,130.43368722222223,0,1,車両相互
2023,33.53976083333333,130.40207583333333,0,1,車両相互
2023,33.550380277777776,130.40510416666666,0,2,車両相互
2023,33.5341325,130.39844472222222,0,1,車両相互
2023,33.54069944444444,130.39860055555556,0,3,車両相互
2023,33.556173055555554,130.39408666666665,0,1,車両相互
2023,33.538646944444444,130.39294416666667,0,1,人対車両
2023,33.55009305555555,130.44780944444446,0,1,車両相互
2023,33.549754444444446,130.42833416666664,0,1,車両相互
2023,33.52450916666667,130.40553083333333,0,1,車両相互
2023,33.56890138888889,130.4024875,0,1,人対車両
2023,33.56135111111111,130.43596972222224,0,1,人対車両
2023,33.558770555555554,130.400205,0,2,車両相互
2023,33.56146916666666,130.43620833333333,0,1,車両相互
2023,33.540812777777774,130.39811833333331,0,1,車両相互
2023,33.573262222222226,130.4058077777778,0,1,車両相互
2023,33.561719999999994,130.4198461111111,0,1,車両相互
2023,33.569473333333335,130.4108936111111,0,1,車両相互
2023,33.5653125,130.43535472222223,0,1,人対車両
2023,33.56397111111111,130.42085777777777,0,2,車両相互
2023,33.575085,130.41231472222222,0,1,車両相互
2023,33.54907277777777,130.43488833333333,0,1,車両相互
2023,33.57315833333334,130.40607833333334,0,1,車両相互
2023,33.5636375,130.41081055555557,0,1,車両相互
2023,33.56758222222223,130.41308694444444,0,1,車両相互
2023,33.55669833333333,130.39181,0,1,車両相互
2023,33.56254333333333,130.42339444444443,0,1,車両相互
2023,33.55363194444444,130.42834,0,3,車両相互
2023,33.55080833333333,130.43892194444444,0,1,車両相互
2023,33.57567055555556,130.41185805555557,0,2,車両相互
2023,33.55211027777778,130.4436122222222,0,1,人対車両
2023,33.537463333333335,130.4271025,0,3,車両相互
2023,33.56529722222222,130.41175833333335,0,1,車両相互
2022,33.549930833333335,130.41118083333333,0,1,車両相互
2023,33.54812638888889,130.43168722222222,0,1,車両相互
2023,33.53692972222222,130.43250027777776,0,1,車両相互
2023,33.541695555555556,130.42983194444443,0,2,車両相互
2023,33.53902472222222,130.40595222222223,0,1,車両相互
2023,33.548941388888885,130.44173305555555,0,2,車両相互
2023,33.533055833333336,130.40013222222223,0,1,車両相互
2023,33.53120833333333,130.40690055555555,0,1,車両相互
2023,33.54041083333333,130.42763833333333,0,2,車両相互
2023,33.542425,130.43863777777779,0,1,人対車両
2023,33.56812722222222,130.4132666666667,0,1,車両相互
2023,33.53122277777778,130.42577055555554,0,1,車両相互
2023,33.53799055555555,130.43281916666666,0,1,車両相互
2023,33.53971111111111,130.43299944444445,0,1,車両相互
2022,33.555812499999995,130.42541,0,1,人対車両
2023,33.54868611111111,130.4420061111111,0,2,車両相互
2023,33.53980833333333,130.3945097222222,0,1,人対車両
2023,33.56464444444444,130.41635250000002,0,1,車両相互
2023,33.537991388888884,130.43485416666667,0,1,車両相互
2023,33.54890805555555,130.41076583333333,0,1,車両相互
2022,33.55278583333333,130.39641333333333,0,1,車両相互
2023,33.54285972222222,130.40824722222223,0,1,車両相互
2023,33.54799222222222,130.41717138888887,0,1,車両相互
2023,33.54194916666666,130.42742249999998,0,1,車両相互
2023,33.54000083333333,130.40159,0,1,車両相互
2023,33.538780277777775,130.40699666666669,0,1,車両相互
2023,33.57123611111111,130.41025166666668,0,1,車両相互
2023,33.55003083333333,130.44811,0,1,車両相互
2023,33.53329027777778,130.42614416666666,0,1,車両相互
2023,33.568671944444446,130.4156025,0,3,車両相互
2023,33.56979305555556,130.42000777777776,0,1,車両相互
2023,33.54905472222222,130.44198277777778,0,1,車両相互
2023,33.55289916666666,130.43640833333333,0,1,車両相互
2023,33.56674805555556,130.42041777777777,0,1,車両相互
2023,33.54186444444444,130.4277211111111,0,2,車両相互
2023,33.54435333333333,130.4279436111111,0,1,車両相互
2023,33.54169583333333,130.43233638888887,0,1,車両相互
2023,33.54630722222222,130.42823694444442,0,1,車両相互
2023,33.54985277777777,130.41115833333333,0,1,車両相互
2023,33.54826666666666,130.43488472222222,0,1,車両相互
2023,33.56128083333333,130.43590333333333,0,1,車両相互
2023,33.565392499999994,130.24107527777775,0,1,人対車両
2023,33.59039722222222,130.33257333333333,0,1,車両相互
2023,33.57273805555556,130.27854361111113,0,1,車両相互
2023,33.555728055555555,130.31999277777777,0,1,人対車両
2023,33.56908333333334,130.30021583333334,0,1,車両相互
2023,33.58167805555556,130.30806166666667,0,1,人対車両
2022,33.56833555555556,130.3191422222222,0,1,車両相互
2022,33.588409444444444,130.2447613888889,0,1,車両相互
2023,33.55908583333333,130.32459555555556,0,1,車両相互
2023,33.52746972222222,130.3211472222222,0,1,車両相互
2023,33.568356111111115,130.31762972222222,0,1,車両相互
2023,33.568039722222224,130.3229663888889,0,1,車両相互
2023,33.574247500000006,130.2449047222222,0,5,車両単独
2023,33.58736277777778,130.32568944444444,0,1,車両相互
2023,33.626663055555554,130.22852972222222,0,1,車両相互
2023,33.566203611111106,130.31515722222224,0,1,車両相互
2023,33.57167888888889,130.31745944444444,0,1,車両相互
2022,33.57552777777778,130.32305472222222,0,2,車両相互
2023,33.573324722222225,130.25752194444445,0,1,車両相互
2023,33.573279722222225,130.25727055555555,0,1,車両相互
2023,33.57718861111111,130.30328194444445,0,1,車両相互
2023,33.580136111111116,130.32238333333333,0,1,人対車両
2023,33.56866666666667,130.31304861111113,0,4,車両相互
2023,33.574133888888895,130.26516416666666,0,1,車両相互
2023,33.56946694444445,130.29964277777776,0,1,車両相互
2023,33.56486388888889,130.2399286111111,0,1,車両相互
2023,33.558395555555556,130.3062952777778,0,1,車両相互
2023,33.56890666666667,130.30502472222224,0,1,車両相互
2023,33.593556944444444,130.26457555555555,0,2,車両相互
2023,33.583128333333335,130.32353083333334,0,1,車両相互
2023,33.56535861111111,130.31043916666667,0,2,車両相互
2023,33.55886583333333,130.31364055555557,0,1,車両相互
2023,33.575161944444446,130.2566138888889,0,3,車両相互
2023,33.57761222222223,130.2553961111111,0,1,車両相互
2023,33.56795055555556,130.31385333333336,0,2,車両相互
2023,33.58074083333334,130.25254166666667,0,2,車両相互
2023,33.58918138888889,130.2399497222222,0,1,人対車両
2023,33.56789361111112,130.32255444444445,0,1,車両相互
2023,33.57743944444445,130.29765916666668,0,1,車両相互
2023,33.56448083333333,130.3233575,0,1,車両相互
2023,33.56850083333334,130.24328555555553,0,1,車両相互
2022,33.52236527777778,130.3162352777778,0,1,車両相互
2022,33.57156305555556,130.31671944444443,0,1,車両相互
2023,33.58612055555556,130.31403277777778,0,1,車両相互
2023,33.55605055555555,130.31212194444444,0,1,車両相互
2023,33.59110916666667,130.2229525,0,1,車両相互
2022,33.60200527777778,130.2600611111111,0,1,車両相互
2023,33.578006111111115,130.3233375,0,1,車両相互
2023,33.59818888888889,130.2234575,0,1,車両相互
2023,33.57378027777778,130.26636277777777,0,1,車両相互
2023,33.571921111111116,130.2408647222222,0,1,車両相互
2023,33.575770000000006,130.3147316666667,0,1,車両相互
2023,33.544889166666664,130.3144552777778,0,1,車両相互
2023,33.5642125,130.23832305555555,0,2,車両相互
2023,33.566158611111106,130.31024333333335,0,1,人対車両
2023,33.57302333333334,130.35980333333333,0,1,人対車両
2023,33.543232777777774,130.3819286111111,0,1,車両相互
2023,33.54570583333333,130.34920833333334,0,1,車両相互
2023,33.554043611111105,130.35241305555556,0,2,車両相互
2023,33.543239444444445,130.38196638888888,0,1,車両相互
2023,33.560761388888885,130.36243166666665,0,3,車両相互
2023,33.5527175,130.37955305555556,0,1,車両相互
2023,33.558211111111106,130.37869444444445,0,1,車両相互
2023,33.56270083333333,130.37940972222222,0,1,車両相互
2023,33.54510333333333,130.35771833333334,0,1,車両相互
2023,33.542989722222224,130.35748666666666,0,1,車両相互
2023,33.54707222222222,130.38552555555555,0,1,車両相互
2023,33.540215555555555,130.37453638888888,0,1,車両相互
2023,33.554071388888886,130.37692694444445,0,1,車両相互
2023,33.56433027777778,130.36425333333332,0,1,人対車両
2023,33.546302222222224,130.36958388888888,0,1,車両相互
2023,33.54393777777778,130.37943388888888,0,2,車両相互
2023,33.57439555555556,130.37012027777777,1,1,車両相互
2023,33.552785,130.35899555555554,0,1,車両相互
2023,33.54768305555555,130.38209555555557,0,1,車両相互
2022,33.57601805555556,130.37046694444444,0,1,車両相互
2023,33.559839999999994,130.3617213888889,0,1,車両相互
2023,33.748531944444444,130.48931305555556,0,1,人対車両
2023,33.76402,130.47957083333333,0,1,人対車両
2023,33.76069861111111,130.4867013888889,0,1,車両相互
2023,33.76177194444445,130.49319083333333,0,1,人対車両
2023,33.75125777777778,130.493865,0,3,車両相互
2023,33.75980972222222,130.48660055555555,0,2,車両相互
2023,33.760965,130.47712944444444,0,1,車両相互
2023,33.518615277777776,130.49951249999998,0,1,車両相互
2023,33.50955361111111,130.4971875,0,2,車両相互
2023,33.504466388888886,130.49846888888888,0,1,車両相互
2023,33.51884888888889,130.4972061111111,0,2,車両相互
2022,33.50438972222222,130.49813999999998,0,3,車両相互
2023,33.519928888888884,130.4999272222222,0,1,車両相互
2022,33.50352055555555,130.49966277777776,0,1,車両相互
2023,33.5259875,130.49632027777776,0,1,人対車両
2023,33.52811305555556,130.49973944444443,0,1,車両相互
2023,33.50476277777778,130.4979997222222,0,2,車両相互
2023,33.50345083333333,130.49890055555554,0,1,車両相互
2023,33.513104166666665,130.4910161111111,0,1,車両相互
2023,33.498558055555556,130.48923499999998,0,2,車両相互
2023,33.5002675,130.49778027777776,0,2,車両相互
2023,33.53447611111111,130.16683416666666,0,1,車両相互
2023,33.53161,130.18736555555557,0,1,車両相互
2023,33.54937583333333,130.1845011111111,0,1,車両相互
2023,33.56972444444445,130.2334872222222,0,2,車両相互
2023,33.55735083333333,130.20459194444445,0,1,人対車両
2023,33.558904444444444,130.1907088888889,0,1,車両相互
2023,33.559620555555554,130.23095111111112,0,1,車両相互
2023,33.560876944444445,130.16491222222223,0,1,車両相互
2023,33.56019361111111,130.20495694444443,0,1,車両相互
2023,33.51694277777778,130.15417027777778,0,2,車両相互
2023,33.54694722222222,130.1676486111111,0,1,車両相互
2023,33.57385444444445,130.21264555555555,0,1,車両相互
2023,33.54886444444444,130.16284333333334,0,1,車両相互
2023,33.565191388888884,130.22567555555557,0,1,車両相互
2023,33.55427222222222,130.2119286111111,0,2,車両相互
2023,33.60745,130.2039213888889,0,1,車両相互
2023,33.552636388888885,130.20698527777776,0,1,人対車両
2023,33.59220777777778,130.47719194444446,0,1,車両相互
2023,33.748714444444445,130.47239416666667,0,3,車両相互
2023,33.6100275,130.44838444444446,0,2,車両相互
2022,33.618561666666665,130.47468916666668,0,1,人対車両
2023,33.625660833333335,130.46071694444444,0,1,車両相互
2023,33.6261825,130.46058194444444,0,1,車両相互
2023,33.68447638888888,130.45394083333332,0,1,車両相互
2023,33.604594444444444,130.45566722222222,0,1,車両相互
2023,33.58461305555556,130.4815827777778,0,1,車両相互
2023,33.64743694444444,130.49593527777776,0,4,車両相互
2023,33.6267425,130.46964861111113,0,1,車両相互
2023,33.623756944444445,130.48649833333332,0,1,車両相互
2023,33.60912444444445,130.44846444444445,0,1,車両相互
2023,33.68460777777778,130.4540422222222,1,1,車両相互
2023,33.722944444444444,130.47488555555555,0,2,車両相互
2023,33.684797777777774,130.45450194444444,0,1,車両相互
2023,33.60005972222223,130.49243555555555,0,1,車両相互
2023,33.605665,130.4696786111111,0,1,車両相互
2023,33.72973277777778,130.47772833333335,0,1,車両相互
2023,33.69822194444444,130.44738833333335,0,1,車両相互
2023,33.72028111111111,130.45450305555553,0,1,車両相互
2023,33.58965972222222,130.47136166666667,0,1,車両相互
2023,33.62719694444444,130.4679213888889,0,1,車両相互
2023,33.61342888888889,130.4887797222222,0,1,人対車両
2023,33.6197025,130.4582511111111,0,1,車両相互
2023,33.57924916666667,130.48191111111112,0,1,人対車両
2023,33.582835833333334,130.48126416666668,0,1,車両相互
2023,33.74366055555556,130.48148972222222,0,1,人対車両
2023,33.7278575,130.47686194444444,0,3,車両相互
2023,33.707185833333334,130.4343736111111,0,2,車両相互
2023,33.61083277777778,130.45756805555556,0,3,車両相互
2023,33.599828888888894,130.4890461111111,0,1,人対車両
2023,33.59789583333333,130.48301777777777,0,1,車両相互
2023,33.589798055555555,130.48261722222222,0,1,車両相互
2023,33.60255472222222,130.45509249999998,0,1,車両相互
2023,33.62930138888889,130.48030694444444,0,1,車両相互
2023,33.7410175,130.48496805555556,0,1,車両相互
2023,33.706095000000005,130.44162222222224,0,1,人対車両
2023,33.728139722222224,130.47678861111112,0,2,車両相互
2023,33.60723166666667,130.45970416666665,0,1,車両相互
2023,33.60916638888889,130.4625311111111,0,1,車両相互
2023,33.70238194444445,130.46848833333334,0,1,車両相互
2023,33.699055277777774,130.45235916666667,0,2,車両相互
2023,33.68729222222222,130.45386,0,2,車両相互
2023,33.59277222222222,130.47700277777778,0,1,車両相互
2023,33.69915666666666,130.4521758333333,0,1,車両相互
2023,33.69882833333333,130.45208277777778,0,2,車両相互
2023,33.71675166666667,130.45123027777777,0,1,車両相互
2023,33.709445833333334,130.45259194444444,0,2,車両相互
2023,33.594903611111114,130.47131611111112,0,1,車両相互
2023,33.61324944444445,130.45105916666665,0,1,車両相互
2023,33.60204916666667,130.4694863888889,0,1,車両相互
2023,33.583805000000005,130.47361472222224,0,1,車両相互
2023,33.713568888888894,130.4466972222222,0,1,車両相互
2023,33.73843361111111,130.48038027777778,0,3,車両相互
2023,33.62963611111111,130.47800083333334,0,1,車両相互
2023,33.61094833333333,130.46157333333332,0,1,車両相互
2023,33.618701111111115,130.4578425,0,1,車両相互
2023,33.6118625,130.46646027777777,0,1,車両相互
2023,33.74051861111111,130.47792444444445,0,1,車両相互
2023,33.736896111111115,130.4833833333333,0,4,車両相互
2023,33.69588222222222,130.44826666666668,0,1,車両相互
2023,33.70314027777778,130.4534897222222,0,3,車両相互
2022,33.582974444444446,130.4795475,0,1,車両相互
2023,33.602710555555554,130.4543997222222,0,1,車両相互
2023,33.69871333333333,130.45191888888888,0,1,車両相互
2023,33.59924,130.4702436111111,0,1,車両相互
2023,33.72011138888889,130.46417305555553,0,1,車両相互
2023,33.729440000000004,130.4671847222222,0,1,車両相互
2023,33.69648194444444,130.48617527777776,0,1,車両相互
2022,33.6193975,130.4965447222222,0,1,人対車両
2023,33.617305,130.49561916666664,0,1,車両相互
2023,33.741085,130.4852186111111,0,6,車両相互
2023,33.6183125,130.45784694444444,0,1,車両相互
2023,33.70759138888889,130.454645,0,3,車両相互
2023,33.70119944444445,130.4402127777778,0,1,車両相互
2023,33.61001805555556,130.45140944444444,0,3,車両相互
2023,33.60181277777778,130.45545444444443,0,1,車両相互
2023,33.61096694444445,130.45674777777776,0,1,車両相互
2023,33.609210555555556,130.4624736111111,0,1,車両相互
2023,33.62625805555555,130.45912222222222,0,1,車両相互
2023,33.608199444444445,130.4796836111111,0,1,車両相互
2023,33.62502388888889,130.4700588888889,0,1,車両相互
2023,33.71645305555556,130.48451999999997,0,1,車両相互
2023,33.576815,130.49692527777776,0,1,車両相互
2023,33.590318611111115,130.48340166666665,0,1,人対車両
2023,33.73863166666667,130.4802977777778,0,1,車両相互
2023,33.59300777777778,130.47549194444446,0,2,車両相互
2023,33.54582472222222,130.4831075,0,1,車両相互
2022,33.5199225,130.46933972222223,0,1,車両相互
2023,33.546012499999996,130.45247583333332,0,1,車両相互
2023,33.516799444444445,130.42265666666665,0,1,人対車両
2023,33.53404222222222,130.48936277777776,0,2,車両相互
2023,33.535400555555555,130.45929888888887,0,1,人対車両
2023,33.51426055555556,130.42211777777777,0,1,人対車両
2023,33.52856611111111,130.48889333333332,0,1,車両相互
2023,33.54633472222222,130.47669472222222,0,1,人対車両
2023,33.52925166666667,130.47532805555556,0,1,車両相互
2023,33.54765972222222,130.48572388888888,0,1,人対車両
2022,33.52178222222222,130.43719166666668,0,1,車両相互
2022,33.498665833333334,130.4335536111111,0,1,人対車両
2023,33.534530833333335,130.47633666666667,0,1,車両相互
2023,33.53332972222222,130.47358333333332,0,1,車両相互
2023,33.51519972222222,130.48168305555555,0,1,人対車両
2023,33.526545,130.44345694444445,0,1,車両相互
2023,33.51495944444444,130.46544583333332,0,1,車両相互
2023,33.51689388888889,130.46865472222223,0,1,車両相互
2023,33.52213611111111,130.43959388888888,0,1,車両相互
2022,33.53324166666667,130.47186222222223,0,1,人対車両
2023,33.5180575,130.4827736111111,0,1,車両相互
2023,33.52226666666667,130.41491666666667,0,1,人対車両
2023,33.54433861111111,130.49624999999997,0,1,車両相互
2023,33.49668361111111,130.47908305555555,0,2,車両相互
2023,33.52723944444444,130.48128027777778,0,1,車両相互
2023,33.52089472222222,130.42894333333334,0,1,車両相互
2023,33.50842388888889,130.46835583333333,0,1,車両相互
2022,33.517891666666664,130.47113222222222,0,2,車両相互
2023,33.51678611111111,130.46852027777777,0,2,車両相互
2023,33.51464555555555,130.42432944444442,0,1,車両相互
2023,33.532405555555556,130.48679583333333,0,1,車両相互
2023,33.516620277777776,130.43340972222222,0,1,車両相互
2023,33.504711111111114,130.4622513888889,0,1,人対車両
2023,33.54841611111111,130.4813763888889,0,1,車両相互
2023,33.529069166666666,130.4580686111111,0,1,車両相互
2023,33.55371611111111,130.46848277777778,0,1,車両相互
2023,33.5116725,130.45015027777777,0,1,車両相互
2023,33.51723972222222,130.44299555555557,0,1,車両相互
2023,33.515075555555555,130.4810713888889,0,1,車両相互
2023,33.54754083333333,130.48202166666667,0,1,車両相互
2023,33.522371944444444,130.44941833333334,0,3,車両相互
2023,33.547351666666664,130.47886055555557,0,2,車両相互
2023,33.52012583333333,130.48705249999998,0,1,車両相互
2023,33.53601694444444,130.49206916666665,0,1,車両相互
2023,33.532035,130.46416305555553,0,1,車両相互
2023,33.53456111111111,130.47637444444445,0,4,車両相互
2023,33.53156444444444,130.44697611111113,0,1,人対車両
2023,33.52520944444444,130.4496347222222,0,1,車両相互
2023,33.54677583333333,130.44435472222222,0,1,車両相互
2023,33.5360875,130.4600525,0,1,車両相互
2023,33.52553861111111,130.4494752777778,0,1,車両相互
2023,33.540412777777775,130.45007999999999,0,1,車両相互
2023,33.53003583333333,130.42633972222222,0,1,車両相互
2023,33.530026388888885,130.46296027777777,0,1,車両相互
2023,33.52172916666667,130.42921694444445,0,1,人対車両
2023,33.53608027777778,130.45611138888887,0,1,車両相互
2023,33.52042888888889,130.4848561111111,0,1,車両相互
2022,33.543010555555554,130.44357,0,1,車両相互
2023,33.53122888888889,130.45500194444443,0,3,車両相互
2023,33.528619444444445,130.46473555555554,0,1,車両相互
2023,33.524766944444444,130.4523961111111,0,1,車両相互
2023,33.54056444444444,130.4782913888889,0,1,車両相互
2023,33.51474638888889,130.42206277777777,0,1,車両相互
2023,33.52023583333333,130.426885,0,1,車両相互
2023,33.5088725,130.4480988888889,0,1,人対車両
2023,33.533362499999996,130.48414527777777,0,1,人対車両
2023,33.52868194444444,130.46450166666665,0,2,車両相互
2023,33.54118194444444,130.48134916666666,0,1,車両相互
2023,33.50360583333333,130.48258194444443,0,1,車両相互
2023,33.51336166666667,130.41767472222222,0,1,車両相互
2023,33.49598666666667,130.46324416666667,0,1,車両相互
2023,33.52529027777778,130.4239661111111,0,1,車両相互
2023,33.54114694444444,130.45077833333332,0,1,車両相互
2023,33.521119999999996,130.42978666666664,0,1,車両相互
2023,33.54228944444444,130.4507325,0,1,人対車両
2023,33.51960638888889,130.46972527777777,0,1,車両相互
2023,33.518164444444444,130.42015944444444,0,1,人対車両
2023,33.53653527777777,130.47010694444444,0,1,人対車両
2022,33.54026666666667,130.45025555555554,0,1,車両相互
2023,33.53812972222222,130.47454944444445,0,1,人対車両
2023,33.54616027777777,130.44316555555557,0,1,人対車両
2023,33.541088055555555,130.45099333333332,0,1,車両相互
2023,33.51223111111111,130.4693411111111,0,1,車両相互
2023,33.5366475,130.47899361111112,0,2,車両相互
2023,33.525135,130.47935361111112,0,1,車両相互
2023,33.48634361111111,130.40769166666666,0,1,車両相互
2023,33.53342055555555,130.4590125,0,1,車両相互
2023,33.508918333333334,130.44936361111112,0,1,車両相互
2023,33.5232075,130.43509472222223,0,3,車両相互
2023,33.50740444444445,130.42011777777776,0,2,車両相互
2023,33.532020555555555,130.4469427777778,0,1,車両相互
2023,33.54590777777778,130.48300833333334,0,1,車両相互
2022,33.52267444444444,130.41259083333333,0,1,車両相互
2023,33.54032083333333,130.4513497222222,0,1,車両相互
2023,33.516595277777775,130.42166083333333,0,1,車両相互
2023,33.54619527777778,130.45163888888888,0,1,車両相互
2023,33.26042694444445,130.47674805555556,0,1,車両相互
2023,33.257641944444444,130.4298722222222,0,1,車両相互
2023,33.26033805555556,130.47443361111112,0,1,車両相互
2023,33.31159694444444,130.4975797222222,0,1,車両相互
2023,33.325359444444445,130.49327749999998,0,1,人対車両
2023,33.25842111111111,130.47445027777778,0,2,車両相互
2023,33.30210388888889,130.48412499999998,0,1,車両相互
2023,33.25474055555556,130.4522975,0,1,車両相互
2023,33.28410361111111,130.48598166666665,0,1,車両相互
2023,33.242106666666665,130.45587833333332,0,2,人対車両
2023,33.272707777777775,130.4996,0,1,車両相互
2023,33.22736444444445,130.41724555555555,0,2,車両相互
2023,33.28499722222222,130.47089083333333,0,4,車両相互
2023,33.27687916666667,130.4874461111111,0,1,車両相互
2023,33.26107611111111,130.43615111111112,0,1,車両相互
2023,33.27944222222222,130.47891083333334,0,1,車両相互
2023,33.27006138888889,130.47175583333333,0,1,車両相互
2023,33.294465277777775,130.49534638888886,0,1,車両相互
2023,33.23106583333333,130.47049583333333,0,1,車両相互
2023,33.31465277777777,130.48833666666664,0,1,車両相互
2023,33.266932499999996,130.47124888888888,0,1,車両相互
2023,33.21741166666667,130.49303749999999,0,1,車両相互
2023,33.22262861111111,130.47002416666666,0,1,車両相互
2023,33.22763277777778,130.43389055555556,0,1,車両相互
2023,33.184416666666664,130.3674413888889,0,2,車両相互
2023,33.20465416666667,130.38660194444444,0,1,車両相互
2023,33.2130275,130.49279638888888,0,1,車両相互
2023,33.20995805555556,130.39446416666667,0,1,車両相互
2023,33.20992305555556,130.4394213888889,0,1,車両相互
2023,33.208512500000005,130.47463472222222,0,1,車両相互
2023,33.22128111111111,130.44427638888888,0,1,車両相互
2023,33.22773111111111,130.49713055555554,0,1,車両相互
2023,33.19812833333333,130.4025713888889,0,1,車両相互
2023,33.199862499999995,130.48188,0,2,車両相互
2023,33.19014222222222,130.49472027777776,0,1,車両相互
2023,33.21924972222222,130.4785688888889,0,1,車両相互
2023,33.22631805555556,130.49264416666665,0,1,車両相互
2023,33.22247472222222,130.47262416666666,0,2,車両相互
2023,33.218452500000005,130.44710083333334,0,1,車両相互
2023,33.19628861111111,130.47263444444445,0,1,車両単独
2023,33.18826222222222,130.37025055555557,0,3,車両相互
2023,33.23639388888889,130.48459777777776,0,1,車両相互
2023,33.20450166666667,130.3807502777778,0,1,車両相互
2022,33.11534694444445,130.46185527777777,0,2,車両相互
2023,33.17702055555555,130.40252111111113,0,1,車両相互
2023,33.17887611111111,130.41765444444442,0,1,車両相互
2023,33.177503333333334,130.41999416666667,0,1,車両相互
2022,33.14815194444444,130.4015652777778,0,1,人対車両
2023,33.155140277777775,130.48313,0,2,車両相互
2023,33.156551944444445,130.4783038888889,0,1,車両相互
2022,33.16740472222222,130.40337666666667,0,1,人対車両
2023,33.158676666666665,130.46961638888888,0,2,車両相互
2023,33.14840083333333,130.4225086111111,0,1,人対車両
2023,33.10227777777778,130.45810666666665,0,1,車両相互
2023,33.16616444444444,130.4226463888889,0,1,車両相互
2023,33.10190388888889,130.45799749999998,0,3,車両相互
2023,33.16547972222222,130.4166177777778,0,2,車両相互
2023,33.16050583333333,130.40373416666668,0,2,車両相互
2023,33.14198472222222,130.4710227777778,0,1,人対車両
2023,33.17541444444444,130.48322833333333,0,1,車両相互
2023,33.16025083333333,130.3997775,0,1,車両相互
2022,33.10198333333334,130.45800083333333,0,1,人対車両
2023,33.16776111111111,130.39346722222223,0,2,車両相互
2023,33.05730694444444,130.44430111111112,0,1,車両相互
2023,33.0331525,130.43766722222222,0,2,車両相互
2023,33.00721333333333,130.43543916666667,0,1,車両相互
2023,33.08041277777778,130.4720477777778,1,0,車両単独
2023,33.02757694444444,130.4476438888889,0,1,車両相互
2023,33.062976666666664,130.46750583333335,0,2,車両相互
2023,33.04094472222222,130.44340555555556,0,3,車両相互
2023,33.025310833333336,130.45119916666667,0,1,車両相互
2023,33.042049444444444,130.4474172222222,0,2,車両相互
2022,33.00539833333333,130.4386636111111,0,2,車両相互
2023,33.043253888888884,130.44760527777777,0,1,車両相互
2023,33.068446388888894,130.48075805555555,0,1,車両相互
2023,33.03483472222222,130.45213194444443,0,1,車両相互
2023,33.02865305555555,130.44204194444444,0,1,車両相互
2023,33.058253611111105,130.4817888888889,0,1,車両相互
2023,33.07961805555556,130.4743288888889,0,1,車両相互
2023,33.031551666666665,130.43124555555553,0,1,車両相互
2023,33.06520861111111,130.46812500000001,0,1,人対車両
2023,33.02464638888889,130.44270083333333,0,1,車両相互
2023,33.33151527777778,130.31957722222222,0,2,車両相互
2023,33.30737222222222,130.3680388888889,0,1,車両相互
2023,33.33835611111111,130.3983675,0,3,車両相互
2023,33.32893777777778,130.41060722222224,0,1,人対車両
2023,33.32686833333334,130.35285833333333,0,4,車両相互
2023,33.30559222222222,130.37728111111113,0,1,人対車両
2023,33.32094083333334,130.39085166666666,0,1,車両相互
2023,33.31828444444445,130.36683250000002,0,1,車両相互
2023,33.32565694444445,130.40503944444444,0,1,人対車両
2023,33.32146416666667,130.39246583333332,0,1,車両相互
2023,33.318329722222224,130.3820063888889,0,2,車両相互
2023,33.309173055555554,130.37068972222224,0,1,車両相互
2023,33.30697055555555,130.40217305555555,0,1,車両相互
2023,33.34625444444445,130.39693111111112,0,1,車両相互
2023,33.31742777777778,130.38746722222223,0,2,車両相互
2023,33.28158888888889,130.36744972222223,0,1,車両相互
2022,33.26808166666667,130.35987166666666,0,1,車両相互
2023,33.33855527777778,130.4000027777778,0,1,車両相互
2023,33.29317277777778,130.3566175,0,1,車両相互
2023,33.304002222222216,130.3685463888889,0,1,車両相互
2023,33.34971305555556,130.39824083333332,0,1,車両相互
2023,33.34623638888889,130.45295444444443,0,2,車両相互
2023,33.372253055555554,130.4987158333333,0,1,車両相互
2023,33.337162222222226,130.42257277777776,0,1,車両相互
2023,33.385328055555554,130.49962083333332,0,2,車両相互
2023,33.367485,130.47724055555557,0,2,車両相互
2023,33.334317222222225,130.44427944444445,0,2,車両相互
2023,33.33195972222222,130.41692666666665,0,1,車両相互
2023,33.369279722222224,130.4796836111111,0,1,車両相互
2023,33.297485555555554,130.44435194444443,0,1,車両相互
2023,33.28525472222222,130.41175444444445,0,1,車両相互
2023,33.335935,130.4249458333333,0,1,車両相互
2023,33.35698055555556,130.44411694444446,0,1,車両相互
2023,33.369991666666664,130.49899444444443,0,1,人対車両
2023,33.37265166666667,130.49873138888887,0,1,車両相互
2023,33.35071833333333,130.41658472222224,0,2,車両相互
2023,33.349942500000004,130.460995,0,3,車両相互
2023,33.270918888888886,130.18146222222222,0,1,車両相互
2023,33.27691111111111,130.2153975,0,1,車両相互
2023,33.28505,130.20254666666665,0,1,車両相互
2023,33.29029666666666,130.11256388888887,0,1,車両相互
2023,33.26251722222222,130.2309297222222,0,1,車両相互
2023,33.29279694444444,130.1887613888889,0,1,車両相互
2023,33.28322472222222,130.19828527777779,0,1,車両相互
2023,33.28267111111111,130.09207472222224,0,1,車両相互
2023,33.287956666666666,130.12492305555557,0,1,車両相互
2023,33.27925777777778,130.15749027777778,0,1,車両相互
2023,33.28780333333333,130.20663166666665,0,1,人対車両
2023,33.27930555555555,130.19942722222223,0,1,車両相互
2023,33.272036944444444,130.12758694444446,0,1,車両相互
2023,33.26207,130.2283763888889,0,1,車両相互
2023,33.29875305555555,130.2087925,0,1,車両相互
2023,33.289255,130.10164916666665,0,2,車両相互
2023,33.44940999999999,129.96757,0,1,車両相互
2023,33.439365555555554,129.96611805555554,0,1,車両相互
2023,33.43571083333333,130.01151055555556,0,2,車両相互
2023,33.44002361111111,129.95592833333333,0,1,車両相互
2023,33.45777888888889,129.96236416666665,0,1,車両相互
2023,33.39360666666666,129.98022583333332,0,1,車両相互
2023,33.43217111111111,129.98084833333334,0,1,車両相互
2023,33.44374416666666,129.95817694444443,0,1,車両相互
2023,33.344101111111115,129.99196333333333,0,1,車両相互
2023,33.41334388888889,129.99353555555555,0,1,車両相互
2023,33.41187444444444,129.99254472222222,0,1,車両相互
2023,33.40808916666666,129.9768225,0,1,車両相互
2023,33.438742777777776,130.06431055555558,0,1,車両相互
2023,33.490115277777775,129.94306194444445,0,1,車両相互
2023,33.431415277777774,130.00140166666668,0,1,車両相互
2023,33.402627777777774,129.969465,0,1,車両相互
2023,33.42989722222222,130.00990916666666,0,1,車両相互
2023,33.47058583333334,129.94506833333332,0,1,車両相互
2023,33.44759277777777,130.03399,0,1,車両相互
2023,33.45288333333334,129.95906444444444,0,1,車両相互
2023,33.42062972222222,129.98672277777777,0,1,車両相互
2023,33.42272972222222,129.99995249999998,0,2,車両相互
2023,33.385776388888885,129.98317222222224,0,1,車両相互
2023,33.44706194444444,130.03190694444444,0,1,車両相互
2023,33.440126111111105,129.95631388888887,0,1,車両相互
2023,33.52536111111111,129.95566499999998,0,1,車両相互
2023,33.50273472222222,129.9177836111111,0,2,車両相互
2023,33.43074333333333,130.00183805555557,0,1,人対車両
2023,33.54121833333333,129.88153888888888,0,1,車両相互
2023,33.41124611111111,129.9871186111111,0,1,車両相互
2023,33.44373944444444,129.98348555555555,0,1,車両相互
2023,33.44938805555555,130.04492472222222,0,2,車両相互
2023,33.4330475,129.99759305555554,0,2,車両相互
2023,33.330270000000006,129.92789472222222,0,1,車両相互
2023,33.22867305555556,129.91951527777778,0,1,車両相互
2023,33.314301388888886,129.84196083333333,0,1,車両相互
2023,33.182049166666665,129.87729166666668,0,1,車両相互
2023,33.194154999999995,129.8720613888889,0,1,車両相互
2023,33.28265833333333,129.87099194444446,0,1,車両相互
2023,33.28624416666666,129.9016363888889,1,1,人対車両
2023,33.26472166666667,129.8641361111111,0,1,車両相互
2023,33.25445722222222,129.85408638888887,0,1,車両相互
2023,33.27187555555555,129.86086749999998,0,1,車両相互
2023,33.36582305555556,129.85855166666667,0,2,車両相互
2023,33.264490277777774,129.8913497222222,0,1,車両相互
2023,33.29723944444444,129.9130388888889,0,2,車両相互
2023,33.27322861111111,129.8806625,0,2,車両相互
2023,33.269415,129.87275972222224,0,1,車両相互
2023,33.2822625,129.8925586111111,0,1,車両相互
2023,33.33167916666667,129.8526772222222,0,1,車両相互
2023,33.294708888888884,129.82815,0,5,車両相互
2023,33.280770277777776,129.8796411111111,0,2,車両相互
2023,33.274631666666664,129.89257083333334,0,1,車両相互
2023,33.272755555555555,129.89086749999998,0,3,車両相互
2023,33.18197277777777,129.88590638888888,0,1,車両相互
2023,33.27795027777778,129.8722341666667,0,1,車両相互
2023,33.19488888888888,130.02907194444447,0,1,車両相互
2023,33.18062388888889,129.9741113888889,0,1,車両相互
2023,33.22037944444445,130.0683936111111,0,2,車両相互
2023,33.19282805555555,130.02636138888892,0,1,車両相互
2023,33.19172444444444,129.95339638888888,0,2,車両相互
2023,33.22051666666667,130.07211944444444,0,1,車両相互
2023,33.19352111111111,130.02730000000003,0,1,車両相互
2023,33.19533555555555,130.031775,0,1,車両単独
2023,33.21449277777778,129.9419227777778,0,3,車両相互
2023,33.21471916666667,130.04942944444446,0,4,車両相互
2023,33.189656944444444,130.02418333333335,0,1,車両相互
2023,33.12699805555555,129.98281583333335,0,1,車両相互
2023,33.23892027777778,130.0112036111111,0,1,車両相互
2023,33.21958583333333,130.07478805555556,0,1,車両相互
2023,33.194712499999994,129.97948666666667,0,1,車両相互
2023,33.191765,129.9536536111111,0,1,車両相互
2023,33.19644694444444,130.0172977777778,0,1,車両相互
2023,33.13255111111111,130.10864583333333,0,1,車両相互
2023,33.20100722222222,130.11845972222224,0,1,車両相互
2023,33.137433333333334,130.14103972222222,0,4,車両相互
2023,33.13297722222222,130.07442388888887,0,4,車両相互
2023,33.122544166666664,130.06395111111112,0,1,車両相互
2023,33.119460555555555,130.0008688888889,0,2,車両相互
2023,33.08900722222222,130.10543805555554,0,1,車両相互
2023,33.055528055555556,130.16051666666667,0,1,車両相互
2023,33.121628333333334,130.09815472222223,0,1,車両相互
2023,33.087342500000005,130.13344833333332,1,2,車両相互
2023,33.12662138888889,130.05994083333334,0,1,車両相互
2023,33.041375555555554,130.1708211111111,0,1,車両相互
2023,33.12797972222222,130.05876111111112,0,1,車両相互
2023,33.12657305555555,130.0424872222222,0,1,車両相互
2023,33.24026277777778,130.31480611111112,0,1,車両相互
2023,33.26225055555555,130.29987027777779,0,2,車両相互
2023,33.244862222222224,130.29231777777778,0,1,人対車両
2023,33.25369833333333,130.3213047222222,0,1,車両相互
2023,33.24905833333334,130.2868447222222,0,3,車両相互
2023,33.22872277777778,130.36963,0,2,車両相互
2023,33.2565625,130.33271944444445,0,1,車両相互
2023,33.21960472222222,130.33438805555556,0,1,車両相互
2023,33.263063611111114,130.3031038888889,0,1,車両相互
2023,33.26150611111111,130.32281944444443,0,1,車両相互
2023,33.214485833333335,130.31203250000002,0,1,車両相互
2023,33.25542111111111,130.29963333333333,0,1,車両相互
2023,33.23992277777778,130.31298083333334,0,2,車両相互
2023,33.24897222222222,130.28081833333334,0,1,車両相互
2023,33.22992305555556,130.33211944444443,0,1,車両相互
2023,33.24012555555556,130.31442166666668,0,1,車両相互
2023,33.249295000000004,130.3135386111111,0,3,車両相互
2023,33.24249666666667,130.2771666666667,0,1,車両相互
2023,33.257574444444444,130.27357305555557,0,1,車両相互
2023,33.23926,130.29509916666666,0,1,車両相互
2023,33.238773055555555,130.25856916666666,0,1,車両相互
2023,33.24673027777778,130.3077702777778,0,2,車両相互
2023,33.19617611111111,130.30066027777778,0,1,車両相互
2023,33.23874722222222,130.2667038888889,0,1,車両相互
2023,33.25356138888889,130.3211786111111,0,1,車両相互
2023,33.24592833333333,130.27590083333334,0,1,車両相互
2023,33.25828555555555,130.33798777777778,0,1,車両相互
2023,33.25037777777778,130.3219902777778,0,1,車両相互
2023,33.23942888888889,130.293745,0,1,車両相互
2023,33.23903472222222,130.30320500000002,0,1,車両相互
2023,33.24738611111111,130.33115999999998,0,2,車両相互
2023,33.257153055555555,130.29286833333333,0,2,車両相互
2023,33.23906916666667,130.30522833333333,0,2,車両相互
2023,33.255943888888886,130.3014463888889,0,1,人対車両
2023,33.21351972222222,130.3037377777778,0,2,車両相互
2023,33.255451944444445,130.2928211111111,0,1,車両相互
2023,33.24008694444444,130.31377972222222,0,1,車両相互
2023,33.238816944444444,130.2786291666667,0,1,車両相互
2023,33.21664083333334,130.35147416666666,0,1,車両相互
2023,33.24123222222222,130.27797500000003,0,1,人対車両
2023,33.24009027777778,130.27803472222223,0,1,車両相互
2023,33.24909388888889,130.28499638888889,0,1,人対車両
2023,33.20749166666667,130.28152277777778,0,2,車両相互
2023,33.24415027777778,130.30851194444446,0,1,車両相互
2023,33.22190361111111,130.3625522222222,0,1,車両相互
2023,33.25335416666667,130.32121305555555,0,3,車両相互
2023,33.23979388888889,130.2862775,0,1,車両相互
2023,33.2477,130.31868083333333,0,1,車両相互
2023,33.24001666666667,130.28446194444444,0,1,車両相互
2023,33.25272361111111,130.27449305555558,0,1,車両相互
2023,33.24117944444445,130.32194194444443,0,1,車両相互
2023,33.24892305555556,130.29262722222222,0,1,車両相互
2023,33.242315833333336,130.23653305555555,0,1,車両相互
2023,33.244773611111114,130.27641222222223,0,1,車両相互
2023,33.26056,130.27276916666668,0,2,車両相互
2023,33.28816805555555,130.26366583333333,0,1,車両相互
2023,33.26315555555556,130.31750527777777,0,1,車両相互
2023,33.26929083333333,130.25518055555557,0,1,車両相互
2023,33.273624444444444,130.30764694444446,0,1,車両相互
2023,33.26732166666667,130.31517027777778,0,1,車両相互
2023,33.313652499999996,130.28621583333333,0,1,車両相互
2023,33.279957777777774,130.31560222222222,0,1,車両相互
2023,33.25928305555556,130.29323805555555,0,1,車両相互
2023,33.273199999999996,130.28692666666666,0,1,車両相互
2023,33.27421777777778,130.30648472222222,0,1,車両相互
2023,33.26924277777778,130.3011138888889,0,1,車両相互
2023,33.290927777777775,130.33502694444445,0,1,車両相互
2023,33.297711944444444,130.28146750000002,0,2,車両相互
2023,33.31050777777777,130.28113666666667,0,2,車両相互
2023,33.317866111111115,130.28418805555555,0,1,車両相互
2023,33.2908275,130.31549416666667,0,1,車両相互
2023,33.286361944444444,130.31420833333334,0,1,車両相互
2023,33.2668975,130.29945805555556,0,1,車両相互
2023,33.29479972222222,130.28368333333333,0,1,車両相互
2023,33.30598972222222,130.2829652777778,0,1,車両相互
2023,33.26253111111111,130.28222194444444,0,1,車両相互
2023,33.27410305555556,130.30645722222224,0,2,車両相互
2023,33.315916666666666,130.30507111111112,0,1,車両相互
2023,33.44273138888889,130.26167583333333,0,1,車両相互
2023,33.315286666666665,130.27853944444445,0,1,車両相互
2023,33.26958527777778,130.26154027777778,0,2,車両相互
2023,33.31413527777777,130.2972738888889,0,2,車両相互
2022,33.29218833333333,130.30785583333335,0,1,車両単独
2023,33.262031944444445,130.29908111111112,0,1,車両相互
2023,33.32389805555556,130.31683972222223,0,1,車両相互
2023,33.32544638888889,130.32362416666666,0,1,車両相互
2023,33.291687499999995,130.29789444444444,0,2,車両相互
2023,33.26963111111111,130.2631213888889,0,1,車両相互
2023,33.267085,130.2969138888889,0,1,車両相互
2023,33.2687525,130.30125416666667,0,1,車両相互
2023,33.27669083333333,130.3074188888889,0,1,車両相互
2023,33.269871944444446,130.3092338888889,0,1,車両相互
2023,33.26155388888889,130.2725488888889,0,1,車両相互
2023,33.27558277777778,130.30085194444445,0,1,車両相互
2023,33.27319444444444,130.28399027777778,0,1,車両相互
2023,33.31259083333333,130.3185736111111,0,2,車両相互
2023,33.26311111111111,130.31500861111112,0,1,車両相互
2023,33.259075555555555,130.29147666666665,0,1,車両相互
2023,33.274836388888886,130.30605416666668,0,1,車両相互
2023,33.2851625,130.2631863888889,0,2,車両相互
2023,33.290420555555556,130.29785666666666,0,1,車両相互
2023,33.268101944444446,130.30134833333335,0,1,車両相互
2023,33.28456861111111,130.2964661111111,0,1,車両単独
2023,33.267875555555555,130.30159166666667,0,1,車両相互
2023,33.27880833333333,130.27540472222225,0,1,車両相互
2023,33.30220972222222,130.23352138888887,0,1,車両相互
2023,33.285981111111106,130.3114663888889,0,1,車両相互
2023,33.272259166666664,130.2955247222222,0,1,車両相互
2023,33.36439166666667,130.25501583333335,0,2,車両相互
2023,33.285844166666664,130.26844333333335,0,1,車両相互
2023,33.26947611111111,130.27137416666667,0,1,車両相互
2023,33.27272416666666,130.3112927777778,0,1,車両相互
2023,33.2693925,130.31080722222222,0,1,車両相互
2023,33.265568611111114,130.2719625,0,1,車両相互
2023,33.26335611111111,130.31743833333334,0,1,車両相互
2023,33.272481388888885,130.26105972222223,0,2,車両相互
2023,33.42429555555555,130.27757305555556,0,1,車両相互
2023,33.17333722222222,129.71167666666665,0,1,車両相互
2023,32.793300555555554,129.8733513888889,0,1,車両相互
2023,32.76284,129.86524416666666,0,1,車両相互
2023,32.76298111111111,129.86617944444444,0,1,車両相互
2023,32.774789444444444,129.9540422222222,0,1,車両相互
2023,32.755473888888886,129.90944416666667,0,1,車両相互
2023,32.754508055555554,129.97805888888888,0,1,人対車両
2023,32.74543416666667,129.87868805555556,0,1,人対車両
2023,32.744930833333335,129.87078583333334,0,2,車両相互
2023,32.75284333333333,129.88353805555556,0,2,車両相互
2023,32.74601611111111,129.8720825,0,1,人対車両
2023,32.75573527777778,129.88572083333332,0,1,車両相互
2023,32.75125583333333,129.86878722222224,0,2,車両相互
2023,32.74894305555556,129.87422305555558,0,1,人対車両
2023,32.75853166666667,129.86822305555557,0,1,車両相互
2023,32.74336777777778,129.8777902777778,0,1,車両相互
2023,32.74785861111111,129.87921916666667,0,1,人対車両
2023,32.7446575,129.8753488888889,0,1,車両相互
2023,32.75264111111111,129.90273333333334,0,1,車両単独
2023,32.74897388888889,129.87422972222222,0,1,車両相互
2023,32.74957638888889,129.88107083333335,0,1,車両相互
2023,32.77262638888889,129.96456944444444,0,1,車両相互
2023,32.74329388888889,129.81474500000002,0,2,車両相互
2023,32.76375083333333,129.8634161111111,0,2,車両相互
2023,32.78252972222222,129.9506422222222,0,2,車両相互
2023,32.7522425,129.88844527777778,0,1,車両相互
2023,32.760754444444444,129.86726166666668,0,1,車両相互
2023,32.764671666666665,129.86655583333334,0,1,車両相互
2023,32.752680833333336,129.90320222222223,0,1,車両相互
2023,32.74538944444445,129.8935911111111,0,1,車両相互
2023,32.737988333333334,129.87058055555556,0,1,人対車両
2023,32.6626525,129.83508305555557,0,1,人対車両
2023,32.67342055555555,129.83986444444446,0,1,人対車両
2023,32.65162972222222,129.8291072222222,0,1,人対車両
2023,32.71447888888889,129.868315,0,1,車両相互
2023,32.738752777777776,129.87222666666668,0,1,人対車両
2023,32.68993333333333,129.8477138888889,0,1,車両相互
2023,32.70673777777778,129.85918638888887,0,3,車両相互
2023,32.777093055555554,129.85903694444443,0,1,車両相互
2023,32.806309444444445,129.84815500000002,0,2,車両相互
2023,32.78520583333333,129.79097777777778,0,1,車両相互
2023,32.768681944444445,129.8629513888889,0,1,人対車両
2023,32.77536805555555,129.8622836111111,0,1,車両相互
2023,32.792451111111106,129.87179694444444,0,3,車両相互
2023,32.788875555555556,129.8708386111111,0,1,車両相互
2023,32.784085555555556,129.87048805555557,0,1,人対車両
2023,32.80436805555555,129.85093138888888,0,1,車両相互
2023,32.77669083333333,129.85891194444443,0,1,車両相互
2023,32.76805805555556,129.8642775,0,2,車両相互
2023,32.76877611111111,129.8647311111111,0,1,車両相互
2023,32.779046666666666,129.80404083333335,0,1,車両相互
2023,32.782804722222224,129.86129083333333,0,1,車両相互
2023,32.78274805555556,129.86229777777777,0,1,車両相互
2023,32.79353277777778,129.87586444444446,0,1,車両相互
2023,32.807205555555555,129.84560055555556,0,1,人対車両
2023,32.768658055555555,129.86406416666665,0,2,車両相互
2023,32.783656666666666,129.87246194444444,0,2,車両相互
2023,32.83984027777778,129.8381052777778,0,1,人対車両
2023,32.81636583333333,129.80617750000002,0,1,車両相互
2023,32.8655975,129.78675222222222,0,1,車両相互
2023,32.83486972222222,129.87216944444444,0,1,車両相互
2023,32.8235425,129.76479194444445,0,2,車両相互
2023,32.85970694444445,129.78910888888888,0,1,車両相互
2023,32.84896361111112,129.82954333333333,0,1,車両相互
2023,32.81836583333334,129.78034611111113,0,1,車両単独
2023,32.859831944444444,129.80518916666668,0,1,車両相互
2023,32.85106777777778,129.82546416666665,0,3,車両相互
2023,32.823885277777784,129.76281666666668,0,1,車両相互
2023,32.81887444444445,129.83995416666667,0,1,車両相互
2023,32.88481972222222,129.7900486111111,0,1,車両相互
2023,32.80491305555555,129.85319944444444,0,2,車両相互
2023,33.03791472222222,129.62555722222223,0,1,車両相互
2023,32.995243611111114,129.73262277777778,0,1,車両相互
2023,32.83171416666667,130.05811972222224,0,1,車両相互
2023,32.831875833333335,130.00361583333333,0,1,車両相互
2023,32.79850694444444,130.1332288888889,0,2,車両相互
2023,32.838185,130.02050027777778,0,1,人対車両
2023,32.845675,130.04394249999999,0,1,車両相互
2023,32.81239583333333,129.9652911111111,0,4,車両相互
2023,32.836844166666666,130.0571352777778,0,1,車両相互
2023,32.79751972222222,130.081795,0,1,車両相互
2023,32.83820611111111,130.0204363888889,0,1,車両相互
2023,32.85380583333333,130.04473833333333,0,1,車両相互
2023,32.836060555555555,130.09404944444447,0,2,車両相互
2023,32.84120138888889,130.0206588888889,0,1,人対車両
2023,32.837874722222224,130.0372313888889,0,1,車両相互
2023,32.83653944444445,130.10670249999998,0,1,車両相互
2023,32.83427277777778,130.12619472222224,0,1,車両相互
2023,32.838903611111114,130.03580444444444,0,1,車両相互
2023,32.85028444444445,130.06538527777778,0,1,車両相互
2023,32.85017555555556,130.06534166666668,0,1,車両相互
2023,32.84245222222223,130.05208055555556,0,1,人対車両
2023,32.80669888888889,130.13530944444443,0,1,車両相互
2023,32.79843944444444,130.08308027777778,0,4,車両相互
2023,32.83897416666667,130.0358686111111,0,1,車両相互
2023,32.820794444444445,129.99702749999997,0,1,車両相互
2023,32.832843888888895,130.07773722222223,0,1,車両相互
2023,32.88276722222222,130.01582666666667,0,3,車両相互
2023,32.83924444444445,130.02393555555557,0,1,車両相互
2023,32.836263611111114,130.01354722222223,0,1,車両相互
2023,32.83149277777778,130.00091305555554,1,0,人対車両
2023,32.82631833333334,130.03522694444445,0,1,車両単独
2023,32.83831416666667,130.03669555555555,0,1,車両相互
2023,32.84106027777778,130.08701361111113,0,1,車両相互
2023,32.849694722222225,130.02838027777779,0,2,車両相互
2023,32.839197222222225,130.02309944444445,0,1,車両相互
2023,32.8527125,130.0392611111111,0,1,車両相互
2023,32.83790694444445,130.05655444444446,0,2,車両相互
2023,32.815954999999995,129.96637833333332,0,1,車両相互
2023,32.918346944444444,130.18347472222223,0,2,車両相互
2023,32.82674638888889,129.9792038888889,0,4,車両相互
2023,32.771319166666665,130.3732052777778,0,1,車両相互
2023,32.80143222222222,130.34923555555557,0,2,車両相互
2023,32.78729694444444,130.3680402777778,0,1,人対車両
2023,32.781485833333335,130.37350666666669,0,1,車両相互
2023,32.74532166666667,130.36699972222223,0,2,車両相互
2023,32.77824972222222,130.3735452777778,1,0,車両相互
2023,32.84500694444445,130.3127391666667,0,1,人対車両
2023,32.7919475,130.36015555555554,0,1,人対車両
2023,32.77489583333333,130.36814833333335,0,1,車両相互
2023,32.71469888888889,130.34459916666668,0,1,車両相互
2023,32.7301775,130.3275075,0,1,車両相互
2023,32.818129722222224,130.1547588888889,0,1,車両相互
2023,32.87538833333333,130.2800777777778,0,2,車両相互
2023,32.87545388888889,130.28277944444446,0,1,車両相互
2023,32.83667194444445,130.21342583333333,0,1,車両相互
2023,32.84713583333333,130.21784916666667,0,1,車両相互
2023,32.852945,130.2616811111111,0,2,車両相互
2023,32.859927222222225,130.22510916666667,0,1,車両相互
2023,32.89595416666667,129.97040055555556,0,1,人対車両
2023,32.93989361111111,129.95249916666666,0,1,車両相互
2023,32.92947583333333,129.93756972222224,0,1,車両相互
2023,32.91536416666666,129.9454775,0,1,車両相互
2023,32.915324444444444,129.96106444444445,0,1,車両相互
2023,32.92882472222222,129.95116388888889,0,1,車両相互
2023,32.91366305555555,129.96207805555554,0,2,車両相互
2023,32.92993583333333,129.9508236111111,0,1,車両相互
2023,32.90645472222222,129.95706416666667,0,1,車両相互
2023,32.89096416666666,129.9729988888889,0,1,車両相互
2023,32.93004305555555,129.9506911111111,0,1,人対車両
2023,32.93714527777777,129.94428333333335,0,1,人対車両
2023,32.92738083333333,129.95119666666665,0,1,車両相互
2023,32.94567833333333,129.9456461111111,0,3,車両相互
2023,32.96098055555556,129.94356555555555,0,1,車両相互
2023,32.934151388888885,129.93712555555555,0,1,人対車両
2023,32.96843722222222,129.94328305555555,0,1,車両相互
2023,32.92955944444444,129.94971555555557,0,2,車両相互
2023,32.929831111111106,129.95030805555555,0,1,車両相互
2023,32.921385,129.94487666666666,0,1,車両相互
2023,33.05905,129.8425663888889,0,1,車両相互
2023,33.135820277777775,129.88892388888888,0,2,車両相互
2023,33.137054166666665,129.894995,0,1,車両相互
2023,33.06612555555555,129.83242083333332,0,1,車両相互
2023,33.063675277777776,129.8673752777778,0,2,車両相互
2023,33.10329027777778,129.82015055555556,0,1,車両単独
2023,33.14322555555555,129.80100722222224,0,1,車両相互
2023,33.09774277777778,129.79222055555556,0,1,車両相互
2023,33.112385,129.77216361111113,0,1,車両相互
2023,33.154982499999996,129.77181694444445,0,2,車両相互
2023,33.149321111111114,129.78157000000002,0,1,車両相互
2023,33.12810944444445,129.80069194444445,0,1,車両相互
2023,33.1519725,129.77884694444447,0,1,車両相互
2023,33.10199416666667,129.77009944444447,0,4,車両相互
2023,33.070172500000005,129.76223305555555,0,2,車両相互
2023,33.15240027777778,129.7779363888889,0,1,車両相互
2023,33.12666194444444,129.788795,0,1,車両相互
2023,33.09812166666667,129.79271333333332,0,1,車両相互
2023,33.15181027777778,129.76957583333333,0,1,車両相互
2023,33.08556527777778,129.81351750000002,0,1,車両相互
2023,33.15128194444444,129.78003722222223,0,1,車両相互
2023,33.12540861111111,129.8016463888889,0,1,車両相互
2023,33.144455,129.80334194444447,0,1,車両相互
2023,33.08694138888889,129.80312722222223,0,1,車両相互
2023,33.05742472222222,129.7620038888889,1,1,車両単独
2023,33.14460916666667,129.82197833333333,0,1,車両相互
2023,33.11602916666667,129.79222416666667,0,2,車両相互
2023,33.14033638888889,129.80070055555558,0,1,人対車両
2023,33.128239722222226,129.80077500000002,0,1,人対車両
2023,33.130251111111114,129.79231083333332,0,1,車両相互
2023,33.09756777777778,129.7930011111111,0,1,車両相互
2023,33.14688527777778,129.78357555555556,0,1,車両相互
2023,33.11546416666667,129.77659722222222,0,1,車両相互
2023,33.11956583333333,129.79984583333334,0,1,人対車両
2023,33.126718333333336,129.79227444444444,0,1,車両相互
2023,33.16821777777778,129.72302277777777,0,1,車両相互
2023,33.15887361111111,129.73393388888888,0,1,車両相互
2023,33.16800166666666,129.70929916666665,0,1,人対車両
2023,33.16272361111111,129.77372111111112,0,2,車両相互
2023,33.157941944444445,129.76561166666667,0,2,車両相互
2023,33.167737499999994,129.72011416666666,0,1,車両相互
2023,33.18209472222222,129.72478611111111,0,1,車両相互
2023,33.196061111111106,129.72243555555556,0,1,車両相互
2023,33.17001694444444,129.72421944444446,0,1,人対車両
2023,33.15838194444444,129.73393249999998,0,2,車両相互
2023,33.199708055555554,129.72163944444443,0,1,人対車両
2023,33.171746388888884,129.71852944444444,0,2,車両相互
2023,33.17753472222222,129.7167188888889,0,2,車両相互
2023,33.17306,129.77008,0,1,車両相互
2023,33.14428222222222,129.74095333333332,0,1,車両相互
2023,33.17147138888889,129.7220761111111,0,1,車両相互
2023,33.18513305555555,129.7176611111111,0,2,車両相互
2023,33.16128555555555,129.7683352777778,0,1,車両相互
2023,33.15939972222222,129.7399825,0,1,人対車両
2023,33.20847472222223,129.71486666666667,0,1,車両相互
2023,33.211455,129.75412888888889,0,1,車両相互
2023,33.1566925,129.7511461111111,0,1,車両単独
2023,33.20527777777778,129.72120583333333,0,1,人対車両
2023,33.1562025,129.75468555555557,0,1,車両相互
2023,33.20744166666667,129.72059305555555,0,1,車両相互
2023,33.15789111111111,129.75818333333333,0,1,車両単独
2023,33.16211194444444,129.74667916666667,1,0,車両単独
2023,33.167294722222216,129.72449472222223,0,1,車両相互
2023,33.16848222222222,129.7113661111111,0,2,車両相互
2023,33.15615944444444,129.72991666666667,0,1,車両相互
2023,33.174618055555555,129.67191666666665,0,1,車両相互
2023,33.1882575,129.66784055555556,0,1,人対車両
2023,33.24945833333334,129.56616333333335,0,2,車両相互
2023,33.260130555555556,129.66447666666667,0,1,人対車両
2023,33.268659722222225,129.69085416666667,0,1,車両単独
2023,33.30374555555555,129.6310836111111,0,1,車両相互
2023,33.315328888888885,129.61336138888888,0,1,車両相互
2023,33.2297375,129.6445672222222,0,1,車両相互
2023,33.225143888888894,129.6572475,0,2,車両相互
2023,33.347951111111115,129.7162625,0,2,車両相互
2023,33.315284999999996,129.68479722222222,0,1,車両相互
2023,33.36154527777778,129.58585000000002,0,1,車両相互
2023,33.36873166666667,129.54617944444445,0,1,車両相互
2023,33.35648916666667,129.56563722222222,0,2,車両相互
2023,32.843297500000006,129.06009444444445,0,1,人対車両
2023,33.80599833333333,129.7512536111111,1,0,車両単独
2023,33.74272805555556,129.7006636111111,0,1,車両単独
2023,33.81767916666667,129.75725,0,1,人対車両
2023,33.76780111111111,129.7012136111111,0,1,車両単独
2023,33.752470555555554,129.6975936111111,0,1,車両相互
2023,34.235115,129.30905916666669,0,1,車両相互
2023,34.148518333333335,129.18138583333334,0,1,人対車両
2023,34.2734325,129.31894138888887,0,1,車両相互
2023,34.25251194444444,129.31398472222224,0,1,車両相互
2023,34.26168444444444,129.31524583333334,0,1,車両相互
2023,34.47915888888889,129.3940947222222,0,1,車両単独
2023,32.91005416666667,130.4876097222222,0,1,車両相互
2023,32.9752025,130.44178,0,1,人対車両
2023,32.984967222222224,130.46966694444444,0,1,車両相互
2023,33.002053333333336,130.43858944444446,0,2,車両相互
2023,32.99583916666667,130.43059916666667,0,1,車両相互
2023,32.97512694444445,130.45055638888888,0,1,車両相互
2023,32.959967500000005,130.46036888888887,0,1,車両相互
2023,32.977850000000004,130.46299416666665,0,1,車両相互
2023,32.9959625,130.42971527777777,0,1,車両相互
2023,32.98992777777778,130.48103138888888,0,1,車両相互
2023,32.98385944444445,130.46979638888888,0,1,車両相互
2023,32.99053666666667,130.43287138888888,0,1,車両相互
2023,32.45796694444445,130.19274222222222,0,1,車両相互
2023,32.50899888888889,130.045165,0,1,人対車両
2023,32.531011944444444,130.09473194444445,1,0,人対車両
2023,32.45157861111112,130.4202997222222,0,1,車両相互
2023,33.54051916666666,130.4853372222222,0,4,車両相互
2023,33.62999361111111,130.4868922222222,0,2,車両相互
2023,33.5574425,130.4719963888889,0,1,車両相互
2023,33.59341527777778,130.49493694444442,0,1,車両相互
2023,33.51743416666667,130.4958436111111,0,1,車両相互
2023,33.62524444444445,130.41569111111113,0,1,車両相互
2023,33.62797666666667,130.41678888888887,0,1,車両相互
2023,33.600279722222226,130.38999833333332,0,1,車両相互
2023,33.60026722222222,130.39002888888888,0,1,車両相互
2023,33.63035166666667,130.4177672222222,0,1,車両相互
2023,33.5430275,130.39034777777778,0,1,車両相互
2023,33.60127166666667,130.39307472222222,0,1,車両相互
2023,33.53151444444444,130.49497083333333,0,4,車両相互
2023,33.603944444444444,130.40935083333335,0,1,車両相互
2023,33.55406166666666,130.47540722222223,0,2,車両相互
2023,33.54169638888889,130.43053055555555,0,2,車両相互
2023,33.555436944444445,130.4738463888889,0,1,車両相互
2023,33.57284027777778,130.28100805555556,0,1,車両相互
2023,33.54172833333333,130.43304638888887,0,1,車両相互
2023,33.57313527777778,130.28410027777778,0,2,車両相互
2023,33.63135972222222,130.41816333333333,0,1,車両相互
2023,33.57713583333334,130.38954694444445,0,1,人対車両
2023,33.58168305555556,130.4008125,0,1,車両相互
2023,33.577045000000005,130.41092583333335,0,2,車両相互
2023,33.582572777777784,130.40836027777777,0,1,車両相互
2023,33.59042083333333,130.39180944444445,0,1,車両相互
2023,33.579821111111116,130.3944913888889,0,2,車両相互
2023,33.58695638888889,130.36493416666667,0,1,車両相互
2023,33.57571777777778,130.40928333333335,0,1,車両相互
2023,33.59271444444445,130.37568972222223,0,1,車両相互
2023,33.59599777777778,130.37028694444444,0,1,車両相互
2023,33.58237444444445,130.4076736111111,0,1,車両相互
2023,33.58244833333334,130.40560472222222,0,1,車両相互
2023,33.57832277777778,130.37904444444445,0,1,車両単独
2023,33.58336611111111,130.4011913888889,0,1,車両相互
2023,33.58211361111111,130.36691000000002,0,1,車両相互
2023,33.58580361111111,130.39542944444443,0,1,車両相互
2023,33.57713666666667,130.37603944444444,0,1,車両相互
2023,33.589155000000005,130.40569666666667,0,1,人対車両
2023,33.57812972222222,130.41335527777778,0,1,車両相互
2023,33.58423333333334,130.3919286111111,0,1,車両相互
2023,33.56924583333333,130.3762677777778,0,1,車両相互
2023,33.5897725,130.40532166666668,0,2,車両相互
2023,33.58253527777778,130.4064638888889,0,1,人対車両
2023,33.59023138888889,130.37096916666667,0,2,車両相互
2023,33.59470555555556,130.3995625,0,1,車両相互
2023,33.58582138888889,130.39567916666667,0,1,車両相互
2023,33.58855333333334,130.3986113888889,0,1,人対車両
2023,33.57772222222223,130.3774036111111,0,2,車両相互
2023,33.58748388888889,130.40031055555556,0,1,車両相互
2023,33.588123333333336,130.40167833333334,0,2,車両相互
2022,33.589865,130.38576333333333,0,1,人対車両
2023,33.58148638888889,130.39908777777777,0,1,車両相互
2023,33.582524444444445,130.3957638888889,0,1,車両相互
2023,33.56899111111112,130.3761802777778,0,1,車両相互
2023,33.59212416666667,130.4022113888889,0,1,車両相互
2023,33.58607305555556,130.38934722222223,0,1,人対車両
2023,33.566357499999995,130.39033944444444,0,1,車両相互
2023,33.56505222222222,130.3761477777778,0,1,車両相互
2023,33.57479027777778,130.40368333333333,0,1,車両相互
2023,33.57816805555556,130.41225972222222,0,2,車両相互
2023,33.563269999999996,130.38696305555555,0,1,車両相互
2023,33.585191388888894,130.39161388888888,0,1,車両相互
2023,33.5895525,130.36959666666667,0,1,車両相互
2023,33.59086277777778,130.39392944444444,0,1,車両相互
2023,33.593543333333336,130.36183083333333,0,1,車両相互
2023,33.58215472222223,130.39641749999998,0,1,人対車両
2023,33.58141638888889,130.39913388888888,0,3,車両相互
2023,33.58513277777778,130.39321666666666,0,2,人対車両
2023,33.591368888888894,130.39563027777777,0,1,車両相互
2023,33.56633166666666,130.3904086111111,0,1,人対車両
2023,33.59777777777778,130.3703663888889,0,1,車両相互
2023,33.59015083333333,130.3884736111111,0,1,車両相互
2023,33.584826944444444,130.39156499999999,0,1,人対車両
2023,33.58958055555556,130.39942305555556,0,1,人対車両
2023,33.60001472222223,130.376035,0,1,車両相互
2023,33.58412694444445,130.38884694444442,0,1,車両相互
2023,33.582373611111116,130.37997694444445,0,1,車両相互
2023,33.57189055555556,130.438085,0,1,車両相互
2023,33.5988125,130.4252861111111,0,1,車両相互
2023,33.56521472222222,130.46265888888888,0,1,車両相互
2023,33.57605027777778,130.42899555555556,0,4,車両相互
2023,33.576186944444444,130.42001694444443,0,2,車両相互
2023,33.58483972222223,130.4166997222222,0,1,人対車両
2023,33.58607777777778,130.4163575,0,1,人対車両
2023,33.5707425,130.47156833333332,0,2,車両相互
2023,33.60225,130.4371788888889,0,3,車両相互
2023,33.60059416666667,130.41228916666668,0,1,車両相互
2023,33.591840000000005,130.40715861111113,0,1,人対車両
2023,33.60166111111111,130.41469222222221,0,1,車両相互
2023,33.579035000000005,130.4199525,0,1,車両相互
2023,33.603094166666665,130.41269722222222,0,1,車両相互
2023,33.55173333333333,130.45739638888887,0,1,人対車両
2023,33.59258944444445,130.43137944444445,0,1,車両相互
2023,33.568581111111115,130.44014166666668,0,1,車両相互
2023,33.59497027777778,130.42609166666665,0,1,車両相互
2023,33.59461833333334,130.41892055555556,0,1,車両相互
2023,33.593767222222226,130.40533666666667,0,2,車両相互
2023,33.555839999999996,130.47365833333333,0,2,車両相互
2023,33.58589722222222,130.43872000000002,0,1,車両相互
2023,33.59187444444445,130.41705416666665,0,1,車両相互
2023,33.56762944444445,130.46618833333332,0,1,車両相互
2023,33.59528111111111,130.41296861111113,0,1,車両相互
2023,33.54444972222222,130.47106277777777,0,1,車両相互
2023,33.581118611111116,130.43076,0,1,車両相互
2023,33.56251472222222,130.46046916666666,0,1,車両相互
2023,33.56483861111111,130.46230777777777,0,1,車両相互
2023,33.60186083333333,130.40157333333335,0,2,車両単独
2023,33.55510722222222,130.4607947222222,0,1,車両相互
2023,33.58679777777778,130.4288461111111,0,1,人対車両
2023,33.567036111111115,130.43248444444444,0,2,車両相互
2023,33.56261722222222,130.45169222222222,0,1,車両相互
2023,33.560476666666666,130.45889694444443,0,1,車両相互
2023,33.58436638888889,130.42660444444442,0,2,車両相互
2023,33.603632777777776,130.42170888888887,0,1,車両相互
2023,33.57100777777778,130.46398194444444,0,1,車両相互
2023,33.550624444444445,130.46546138888888,0,1,車両相互
2023,33.58762111111111,130.4295486111111,0,2,車両相互
2023,33.592130000000004,130.41572916666667,0,5,車両相互
2023,33.57483666666667,130.42721916666665,0,1,車両相互
2023,33.575114722222224,130.42170916666666,0,1,車両相互
2023,33.592685555555555,130.40671166666667,0,1,人対車両
2023,33.584273611111115,130.41340944444445,0,1,人対車両
2023,33.59265527777778,130.40669472222223,0,1,人対車両
2023,33.580717500000006,130.4301747222222,0,3,車両相互
2023,33.60308388888889,130.40478055555556,0,1,車両相互
2023,33.5563825,130.45490638888887,0,1,車両相互
2023,33.56211666666666,130.4445697222222,0,1,車両相互
2023,33.58748138888889,130.42103749999998,0,1,車両相互
2023,33.59986583333333,130.42603805555555,0,1,車両相互
2023,33.551379999999995,130.45753055555554,0,1,車両相互
2023,33.55846444444444,130.4551111111111,0,1,車両相互
2023,33.600005,130.4001263888889,0,1,車両相互
2023,33.60021916666667,130.42887694444443,0,1,車両相互
2023,33.598666944444446,130.41353583333333,0,1,車両相互
2023,33.56378833333333,130.44444472222222,0,1,車両相互
2023,33.59724388888889,130.4354788888889,0,1,車両相互
2023,33.58631638888889,130.41761333333332,0,1,人対車両
2023,33.56382277777777,130.45047333333332,0,1,人対車両
2023,33.59233972222223,130.45117083333332,0,1,人対車両
2023,33.59168444444445,130.42135916666666,0,1,人対車両
2023,33.58596055555556,130.43816527777778,0,1,車両相互
2023,33.60441638888889,130.4079113888889,0,3,車両相互
2023,33.60310055555556,130.43042916666667,0,1,人対車両
2023,33.56222861111111,130.4466297222222,0,1,車両相互
2023,33.59164972222222,130.4273125,0,1,車両相互
2023,33.55189083333333,130.46315416666667,0,2,車両相互
2023,33.60344277777778,130.44416944444444,0,1,車両相互
2023,33.59661416666667,130.45459805555555,0,2,車両相互
2023,33.583466111111115,130.4252363888889,0,1,車両相互
2023,33.59597638888889,130.42178805555554,0,1,車両単独
2023,33.55981444444444,130.47064916666668,0,1,車両相互
2023,33.6037525,130.42297888888888,0,1,車両単独
2023,33.59477833333334,130.4339911111111,0,1,車両相互
2023,33.58997305555556,130.46214999999998,0,1,車両相互
2023,33.57603916666667,130.4362725,0,1,車両相互
2023,33.595305555555555,130.40856250000002,0,1,車両相互
2023,33.58468861111111,130.43944472222222,0,1,車両相互
2023,33.67386361111111,130.45037694444443,0,1,車両相互
2023,33.63843055555556,130.42577083333333,0,1,車両相互
2023,33.666578888888886,130.4414436111111,0,1,車両相互
2023,33.676198888888884,130.43920111111112,0,1,車両相互
2023,33.60720583333333,130.43766027777778,0,1,車両相互
2023,33.62365194444445,130.42021166666666,0,1,車両相互
2022,33.653351388888886,130.44963361111112,0,1,車両単独
2023,33.697694999999996,130.41927083333331,0,1,車両相互
2023,33.642338055555555,130.46600916666665,0,2,車両相互
2023,33.647307222222224,130.45938527777776,0,1,車両相互
2023,33.62547444444444,130.43981444444444,0,1,車両相互
2023,33.64096416666666,130.42846277777778,0,1,車両相互
2023,33.68151638888889,130.3998636111111,0,2,車両相互
2023,33.650354444444446,130.43721916666667,0,1,車両相互
2023,33.64149166666667,130.42907916666667,0,1,車両相互
2023,33.60836888888889,130.4230847222222,0,1,人対車両
2023,33.61886611111111,130.43361194444444,0,1,車両相互
2023,33.65429805555556,130.4484325,0,1,車両相互
2022,33.642245833333334,130.47403777777777,0,1,車両相互
2023,33.62900444444445,130.42668138888888,0,1,人対車両
2023,33.665080833333334,130.44759583333334,0,1,車両相互
2023,33.64785527777778,130.4359738888889,0,1,車両相互
2023,33.654016666666664,130.459715,0,1,車両相互
2023,33.60764888888889,130.44245694444444,0,1,車両相互
2023,33.621561944444444,130.4192547222222,0,1,車両相互
2023,33.616955555555556,130.4323186111111,0,1,人対車両
2023,33.69820694444444,130.4397438888889,0,1,人対車両
2023,33.69606388888889,130.42199138888887,0,1,車両相互
2023,33.656683888888885,130.4488675,0,2,車両相互
2023,33.68980805555555,130.43393805555556,0,2,車両相互
2023,33.624675833333335,130.43606861111112,0,1,車両相互
2023,33.6313625,130.43666611111112,0,1,車両相互
2022,33.60895638888889,130.44306944444446,0,1,車両相互
2023,33.63849361111111,130.42580888888887,0,1,車両相互
2023,33.61004027777778,130.42368833333333,0,1,車両相互
2023,33.63536222222222,130.4215811111111,0,1,車両相互
2023,33.63070694444445,130.43925055555556,0,1,車両相互
2023,33.65244916666666,130.45076972222222,0,1,人対車両
2023,33.61242,130.4302386111111,0,1,車両相互
2022,33.621588333333335,130.41923694444444,0,1,車両相互
2023,33.60895138888889,130.41911083333332,0,1,車両相互
2023,33.63569361111111,130.4206811111111,0,1,車両相互
2023,33.635689722222224,130.42070555555554,0,1,車両相互
2023,33.667994166666666,130.4448211111111,0,2,車両相互
2023,33.650533333333335,130.4551363888889,1,0,人対車両
2023,33.68239166666667,130.45365055555556,0,1,車両相互
2023,33.62328611111111,130.44889666666668,0,1,車両相互
2023,33.619658055555554,130.42665444444444,0,2,車両相互
2023,33.60820555555556,130.44358305555556,0,2,車両相互
2023,33.61631722222222,130.42765333333332,0,1,車両相互
2023,33.67303722222222,130.4527872222222,0,1,車両相互
2023,33.63281361111111,130.45675722222222,0,2,車両相互
2023,33.66755277777778,130.44326083333334,0,1,車両相互
2023,33.620487777777775,130.41267555555555,0,1,車両相互
2023,33.62122611111111,130.44565694444444,0,2,人対車両
2023,33.61903638888889,130.43510055555555,0,1,車両相互
2023,33.66871444444444,130.41925083333334,0,1,車両相互
2023,33.641705277777774,130.44114638888888,0,1,車両相互
2023,33.65232694444444,130.41543194444446,0,2,車両相互
2023,33.691786388888886,130.43408611111113,0,1,車両相互
2023,33.68967444444444,130.42945583333332,0,1,人対車両
2023,33.665193055555555,130.41423333333333,1,3,車両相互
2023,33.64619638888889,130.4406972222222,0,2,車両相互
2023,33.66764805555555,130.44281444444445,0,3,車両相互
2023,33.6264375,130.4396436111111,0,1,車両相互
2023,33.64321916666667,130.44590194444444,0,1,人対車両
2023,33.62741944444444,130.41636805555555,0,2,車両相互
2023,33.63270305555556,130.46308888888888,0,1,車両相互
2023,33.65488111111111,130.43959222222222,0,1,車両相互
2023,33.640811388888885,130.44153666666668,0,1,車両相互
2023,33.62554,130.42727444444444,0,3,車両相互
2023,33.62258833333333,130.4393038888889,0,4,車両相互
2023,33.69906472222222,130.41778333333332,0,1,車両相互
2023,33.64861638888889,130.44245055555555,0,1,車両単独
2023,33.616574722222225,130.42636027777777,0,1,人対車両
2023,33.60803194444445,130.442085,0,1,車両相互
2023,33.625863055555556,130.43963250000002,0,2,車両相互
2023,33.62391222222222,130.4388236111111,0,1,人対車両
2023,33.63771722222222,130.44110916666668,0,1,車両相互
2023,33.65504861111111,130.43057083333332,0,3,車両相互
2023,33.62500111111111,130.43955444444444,0,1,車両相互
2023,33.69194888888889,130.42346944444444,0,1,車両相互
2023,33.64056111111111,130.42787666666666,0,1,車両相互
2023,33.619995833333334,130.41833472222223,0,1,車両相互
2023,33.633783333333334,130.42673916666666,0,2,車両相互
2023,33.69752833333333,130.42095277777776,0,1,車両相互
2023,33.65821472222222,130.43729861111112,0,1,人対車両
2023,33.62034777777778,130.4389952777778,0,1,車両相互
2023,33.627649166666664,130.45227583333332,0,1,車両相互
2023,33.55024583333333,130.34845,0,1,車両相互
2023,33.56784166666667,130.34923222222224,0,1,車両相互
2023,33.58175861111111,130.35052194444444,0,1,車両相互
2023,33.54804194444444,130.34657444444446,0,1,人対車両
2023,33.54230083333333,130.3264575,0,1,車両相互
2023,33.56773305555556,130.33610472222225,0,1,車両相互
2023,33.56833138888889,130.32849305555555,0,1,車両相互
2023,33.54836777777778,130.34397111111113,0,1,車両相互
2023,33.58753611111111,130.34827583333333,0,1,車両相互
2023,33.58237694444445,130.35810999999998,0,1,人対車両
2023,33.578085,130.3609961111111,0,1,車両相互
2023,33.56800916666667,130.35004277777776,0,1,車両相互
2023,33.54020222222222,130.35005027777777,0,1,車両相互
2023,33.5828075,130.3557363888889,0,1,車両相互
2023,33.568178055555556,130.35127555555556,0,1,人対車両
2023,33.546078888888886,130.3464363888889,0,1,車両相互
2023,33.570411944444444,130.35664111111112,0,1,車両相互
2023,33.54119111111111,130.3384877777778,0,1,車両相互
2023,33.56951416666667,130.35434777777778,0,1,車両相互
2023,33.58211305555556,130.36014749999998,0,1,人対車両
2023,33.56666722222223,130.34144333333333,0,1,車両相互
2023,33.56195611111111,130.33880666666667,0,1,車両相互
2023,33.57467472222223,130.35354083333334,0,1,車両相互
2023,33.54111527777778,130.35213305555556,0,1,人対車両
2023,33.552454999999995,130.33048472222222,0,1,車両相互
2023,33.56541694444444,130.35484555555556,0,1,車両相互
2023,33.56422111111111,130.35329277777777,0,1,車両相互
2023,33.54870805555555,130.32727027777779,0,1,車両相互
2023,33.54797472222222,130.34722861111112,0,1,人対車両
2023,33.58042777777778,130.34671694444447,0,1,車両相互
2023,33.57215888888889,130.33911111111112,0,1,車両相互
2023,33.54319361111111,130.3344502777778,0,1,車両相互
2023,33.55464333333333,130.35044527777777,0,3,車両相互
2023,33.563334999999995,130.3380427777778,0,1,車両相互
2023,33.582168888888894,130.34846222222222,0,1,車両相互
2023,33.549593333333334,130.3406425,0,1,車両相互
2023,33.55352222222222,130.33039555555555,0,1,車両相互
2023,33.58119416666667,130.34529805555556,0,1,車両相互
2023,33.50454555555555,130.33439444444446,0,1,車両相互
2023,33.588390833333335,130.35761055555554,0,1,車両相互
2023,33.549791666666664,130.34096194444444,0,1,車両相互
2023,33.58132861111111,130.34721472222222,0,2,車両相互
2023,33.580158611111116,130.3486061111111,0,1,車両相互
2023,33.54967833333333,130.34816416666666,0,2,車両相互
2023,33.54151861111111,130.34540416666667,0,1,車両相互
2023,33.56002972222222,130.34101472222224,0,1,車両相互
2023,33.58237638888889,130.35382888888887,0,1,車両相互
2023,33.498578333333334,130.29697555555555,0,1,車両相互
2023,33.55779138888889,130.33449055555556,0,1,車両相互
2023,33.54159138888889,130.3453452777778,0,1,車両相互
2023,33.59816138888889,130.39523277777778,0,1,人対車両
2022,33.59702555555556,130.39572166666665,0,1,車両相互
2023,33.60544638888889,130.40621083333335,0,3,車両相互
2023,33.58538277777778,130.44159694444446,0,1,人対車両
2023,33.54011388888889,130.43201499999998,0,1,車両相互
2023,33.546214166666665,130.43852916666668,0,2,車両相互
2023,33.569225,130.41909277777776,0,1,車両相互
2023,33.56084555555555,130.42371527777777,0,1,人対車両
2023,33.543194444444445,130.43984277777778,0,1,車両相互
2023,33.553330555555554,130.40214083333333,0,1,車両相互
2023,33.553328888888885,130.40689583333335,0,1,人対車両
2023,33.53682861111111,130.4007863888889,0,1,車両相互
2023,33.540120277777774,130.40075583333333,0,1,車両相互
2023,33.53167833333333,130.43634305555557,0,1,車両相互
2023,33.561609999999995,130.42561666666666,0,1,車両相互
2023,33.5743875,130.42164944444443,0,1,車両相互
2023,33.56144333333333,130.43574611111111,0,1,車両相互
2023,33.55324333333333,130.39876638888887,0,2,車両相互
2023,33.56635222222222,130.42761055555556,0,1,車両相互
2023,33.54775361111111,130.444965,0,2,車両相互
2023,33.57565777777778,130.4119611111111,0,1,車両相互
2023,33.55345888888888,130.42834277777777,0,2,車両相互
2023,33.567750833333335,130.4262697222222,0,2,車両相互
2023,33.53794361111111,130.4274072222222,0,1,人対車両
2023,33.55732833333333,130.38820027777777,0,1,車両相互
2023,33.53194027777778,130.40162527777778,0,1,車両相互
2023,33.57196527777778,130.423005,0,1,車両相互
2023,33.55793527777777,130.4303813888889,0,2,車両相互
2023,33.531726666666664,130.4362913888889,0,1,人対車両
2023,33.57529,130.40995694444445,0,1,人対車両
2023,33.54107055555556,130.40229694444446,0,1,人対車両
2023,33.55566638888889,130.40653361111112,0,1,車両相互
2023,33.55367944444444,130.4263575,0,2,車両相互
2023,33.55470361111111,130.43322277777776,0,1,車両相互
2023,33.555390555555554,130.40754805555557,0,1,車両相互
2023,33.555254722222216,130.38927444444442,0,1,車両相互
2023,33.55932694444444,130.42396472222222,0,1,車両相互
2023,33.527209166666665,130.39207249999998,0,1,車両相互
2023,33.55836,130.42653583333333,0,1,車両相互
2023,33.52461722222222,130.4060638888889,0,1,車両相互
2023,33.53865694444444,130.39293638888887,0,1,人対車両
2023,33.5425125,130.39221777777777,0,1,車両相互
2023,33.565997777777774,130.41408361111112,0,3,車両相互
2023,33.56636555555555,130.41464972222224,0,1,車両相互
2023,33.56946583333334,130.4116613888889,0,1,車両相互
2023,33.56462916666666,130.42993166666665,0,1,人対車両
2023,33.551835,130.4435875,0,1,人対車両
2023,33.55459527777777,130.43270555555554,0,1,車両相互
2023,33.53030944444444,130.3907586111111,0,1,車両相互
2023,33.56035416666666,130.4273347222222,0,1,車両相互
2023,33.542235,130.3933561111111,0,1,車両相互
2023,33.55370305555555,130.40360472222224,0,1,人対車両
2023,33.57069055555556,130.4214736111111,0,1,車両相互
2023,33.55896805555555,130.42913583333333,0,1,車両相互
2023,33.56740222222223,130.41770805555555,0,1,車両相互
2023,33.53581861111111,130.42980388888887,0,2,車両相互
2023,33.572545000000005,130.40678444444444,0,1,人対車両
2023,33.54873583333333,130.43526972222222,0,1,車両相互
2023,33.54801138888889,130.4420061111111,0,1,車両相互
2023,33.534036666666665,130.4008061111111,0,1,人対車両
2023,33.524945,130.40415611111112,0,1,車両相互
2023,33.53286666666666,130.41566861111113,0,1,車両相互
2023,33.57635694444445,130.41421027777778,0,2,車両相互
2023,33.55112944444444,130.42656083333333,0,1,人対車両
2023,33.571649444444446,130.41572638888888,0,1,車両相互
2023,33.56299944444444,130.41815277777778,0,1,車両相互
2023,33.5437375,130.39812833333332,0,1,人対車両
2023,33.570773055555556,130.42118,0,1,車両相互
2023,33.55161694444444,130.40969694444445,0,1,車両相互
2023,33.56775805555556,130.40121305555556,0,1,車両相互
2023,33.532471666666666,130.4333122222222,0,1,車両相互
2023,33.55202222222222,130.42861944444442,0,1,車両相互
2023,33.54866333333333,130.44638444444445,0,1,車両相互
2023,33.541758888888886,130.42248944444444,0,2,車両相互
2023,33.54474722222222,130.4279936111111,0,1,車両相互
2023,33.556205,130.40014722222222,0,1,車両相互
2023,33.53910305555555,130.40951361111112,0,1,車両相互
2023,33.53493666666667,130.41690972222221,0,1,車両相互
2023,33.54150333333333,130.42941305555556,0,1,車両相互
2023,33.54732527777777,130.44377694444444,0,3,車両相互
2023,33.54192944444444,130.42616694444445,0,3,車両相互
2023,33.55839388888889,130.31873833333333,0,1,車両相互
2023,33.58023416666667,130.29418833333332,0,1,車両相互
2023,33.581448333333334,130.26600888888888,0,2,車両相互
2023,33.5687075,130.31294583333334,0,1,車両相互
2023,33.57480138888889,130.25701444444445,0,1,車両相互
2023,33.58824138888889,130.24466027777777,0,1,車両相互
2023,33.59417888888889,130.33709416666667,0,1,車両相互
2023,33.59825472222222,130.2233925,0,1,車両相互
2023,33.542904166666666,130.31368222222224,0,1,車両単独
2023,33.57969527777778,130.2685588888889,0,1,車両相互
2023,33.56418222222222,130.31062472222223,0,2,車両相互
2023,33.56870944444445,130.31000500000002,0,2,車両相互
2023,33.57758555555556,130.25726138888888,0,1,人対車両
2023,33.560990277777776,130.30083583333334,0,2,車両相互
2023,33.58226416666667,130.32314916666667,0,1,車両相互
2023,33.58334777777778,130.3217463888889,0,1,人対車両
2023,33.55976194444444,130.31838277777777,0,1,車両相互
2023,33.56438555555555,130.24315222222222,0,2,車両相互
2023,33.57328527777778,130.28792972222223,0,1,車両相互
2023,33.58749055555556,130.2512188888889,0,1,車両相互
2023,33.5781275,130.2532711111111,0,1,車両相互
2023,33.57764666666667,130.3156188888889,0,1,車両相互
2023,33.57412222222223,130.25725194444445,0,1,車両相互
2023,33.556756666666665,130.320695,0,1,車両相互
2023,33.57821083333334,130.25339222222223,0,1,車両相互
2023,33.587470833333334,130.32667138888888,0,1,車両相互
2023,33.58605166666667,130.31529500000002,0,1,車両相互
2023,33.59117222222223,130.22388138888888,0,1,車両相互
2023,33.57020361111111,130.32255666666666,0,3,車両相互
2023,33.602493333333335,130.26119416666666,0,1,人対車両
2023,33.58102305555556,130.3283311111111,0,1,人対車両
2023,33.56254833333333,130.30195305555557,0,1,人対車両
2023,33.587404166666666,130.32566805555555,0,1,車両相互
2023,33.58575638888889,130.32399305555555,0,2,車両相互
2023,33.593272222222225,130.23001888888888,0,1,車両相互
2023,33.58812833333334,130.24465194444443,0,1,車両相互
2023,33.58020444444445,130.2536561111111,0,1,車両相互
2023,33.572653888888894,130.25527416666668,0,1,車両相互
2023,33.58290305555556,130.30601583333333,0,4,車両相互
2023,33.588235000000005,130.32421416666665,0,1,人対車両
2023,33.578722222222225,130.25464444444444,0,2,車両相互
2023,33.568843333333334,130.2967175,0,4,車両相互
2023,33.54217861111111,130.32275777777778,0,2,車両相互
2023,33.58666027777778,130.2579225,0,1,車両相互
2023,33.582639722222225,130.3378702777778,0,1,車両相互
2023,33.56859472222222,130.31530083333334,0,1,車両相互
2023,33.57271305555556,130.3234913888889,0,1,車両相互
2023,33.572425,130.28654138888888,0,1,車両相互
2023,33.58534222222222,130.31249055555557,0,1,車両相互
2023,33.57242055555556,130.27239333333335,0,1,車両相互
2023,33.57832888888889,130.25345944444445,0,1,車両相互
2023,33.59056944444445,130.23408333333333,0,1,車両相互
2023,33.57918666666667,130.26571638888888,0,1,車両相互
2023,33.568130833333335,130.32563694444445,0,1,車両相互
2023,33.56959333333334,130.2965377777778,0,1,車両相互
2023,33.571514722222226,130.31662111111112,0,1,車両相互
2023,33.58893638888889,130.23955777777778,0,1,車両相互
2023,33.5455725,130.36372583333332,0,1,車両相互
2023,33.55240944444444,130.37473555555556,0,1,車両相互
2023,33.57340666666667,130.36816222222222,0,1,車両相互
2023,33.547111944444445,130.36240333333333,0,1,車両相互
2023,33.558748611111106,130.38784166666665,0,1,車両相互
2023,33.55278638888888,130.35897694444444,0,1,車両相互
2023,33.55273305555555,130.38035055555557,0,2,車両相互
2023,33.559036111111105,130.36121527777777,0,1,車両相互
2023,33.54906416666667,130.37979666666666,0,1,人対車両
2023,33.55638638888889,130.3844661111111,0,1,人対車両
2023,33.55237777777778,130.3750913888889,0,1,車両相互
2022,33.55984055555555,130.38392666666667,0,1,人対車両
2023,33.54092416666666,130.37373611111113,0,1,車両相互
2023,33.5645525,130.3600075,0,1,車両相互
2023,33.55289388888889,130.3590563888889,0,1,車両相互
2023,33.55553027777778,130.38712416666667,0,1,車両相互
2023,33.545477777777776,130.35543166666668,0,1,車両相互
2023,33.54180083333333,130.38050944444444,0,1,車両相互
2023,33.76069916666667,130.48701416666665,0,1,人対車両
2023,33.748002222222226,130.4901725,0,1,車両相互
2023,33.76520583333333,130.4842225,0,2,車両相互
2023,33.761226111111114,130.49320999999998,0,2,車両相互
2023,33.74864,130.49083277777777,0,1,車両相互
2023,33.74825722222222,130.49047555555555,0,1,車両相互
2023,33.74800555555556,130.49014444444444,0,1,車両相互
2023,33.75994194444444,130.4957186111111,0,1,車両相互
2023,33.754959166666666,130.49477055555553,0,1,車両相互
2023,33.76497222222222,130.48424638888886,0,1,車両相互
2023,33.50837694444444,130.49560888888888,0,1,車両相互
2023,33.51077361111111,130.49367444444442,0,1,車両相互
2023,33.51685555555555,130.4976747222222,0,1,人対車両
2023,33.4992575,130.49868555555554,0,1,人対車両
2023,33.508805833333334,130.49531166666665,0,2,車両相互
2023,33.49939527777778,130.48790888888888,0,1,車両相互
2023,33.502114444444445,130.4970363888889,0,1,車両相互
2023,33.50798361111111,130.49533527777777,0,1,車両相互
2023,33.504081666666664,130.49858666666665,0,1,車両相互
2023,33.519965,130.49995416666664,0,1,車両相互
2023,33.498514444444446,130.48974083333331,0,1,車両相互
2023,33.51417638888889,130.49910388888887,0,1,車両相互
2023,33.51347583333333,130.4879063888889,0,1,車両相互
2023,33.521993055555555,130.4984908333333,0,1,車両相互
2023,33.55715083333333,130.19285944444445,0,1,車両相互
2023,33.548791666666666,130.18361472222222,0,1,車両相互
2023,33.5571725,130.19760333333335,0,1,車両相互
2023,33.57978472222223,130.18509222222224,0,1,車両相互
2023,33.56591861111111,130.22804805555555,0,1,車両相互
2023,33.56573777777778,130.22760722222222,0,3,車両相互
2023,33.49314777777778,130.0740036111111,0,5,車両相互
2023,33.565796388888884,130.22436472222222,0,1,車両相互
2023,33.56305111111111,130.19207333333333,0,2,人対車両
2023,33.54695861111111,130.17464944444444,0,1,車両相互
2023,33.558703611111106,130.2025447222222,0,1,車両相互
2023,33.563337777777775,130.23574777777776,0,1,車両相互
2023,33.530231388888886,130.18382055555557,0,1,車両相互
2023,33.54689444444444,130.24862527777776,0,1,車両相互
2023,33.56011833333333,130.2031522222222,0,1,車両相互
2023,33.596986944444446,130.48912861111108,0,1,車両相互
2023,33.70886194444445,130.45545083333332,0,1,車両相互
2023,33.724761111111114,130.45835583333331,0,1,車両相互
2023,33.6187975,130.47461444444446,0,1,車両相互
2023,33.74919333333334,130.4753902777778,0,1,人対車両
2023,33.708025000000006,130.49051333333333,0,1,車両相互
2023,33.57600777777778,130.48433055555554,0,1,車両相互
2023,33.700965555555555,130.4760777777778,0,2,車両相互
2023,33.70655638888889,130.45093972222222,0,2,車両相互
2023,33.70169527777778,130.45360916666667,0,1,車両相互
2023,33.62840944444444,130.4962283333333,0,1,車両相互
2023,33.63189694444444,130.46798916666665,0,2,車両相互
2023,33.711263611111114,130.45909305555554,0,1,車両相互
2023,33.69530194444444,130.4547783333333,0,3,車両相互
2023,33.60966277777778,130.49818666666664,0,1,車両相互
2023,33.72846527777778,130.4766136111111,0,1,車両相互
2023,33.748331944444445,130.47842972222222,0,1,車両相互
2023,33.734791666666666,130.46487194444444,0,1,車両相互
2023,33.61117527777778,130.45941888888888,0,1,車両相互
2023,33.751060555555554,130.47338611111113,0,1,車両相互
2023,33.72275666666667,130.47419944444445,0,1,車両相互
2023,33.61775638888889,130.4873286111111,0,1,車両相互
2023,33.56939805555556,130.49718916666666,0,2,車両相互
2023,33.58987638888889,130.48271722222222,0,1,車両相互
2023,33.60235027777778,130.45494555555555,0,1,車両相互
2023,33.747502777777775,130.48168611111112,0,1,車両相互
2023,33.59824583333334,130.48128805555555,0,1,車両相互
2023,33.70102722222222,130.45269833333333,0,1,車両相互
2023,33.70764388888889,130.45534055555555,0,2,車両相互
2022,33.60303694444445,130.45353583333332,0,1,車両相互
2023,33.74501472222222,130.47052416666668,0,1,車両相互
2023,33.601329444444445,130.46742361111112,0,1,車両相互
2023,33.741549166666665,130.47493916666667,0,1,車両相互
2023,33.58573722222223,130.48554416666664,0,1,車両相互
2023,33.619930277777776,130.49920999999998,0,1,車両相互
2023,33.71546888888889,130.44997138888888,0,1,車両相互
2023,33.61038305555556,130.49659444444444,0,1,車両相互
2023,33.61743,130.48554388888888,0,2,車両相互
2023,33.7387625,130.4807875,0,1,車両相互
2023,33.626443055555555,130.49564027777777,0,1,車両相互
2023,33.60917833333333,130.4492502777778,0,1,車両相互
2023,33.70599277777778,130.44188527777777,0,1,車両相互
2023,33.61000527777778,130.4514211111111,0,1,車両相互
2023,33.60333972222222,130.45291083333333,0,1,車両相互
2023,33.618469166666664,130.49011222222222,0,4,車両相互
2023,33.59070583333334,130.47432333333333,0,1,車両相互
2023,33.70172083333333,130.45127666666664,0,1,車両相互
2023,33.61927388888889,130.45806027777778,0,1,車両相互
2023,33.63445,130.49406305555553,0,1,車両相互
2023,33.691807777777775,130.4514622222222,0,1,車両相互
2023,33.611845,130.4640111111111,0,1,車両相互
2023,33.70840666666667,130.4504313888889,0,1,車両相互
2023,33.597864722222226,130.46997611111112,0,5,車両相互
2023,33.615324722222226,130.45451694444444,0,2,車両相互
2023,33.58898833333333,130.48123222222222,0,1,車両相互
2023,33.58535805555556,130.48501416666664,0,1,車両相互
2023,33.578361944444445,130.49554388888888,0,1,車両相互
2023,33.748197222222224,130.4794775,0,1,車両相互
2023,33.567794444444445,130.49857333333333,0,1,人対車両
2023,33.60721083333333,130.45936055555555,0,2,車両相互
2023,33.73462,130.4763375,0,1,人対車両
2023,33.58392638888889,130.4803225,0,1,車両相互
2023,33.72266527777778,130.4739602777778,0,2,車両相互
2023,33.608311111111114,130.45182972222221,0,1,車両相互
2023,33.60309138888889,130.45341666666667,0,2,車両相互
2023,33.58182722222222,130.48537444444443,0,1,車両相互
2023,33.603656944444445,130.47760472222222,0,1,車両相互
2023,33.626753055555554,130.46959944444444,0,2,車両相互
2023,33.60620472222222,130.46853055555556,0,1,車両相互
2023,33.582795000000004,130.48841388888889,0,1,車両相互
2023,33.589735000000005,130.48051444444445,0,1,車両相互
2023,33.73305388888889,130.47046361111111,0,1,人対車両
2023,33.60908333333334,130.44777083333335,0,2,車両相互
2023,33.62449055555555,130.47238666666667,0,1,車両相互
2023,33.689275555555554,130.45278194444444,0,1,車両相互
2023,33.596046388888894,130.48227972222222,0,2,車両相互
2023,33.59846944444445,130.46802666666667,0,1,車両相互
2023,33.65400722222222,130.49121027777775,0,1,車両相互
2023,33.64327194444444,130.4960197222222,0,1,車両相互
2023,33.63855888888889,130.49501222222221,0,1,車両相互
2023,33.57725138888889,130.48337833333332,0,1,車両相互
2023,33.5504925,130.47948333333335,0,1,車両相互
2023,33.51158083333333,130.437155,0,1,車両相互
2023,33.53653361111111,130.45554805555554,0,2,車両相互
2023,33.545314999999995,130.44287083333333,0,2,車両相互
2023,33.54597305555556,130.44547222222224,0,1,車両相互
2023,33.44660472222222,130.43081666666666,0,1,車両相互
2023,33.49867722222222,130.43684166666668,0,1,車両相互
2023,33.52733083333333,130.48399305555554,0,1,人対車両
2023,33.50476527777778,130.48012055555554,0,1,車両相互
2022,33.501375833333334,130.47112972222223,0,1,車両相互
2023,33.52460222222222,130.45230999999998,0,1,車両相互
2023,33.536046388888884,130.4897672222222,0,1,車両相互
2023,33.50067277777778,130.48009305555556,0,1,車両相互
2023,33.54973722222222,130.4802138888889,0,1,車両相互
2023,33.50742888888889,130.43677333333335,0,2,車両相互
2023,33.51739805555555,130.44258055555557,0,1,車両相互
2023,33.508899166666666,130.4682338888889,0,1,車両相互
2023,33.50564222222222,130.47179972222222,0,1,車両相互
2023,33.504960833333335,130.47934527777778,0,1,車両相互
2023,33.50848611111111,130.44876027777778,0,1,車両相互
2023,33.54040555555555,130.4466111111111,0,2,車両相互
2023,33.545408333333334,130.44611222222224,0,1,車両相互
2023,33.48416111111111,130.41619333333333,0,1,車両相互
2023,33.50841277777778,130.44198305555557,0,1,車両相互
2023,33.541756388888885,130.49609777777778,0,1,車両相互
2023,33.51678361111111,130.44269472222223,0,2,車両相互
2023,33.533744722222224,130.47917694444445,0,1,車両相互
2023,33.52658388888889,130.4568486111111,0,1,車両相互
2023,33.53070694444445,130.4838208333333,0,1,車両相互
2023,33.53804972222222,130.47702194444446,0,1,車両相互
2023,33.53736444444444,130.46179583333333,0,1,人対車両
2023,33.50861972222222,130.44661444444444,0,1,車両相互
2023,33.53731805555555,130.46191,0,2,車両相互
2023,33.53717555555556,130.47693388888888,0,1,人対車両
2023,33.53624416666666,130.45586722222222,0,1,車両相互
2023,33.51669138888889,130.43879055555556,0,1,車両相互
2023,33.53156638888889,130.4856522222222,0,1,車両相互
2023,33.52612638888889,130.46824916666668,0,1,車両相互
2023,33.513102777777775,130.48527444444443,0,1,車両相互
2023,33.51580722222222,130.43365694444444,0,1,車両相互
2023,33.5160225,130.43449444444445,0,1,車両相互
2023,33.53411666666666,130.47285472222222,0,2,車両相互
2023,33.50143944444444,130.48568083333333,0,1,車両相互
2023,33.5248825,130.48709527777777,0,1,人対車両
2023,33.51652083333333,130.46753305555555,0,1,車両相互
2023,33.516185,130.45523555555553,0,2,車両相互
2023,33.52230194444444,130.48873805555553,0,1,人対車両
2023,33.553738055555556,130.46862916666666,0,1,車両相互
2023,33.51792722222222,130.43274138888887,0,1,人対車両
2023,33.49823722222222,130.45304777777775,0,1,車両相互
2022,33.525689166666666,130.48546916666666,0,1,人対車両
2023,33.53903,130.47303694444446,0,1,車両相互
2023,33.53986416666667,130.4402636111111,0,1,車両相互
2023,33.52802194444445,130.44138694444445,0,1,車両相互
2023,33.52527722222222,130.44165361111112,0,1,車両相互
2023,33.539811388888886,130.44095972222223,0,1,車両相互
2023,33.53417666666667,130.46681055555555,0,1,車両相互
2023,33.50853472222222,130.4548786111111,0,1,車両相互
2023,33.55020666666666,130.47973305555556,0,2,車両相互
2023,33.53362472222222,130.45898749999998,0,1,車両相互
2023,33.506164444444444,130.43581333333333,0,1,車両相互
2023,33.51240138888889,130.46976777777778,0,1,車両相互
2023,33.54846972222222,130.47600194444445,0,1,車両相互
2023,33.54999472222222,130.47850583333334,0,1,車両相互
2023,33.51900083333333,130.44357527777777,0,1,車両相互
2023,33.535220277777775,130.47004527777779,0,1,車両相互
2023,33.487453888888886,130.3960486111111,0,1,車両相互
2023,33.50772083333333,130.45572166666665,0,1,車両相互
2023,33.50798944444445,130.47184805555557,0,1,車両相互
2023,33.51128388888889,130.46213944444443,0,1,車両相互
2023,33.539786666666664,130.44096638888888,0,2,車両相互
2023,33.546571111111106,130.4923597222222,0,1,車両相互
2023,33.538175277777775,130.47975527777777,0,1,車両相互
2023,33.51937638888889,130.4451713888889,0,1,車両相互
2023,33.52932972222222,130.48268805555557,0,1,車両相互
2023,33.51770888888889,130.4329525,0,1,車両相互
2023,33.51408527777778,130.4313061111111,0,1,車両相互
2023,33.51786,130.41872833333332,0,1,車両相互
2023,33.53251777777778,130.48705305555555,0,1,車両相互
2023,33.51685777777778,130.46845166666668,0,3,車両相互
2023,33.53189611111111,130.4607886111111,0,1,車両相互
2023,33.53740944444444,130.47111666666666,0,1,車両相互
2023,33.52078222222222,130.46834222222222,0,1,車両相互
2023,33.51089833333333,130.4216272222222,0,1,車両相互
2023,33.54103111111111,130.45089416666664,0,2,車両相互
2023,33.49444166666667,130.4301261111111,0,1,車両相互
2022,33.547507777777774,130.47413305555557,0,1,人対車両
2022,33.53409055555555,130.47286277777778,0,2,車両相互
2023,33.544084999999995,130.4760013888889,0,1,人対車両
2023,33.532336666666666,130.4642233333333,0,1,人対車両
2023,33.52105861111111,130.4295525,0,1,車両相互
2023,33.55225861111111,130.47741972222224,0,1,車両相互
2023,33.51495805555555,130.46584805555554,0,1,車両相互
2023,33.53468722222222,130.46750944444446,0,1,車両相互
2023,33.54726055555555,130.4818688888889,0,1,車両相互
2023,33.54198916666667,130.44385083333333,0,1,車両相互
2023,33.51709555555556,130.44795805555555,0,1,車両相互
2023,33.52411416666666,130.450155,0,1,車両相互
2023,33.53203555555555,130.46292388888887,0,1,車両相互
2023,33.529455,130.4514075,0,2,車両相互
2023,33.51726416666666,130.47167916666666,0,1,車両相互
2023,33.5144375,130.4525463888889,0,1,人対車両
2023,33.551496666666665,130.48506999999998,0,4,車両相互
2023,33.25741527777778,130.42928916666665,0,2,車両相互
2023,33.3279925,130.4906661111111,0,1,人対車両
2023,33.31708416666667,130.49989527777777,0,1,車両相互
2022,33.247191111111114,130.4594636111111,0,2,車両相互
2023,33.28067361111111,130.4680313888889,0,1,車両相互
2023,33.24368583333334,130.47283861111111,0,3,車両相互
2023,33.293710555555556,130.49471027777776,0,1,車両相互
2023,33.248937500000004,130.45196583333333,0,1,車両相互
2023,33.285108611111106,130.48752833333333,0,1,車両相互
2023,33.32486777777778,130.4960338888889,0,3,車両相互
2023,33.313604166666664,130.49559833333333,0,1,車両相互
2023,33.28169222222222,130.45389277777775,0,1,車両相互
2023,33.21391861111111,130.41922333333332,0,1,車両相互
2023,33.206587222222225,130.38727027777776,0,1,車両相互
2023,33.20995916666667,130.44822,0,1,車両相互
2023,33.22128083333334,130.44420083333333,0,1,車両相互
2023,33.19650055555555,130.47569361111113,0,1,車両相互
2023,33.184756666666665,130.4888658333333,0,2,車両相互
2023,33.22058666666667,130.4079311111111,0,2,車両相互
2023,33.20845444444445,130.49219749999997,0,1,車両相互
2023,33.21449027777778,130.493325,0,1,人対車両
2023,33.1928175,130.36493083333332,0,1,車両相互
2023,33.208627500000006,130.4744413888889,0,2,車両相互
2023,33.21351694444445,130.37942805555556,0,1,車両相互
2023,33.209156944444445,130.38488166666667,0,1,車両相互
2023,33.21109416666667,130.40675194444444,0,1,車両相互
2023,33.20672166666667,130.3802975,0,1,車両相互
2023,33.22155083333333,130.44313111111111,0,2,車両相互
2023,33.210750277777784,130.3760425,0,1,車両相互
2023,33.211577500000004,130.4925911111111,0,1,車両相互
2023,33.17432888888889,130.47539138888888,0,1,車両相互
2023,33.20527388888889,130.4314311111111,0,1,人対車両
2023,33.16524694444444,130.49967222222222,0,1,車両相互
2023,33.151533888888885,130.40239027777778,0,1,車両相互
2023,33.163288888888886,130.40414444444446,0,1,車両相互
2023,33.157825555555554,130.41770944444443,0,1,車両相互
2023,33.175135555555556,130.44337666666667,0,1,人対車両
2023,33.171369444444444,130.41625333333334,0,1,車両相互
2022,33.15829055555555,130.41556888888888,0,1,人対車両
2023,33.10399555555556,130.44312055555557,0,2,車両相互
2023,33.157203055555556,130.41857777777776,0,2,車両相互
2023,33.148624166666664,130.48228916666667,0,2,車両相互
2023,33.16629694444444,130.41988333333333,0,1,車両相互
2023,33.13852416666666,130.48538277777777,0,1,車両相互
2022,33.15197972222222,130.44800666666666,0,2,車両相互
2023,33.15855083333333,130.47990555555555,0,1,車両相互
2023,33.167586388888886,130.46256083333333,0,3,車両相互
2023,33.167185277777776,130.41291388888888,0,1,車両相互
2023,33.14870638888889,130.48142666666666,0,3,車両相互
2023,33.12220638888889,130.43759500000002,0,1,車両相互
2023,33.01510583333334,130.46693555555555,0,2,車両相互
2023,33.01301222222222,130.47444333333334,0,1,車両相互
2023,33.05162138888888,130.47842583333335,0,1,車両相互
2023,33.0229725,130.44626722222222,0,1,車両相互
2023,33.02272388888889,130.4415813888889,0,1,車両相互
2023,33.07785500000001,130.48172833333334,0,1,車両相互
2023,33.06560527777778,130.47000416666666,0,1,車両相互
2023,33.0234,130.44191583333333,0,1,車両相互
2023,33.06920083333333,130.49162416666664,0,1,車両相互
2023,33.04425055555556,130.48127222222223,0,1,人対車両
2023,33.0426375,130.44751888888888,0,1,車両相互
2023,33.03664805555555,130.48190833333334,0,1,人対車両
2023,33.0415175,130.44205083333333,0,1,車両相互
2023,33.03633305555555,130.4826538888889,0,1,車両相互
2023,33.03724111111111,130.45465,0,1,人対車両
2023,33.01874861111111,130.44020194444445,0,1,人対車両
2023,33.03631194444444,130.44000083333333,0,1,車両相互
2023,33.03498194444444,130.46379444444443,0,2,車両相互
2023,33.03221305555555,130.4453075,0,1,車両相互
2023,33.04620388888889,130.46756861111112,0,2,車両相互
2023,33.017586666666666,130.43983861111113,0,1,車両相互
2023,33.1603425,130.0172225,0,1,車両相互
2023,33.32872694444445,130.31126472222223,0,1,車両相互
2023,33.31836722222223,130.3719088888889,0,1,車両相互
2023,33.32418444444445,130.3917813888889,0,2,車両相互
2023,33.28706222222222,130.35006638888888,0,1,車両相互
2023,33.27287972222222,130.3629375,0,1,車両相互
2023,33.32568166666667,130.40519416666666,0,1,車両相互
2023,33.331204444444445,130.41277250000002,0,2,車両相互
2023,33.28412083333333,130.34687027777778,0,1,車両相互
2023,33.31277055555555,130.37520805555556,0,1,人対車両
2023,33.26864416666667,130.3836088888889,0,3,車両相互
2023,33.339375833333335,130.3946922222222,0,1,車両相互
2023,33.30596722222222,130.37486805555557,0,1,車両相互
2023,33.34228277777778,130.36998527777777,0,4,車両相互
2023,33.27161666666667,130.4036577777778,0,6,車両相互
2023,33.282175277777775,130.40359583333333,0,1,車両相互
2023,33.289048333333334,130.4004138888889,0,1,車両相互
2023,33.274567222222224,130.38185694444445,0,1,車両相互
2023,33.39029583333333,130.37683055555556,0,1,車両相互
2023,33.32532527777778,130.39200194444444,0,1,車両相互
2023,33.315349166666664,130.37811722222224,0,1,車両相互
2023,33.29537,130.36719027777778,0,1,車両相互
2023,33.32132444444445,130.39210388888887,0,2,車両相互
2023,33.30720611111111,130.3711838888889,0,1,車両相互
2023,33.373761111111115,130.49501416666666,0,1,車両相互
2023,33.32474388888889,130.44781444444445,0,1,車両相互
2023,33.34582527777778,130.45144166666665,0,4,車両相互
2023,33.354395277777776,130.4748811111111,0,1,車両相互
2023,33.314250277777774,130.42586444444444,0,2,車両相互
2023,33.33772972222222,130.42713194444443,0,2,車両相互
2023,33.36616472222222,130.47074555555557,0,2,車両相互
2023,33.30260861111111,130.4453475,0,2,車両相互
2023,33.36846388888889,130.4991308333333,0,2,車両相互
2023,33.35625,130.43570277777778,0,1,車両相互
2023,33.37186361111111,130.4870122222222,0,1,車両相互
2023,33.34270444444444,130.43941444444445,0,1,車両相互
2023,33.30743555555555,130.42781194444444,0,1,車両相互
2023,33.34561666666667,130.4451752777778,0,1,車両相互
2023,33.35644361111111,130.44104722222224,0,1,車両相互
2023,33.36949666666667,130.49899249999999,0,2,車両相互
2023,33.32040583333334,130.4817113888889,0,1,車両相互
2023,33.32293861111111,130.46602027777777,0,1,車両相互
2023,33.355090833333335,130.47819722222224,0,1,車両相互
2023,33.37800722222222,130.4915811111111,0,1,車両相互
2023,33.38122555555556,130.49914416666667,0,2,車両相互
2023,33.37341694444444,130.4896925,0,2,車両相互
2023,33.289291388888884,130.1308752777778,0,1,車両相互
2023,33.280945833333334,130.2295975,0,1,車両相互
2023,33.293346388888885,130.19358444444444,0,1,人対車両
2023,33.28588138888889,130.15576166666668,0,1,車両相互
2023,33.28630138888889,130.13046722222222,0,1,車両相互
2023,33.287391388888885,130.12654166666667,0,1,人対車両
2023,33.29606138888889,130.1897397222222,0,1,車両相互
2023,33.2408475,130.1845502777778,0,1,車両相互
2023,33.272660277777774,130.21888972222223,0,1,車両相互
2023,33.490880833333335,129.9315211111111,0,1,車両相互
2023,33.43220222222222,130.0098111111111,0,1,車両相互
2023,33.428554999999996,129.93582361111112,0,3,車両相互
2023,33.469415000000005,129.95324,0,1,人対車両
2023,33.43523472222222,130.00649388888888,0,1,車両相互
2023,33.44101111111111,129.9944361111111,0,1,車両相互
2023,33.47533083333334,129.87851222222224,0,1,車両相互
2023,33.42997416666667,129.98758027777777,0,2,車両相互
2023,33.39360805555555,129.98021083333333,0,1,車両相互
2023,33.38567472222222,129.93377833333335,0,1,車両単独
2023,33.43096583333333,129.9591075,0,1,車両相互
2023,33.46108388888889,130.07608416666667,0,3,車両単独
2023,33.32370916666667,130.0509363888889,0,1,車両相互
2023,33.45236111111112,130.0416402777778,0,2,車両相互
2023,33.412481944444444,129.98216083333332,0,4,車両相互
2023,33.42956638888889,129.98569833333332,0,2,車両相互
2023,33.418030277777774,129.99684,0,1,人対車両
2023,33.44273527777777,129.98339555555555,0,1,車両相互
2023,33.39682277777778,129.97831944444445,0,1,車両相互
2023,33.44743361111111,129.96185972222221,0,1,車両相互
2023,33.43048972222222,129.98941805555555,0,1,車両相互
2023,33.43718361111111,130.02512333333334,0,1,車両相互
2023,33.442901666666664,129.9590797222222,0,1,車両相互
2023,33.460728055555556,129.95583805555555,0,1,車両単独
2023,33.444599999999994,129.95711305555554,0,2,車両相互
2023,33.438828611111106,129.95933944444442,0,1,人対車両
2023,33.41170611111111,129.99247944444443,0,1,車両相互
2023,33.35791138888889,130.00455861111112,0,1,車両相互
2023,33.42187916666666,129.98692583333332,0,3,車両相互
2023,33.27784972222222,129.8718761111111,0,1,車両相互
2023,33.18005833333333,129.88185222222222,0,2,車両相互
2023,33.25785638888889,129.87299833333333,0,1,車両相互
2023,33.269244444444446,129.87533916666666,0,1,車両相互
2023,33.18510194444444,129.8542588888889,0,1,車両相互
2023,33.27555527777778,129.8713277777778,0,1,人対車両
2023,33.26570944444445,129.84886583333335,0,1,車両単独
2023,33.29022,129.90591416666666,0,1,車両相互
2023,33.27359472222222,129.8495186111111,0,1,人対車両
2023,33.27193888888889,129.87743972222222,0,1,車両相互
2023,33.27024055555555,129.87860166666667,0,1,人対車両
2023,33.30174611111111,129.81867944444443,0,2,車両相互
2023,33.27508777777778,129.8806725,0,1,車両相互
2023,33.29334333333333,129.91125083333333,0,1,車両相互
2023,33.18542222222222,129.85405166666666,0,1,車両相互
2023,33.30172527777778,129.81872388888888,0,1,車両相互
2023,33.19773555555555,130.0246566666667,0,1,車両相互
2023,33.220061388888894,130.0527763888889,0,2,車両相互
2023,33.168662499999996,130.02097583333335,0,1,車両相互
2023,33.207101388888894,130.0398361111111,0,1,車両相互
2023,33.189211111111106,130.02438222222224,0,1,人対車両
2023,33.19244277777778,130.02673777777778,0,1,車両相互
2023,33.20713694444445,130.0400163888889,0,1,車両相互
2023,33.22435361111111,130.04449472222223,0,2,車両相互
2023,33.1880275,130.02218944444445,0,1,車両相互
2023,33.19560222222222,129.9573247222222,0,4,車両単独
2023,33.214575,130.049255,0,1,車両相互
2023,33.207261388888895,129.92732999999998,0,1,車両相互
2023,33.19448166666666,130.0298666666667,0,1,車両相互
2023,33.20096,129.91638277777778,0,1,車両相互
2023,33.21775138888889,130.05756944444445,0,1,車両相互
2023,33.19629138888889,130.0259675,0,1,車両相互
2023,33.19492583333333,130.01727583333334,0,1,人対車両
2023,33.15461,130.12532444444446,0,1,車両相互
2023,33.153217777777776,130.12435722222224,0,4,車両相互
2023,33.21830083333334,130.1637761111111,0,1,車両相互
2023,33.213591111111114,130.10416833333332,0,1,車両相互
2023,33.21477083333333,130.09464805555555,0,3,車両相互
2023,33.212763333333335,130.1130002777778,0,2,車両相互
2023,32.96177305555556,130.21627027777777,0,1,車両相互
2023,33.10151555555556,129.98459027777776,0,1,車両単独
2023,33.12638194444445,130.04414833333334,0,2,車両相互
2023,33.017827777777775,130.17916499999998,0,1,車両相互
2023,33.1332225,130.06181194444446,0,1,車両相互
2023,33.128664444444446,130.05959416666667,0,1,車両相互
2023,33.10364916666667,130.0948786111111,0,1,車両相互
2023,33.03546972222222,130.15651861111112,0,1,車両相互
2023,33.10663027777778,129.98663083333332,0,1,車両相互
2023,33.119420833333336,130.06346305555556,0,1,車両相互
2023,33.09754777777778,130.09883805555558,0,1,車両相互
2023,33.10330611111111,130.10466138888887,0,1,車両相互
2023,33.08480416666667,129.97366833333334,0,1,人対車両
2023,33.12605166666667,130.06120694444445,0,1,車両相互
2023,33.11245944444445,130.08528916666668,0,1,車両相互
2023,33.11163944444444,130.09707305555557,0,1,車両相互
2023,33.11397027777778,130.00130222222222,0,1,車両相互
2023,33.245084444444444,130.24510583333333,0,1,車両相互
2023,33.23945277777778,130.31600666666668,0,1,車両相互
2023,33.251489722222225,130.3062152777778,0,1,人対車両
2023,33.213302777777784,130.3045463888889,0,2,車両相互
2023,33.25315666666667,130.31264611111112,0,1,車両相互
2023,33.255186944444446,130.32046805555555,0,1,車両相互
2023,33.25588333333334,130.26654472222222,0,2,車両相互
2023,33.24579305555556,130.29310055555555,0,1,車両相互
2023,33.247735,130.33060444444445,0,1,車両相互
2023,33.251266944444446,130.30437083333334,0,1,人対車両
2023,33.22757388888889,130.27905305555558,0,1,車両相互
2023,33.253885277777776,130.2637797222222,0,1,人対車両
2023,33.25501611111111,130.29976222222223,0,1,車両相互
2023,33.20366694444445,130.28622916666666,0,1,車両相互
2023,33.219102500000005,130.26736611111113,0,1,車両相互
2023,33.25712083333333,130.3050702777778,0,1,人対車両
2023,33.255736666666664,130.2638638888889,0,1,車両相互
2023,33.25380111111111,130.31999583333334,0,1,車両相互
2023,33.25022833333333,130.29561055555556,0,1,車両相互
2023,33.22791111111111,130.27106833333335,0,1,車両相互
2023,33.24824777777778,130.3006102777778,0,1,車両相互
2023,33.25629638888889,130.2764663888889,0,1,車両相互
2023,33.24622083333333,130.2763502777778,0,1,車両相互
2023,33.249188333333336,130.32221666666666,0,1,車両相互
2023,33.2573025,130.2930288888889,0,1,車両相互
2023,33.25613111111111,130.27201666666667,0,2,車両相互
2023,33.247750833333335,130.32276805555554,0,3,車両相互
2023,33.24110527777778,130.32137472222223,0,1,車両相互
2023,33.25015222222222,130.30632305555557,0,1,車両相互
2023,33.23175055555556,130.25599,0,3,車両相互
2023,33.25313472222222,130.31250472222223,0,1,車両相互
2023,33.247819722222225,130.29910777777778,0,1,車両相互
2023,33.24451083333334,130.28865333333334,0,1,車両相互
2023,33.24635305555556,130.28471,0,1,車両相互
2023,33.25790083333333,130.2839675,0,1,車両相互
2023,33.256235833333335,130.27503333333334,0,1,車両相互
2023,33.260236666666664,130.30068722222222,0,1,車両相互
2023,33.213059722222226,130.30580222222224,0,1,車両相互
2023,33.246115277777776,130.3079338888889,0,1,車両相互
2023,33.24444027777778,130.28849277777778,0,1,車両相互
2023,33.46812333333334,130.27901111111112,0,3,車両相互
2023,33.27406833333333,130.28208555555557,0,1,車両相互
2023,33.44161861111111,130.17605833333332,0,2,車両相互
2023,33.26714694444444,130.27221194444445,0,1,人対車両
2023,33.26399888888889,130.3201713888889,0,1,車両相互
2023,33.26276611111111,130.29878055555557,0,1,人対車両
2023,33.30537722222222,130.27821250000002,0,1,車両相互
2023,33.2804275,130.28490888888888,0,1,車両相互
2023,33.2841075,130.2482633333333,0,2,車両相互
2023,33.2635225,130.28835416666666,0,1,車両相互
2023,33.2731,130.29397972222222,0,1,車両相互
2023,33.31639583333333,130.27623833333334,0,1,車両相互
2023,33.277611388888886,130.2894961111111,0,1,車両相互
2023,33.323286111111116,130.31526027777778,0,1,車両相互
2023,33.305384999999994,130.28305500000002,0,1,車両相互
2023,33.366353611111116,130.23744527777777,0,1,車両相互
2023,33.2665325,130.29345833333332,0,1,車両相互
2023,33.28859416666666,130.28811305555556,0,3,車両相互
2023,33.31054888888889,130.28156694444445,0,1,車両相互
2023,33.274839166666666,130.29632166666667,0,1,車両相互
2023,33.28460722222222,130.29085083333334,0,1,車両相互
2023,33.27395583333333,130.29377666666667,0,1,車両相互
2023,33.26441361111111,130.31683166666667,0,1,車両相互
2023,33.27529222222222,130.29885916666666,0,1,車両相互
2023,33.31426083333333,130.3010091666667,0,1,車両相互
2023,33.311026388888884,130.2765538888889,0,1,人対車両
2023,33.301341666666666,130.2844822222222,0,1,車両相互
2023,33.27400194444444,130.2913638888889,0,1,車両相互
2023,33.31468666666667,130.27844694444445,0,1,車両相互
2023,33.26761416666667,130.30115972222222,0,1,車両相互
2023,33.26769083333333,130.27427333333335,0,2,車両相互
2023,33.30542333333333,130.28314444444445,0,1,人対車両
2023,33.266396944444445,130.2936447222222,0,1,車両相互
2023,33.27055,130.27350333333334,0,1,車両相互
2023,33.27124416666667,130.26690361111113,0,1,車両相互
2023,33.262908055555556,130.29803416666667,0,1,車両相互
2023,33.273988333333335,130.29129972222222,0,1,車両相互
2023,33.28864361111111,130.26363,0,1,車両相互
2023,33.28635138888889,130.31418222222223,0,1,車両相互
2023,33.269528055555554,130.26157055555555,0,1,車両相互
2023,33.347433611111114,130.24904666666666,0,1,車両相互
2023,33.26809055555555,130.30631583333334,0,1,車両相互
2023,33.27416,130.29389055555555,0,1,車両相互
2023,33.269778055555555,130.27136944444445,0,1,車両相互
2023,33.26155083333333,130.28199916666668,0,1,人対車両
2023,33.262662222222225,130.30159500000002,0,1,車両相互
2023,33.26333916666667,130.29666166666667,0,1,車両相互
2023,33.30919305555555,130.27163472222225,0,2,車両相互
2023,33.261363333333335,130.31833555555556,0,3,車両相互
2023,33.1524425,129.73178722222224,0,1,車両相互
2023,32.82638055555556,130.05395583333333,0,1,車両相互
2023,33.17023555555555,129.8451161111111,0,1,車両相互
2023,32.76635611111111,129.86219277777778,0,1,車両相互
2023,32.74287611111111,129.8793386111111,0,1,車両相互
2023,32.776961388888886,129.9533258333333,0,1,車両相互
2023,32.750996666666666,129.87283555555555,0,1,人対車両
2023,32.76479583333333,129.86015083333334,0,1,車両相互
2023,32.760415555555554,129.86576027777778,0,2,車両相互
2023,32.75765166666667,129.86906722222224,1,0,人対車両
2023,32.732365,129.89767999999998,0,2,車両相互
2023,32.75366666666667,129.85509888888888,0,1,人対車両
2023,32.76607055555556,129.96057055555553,0,2,車両相互
2023,32.70442666666667,129.91009722222222,0,1,人対車両
2023,32.747977222222225,129.87113694444446,0,1,車両相互
2023,32.765254722222224,129.86521277777777,0,1,車両相互
2023,32.753185,129.8495186111111,0,1,人対車両
2023,32.763372777777775,129.9512622222222,0,1,車両相互
2023,32.792048055555554,129.9513072222222,0,1,人対車両
2023,32.74611111111111,129.83106805555556,0,1,人対車両
2023,32.730564722222226,129.89272805555555,0,1,車両相互
2023,32.73149638888889,129.893565,0,1,車両相互
2023,32.742241944444444,129.8720313888889,0,1,車両相互
2023,32.76157666666667,129.86587388888887,0,2,車両相互
2023,32.7556225,129.86920138888888,0,1,車両相互
2023,32.75169,129.87205555555556,0,2,車両相互
2023,32.75515583333333,129.87038527777779,0,1,車両相互
2023,32.72741833333333,129.89041555555553,0,1,車両相互
2023,32.76425472222222,129.86464805555556,0,1,車両相互
2023,32.75134305555556,129.8699425,0,2,車両相互
2023,32.74892888888889,129.8722566666667,0,1,車両相互
2023,32.72029694444445,129.89526777777778,0,1,人対車両
2023,32.78047027777777,129.9530186111111,0,1,車両相互
2023,32.8001825,129.9616697222222,0,1,車両相互
2023,32.743248333333334,129.85508583333333,0,1,車両相互
2023,32.74539194444444,129.8736375,0,1,車両相互
2023,32.744146666666666,129.8938825,0,1,人対車両
2023,32.75282722222222,129.8835611111111,0,1,車両相互
2023,32.756303611111115,129.86447694444445,0,1,車両相互
2023,32.7449425,129.87168416666668,0,1,車両相互
2023,32.741617777777776,129.88181055555557,0,1,車両相互
2023,32.74088972222222,129.8726888888889,0,1,車両相互
2023,32.73857,129.89643194444443,0,1,人対車両
2023,32.70878666666667,129.85081694444443,0,1,車両相互
2023,32.68442805555555,129.83210916666667,0,1,人対車両
2023,32.6522775,129.8233886111111,0,1,車両相互
2023,32.709808055555555,129.85099499999998,0,2,車両相互
2023,32.67231361111111,129.83945222222223,0,1,車両相互
2023,32.648651111111114,129.81058833333336,0,6,車両相互
2023,32.68469861111111,129.83294027777777,1,0,人対車両
2023,32.72459222222223,129.86209527777777,0,1,車両相互
2023,32.738056666666665,129.87059972222224,0,1,車両相互
2023,32.73610583333333,129.8720786111111,0,1,人対車両
2023,32.71313583333334,129.86674722222222,0,1,車両相互
2023,32.80681638888888,129.8476163888889,0,1,車両相互
2023,32.77615222222222,129.86719472222222,0,1,車両単独
2023,32.77716722222222,129.86859750000002,0,1,車両相互
2023,32.77016805555555,129.86465611111112,0,1,人対車両
2023,32.790174444444446,129.87122944444445,0,1,車両相互
2023,32.78268805555555,129.8711502777778,0,1,車両相互
2023,32.79497111111111,129.85588222222222,0,1,人対車両
2023,32.77389888888889,129.8598988888889,0,1,車両相互
2023,32.807467777777774,129.8389113888889,0,1,車両相互
2023,32.789827777777774,129.86102277777778,0,2,車両相互
2023,32.80645138888889,129.84817055555555,0,1,車両相互
2023,32.78155527777778,129.88391,0,1,車両相互
2023,32.77238638888889,129.8671791666667,0,1,車両相互
2023,32.80134194444444,129.83533222222223,0,2,車両相互
2023,32.83233916666667,129.8450613888889,0,1,車両相互
2023,32.82514416666667,129.88168555555555,0,2,車両相互
2023,32.82501361111112,129.74916888888887,0,1,人対車両
2023,32.81867305555556,129.84967083333333,0,1,車両相互
2023,32.818958333333335,129.84714972222224,0,1,車両相互
2023,32.83249138888889,129.8534572222222,0,1,車両相互
2023,32.878551944444446,129.78989972222223,0,2,車両相互
2023,32.81145833333333,129.8475388888889,0,2,車両相互
2023,32.82945472222222,129.84767027777778,0,1,人対車両
2023,32.834948611111116,129.8396513888889,0,1,車両相互
2023,32.82056527777778,129.8751577777778,0,2,車両相互
2023,32.82414388888889,129.78181833333335,0,1,車両相互
2023,32.82004722222223,129.84763222222224,0,1,車両相互
2023,32.82038805555556,129.8477736111111,0,2,車両相互
2023,33.00635916666667,129.76180472222222,0,2,車両相互
2023,33.04510388888889,129.74476833333333,0,3,車両相互
2023,32.86432277777778,130.0368186111111,0,1,車両相互
2023,32.85039527777778,130.05601833333336,0,1,車両相互
2023,32.82110388888889,129.97185194444444,0,1,車両相互
2023,32.88347527777778,130.0137575,0,1,車両相互
2023,32.8405775,130.06317472222224,0,1,車両相互
2023,32.85966194444445,130.0841488888889,0,1,車両相互
2023,32.84230194444444,130.0523813888889,0,3,車両相互
2023,32.875544444444444,130.0977527777778,0,2,車両相互
2023,32.829978888888895,129.99164472222222,0,1,車両相互
2023,32.841884722222225,130.055405,0,2,車両相互
2023,32.84439583333334,130.0645888888889,0,1,車両相互
2023,32.84780805555556,130.01077333333333,0,1,車両相互
2023,32.833405,130.0851677777778,0,3,車両相互
2023,32.833495,130.0657791666667,0,1,車両相互
2023,32.82173666666667,129.9724813888889,0,1,車両相互
2023,32.81941722222223,129.96978972222223,0,1,車両相互
2023,32.83889305555556,130.06185916666666,0,2,車両相互
2023,32.84968416666667,130.01918472222223,0,1,車両相互
2023,32.83137694444445,129.9858561111111,0,1,車両相互
2023,32.835970833333334,130.00449166666667,0,2,車両相互
2023,32.834471944444445,130.1127072222222,0,1,車両相互
2023,32.89159166666666,130.11884305555557,0,2,車両相互
2023,32.821268888888895,129.97196444444444,0,1,車両相互
2023,32.832928888888894,130.0775397222222,0,1,車両相互
2023,32.83572027777778,130.09402666666668,0,1,車両相互
2023,32.833063611111115,130.06151555555556,0,1,車両相互
2023,32.90380555555556,130.1374361111111,0,1,車両相互
2023,32.86698944444444,130.03420944444443,0,1,車両相互
2023,32.84080277777778,130.0555341666667,0,1,車両相互
2023,32.78307777777778,130.02128083333335,0,1,車両相互
2023,32.85003611111111,130.01815722222224,0,2,車両相互
2023,32.827915833333336,129.9968872222222,0,2,車両相互
2023,32.780432222222224,130.0140186111111,0,2,車両相互
2023,32.82925638888889,129.9943161111111,0,1,車両相互
2023,32.839868888888894,130.09306166666667,0,2,車両相互
2023,32.80817611111111,130.3410202777778,0,1,車両相互
2023,32.77773444444444,130.37450555555557,0,1,車両相互
2023,32.80955472222222,130.34557583333336,0,1,車両相互
2023,32.786790833333335,130.36426027777776,0,1,車両相互
2023,32.78512472222222,130.37255805555557,0,1,車両相互
2023,32.78921111111111,130.34739666666667,0,1,車両相互
2023,32.81696277777778,130.33545166666667,0,1,車両相互
2023,32.817861111111114,130.33498333333335,0,1,車両相互
2023,32.78152583333333,130.362395,0,1,車両相互
2023,32.632445833333335,130.16564888888888,0,1,車両相互
2023,32.6605075,130.299415,0,2,車両相互
2023,32.62712666666667,130.16178166666668,0,1,車両単独
2023,32.6597825,130.28916166666667,0,1,車両相互
2023,32.72591138888889,130.2051397222222,0,1,車両相互
2023,32.80254972222222,130.15647,0,1,人対車両
2023,32.79904694444444,130.1628411111111,0,1,車両相互
2023,32.83694833333334,130.2135211111111,0,2,車両相互
2023,32.87287722222222,130.3076225,0,1,車両相互
2023,32.68403972222222,130.16631222222222,0,1,車両相互
2023,32.921640277777776,129.94915972222222,0,1,車両相互
2023,32.895290277777775,129.9626397222222,0,2,車両相互
2023,32.898156666666665,129.96015027777776,0,3,車両相互
2023,32.89349138888889,129.9756013888889,0,1,車両相互
2023,32.94299583333333,129.94012666666666,0,1,車両相互
2023,32.9103275,129.96049694444443,0,1,車両相互
2023,32.91814972222222,129.94694416666667,0,1,人対車両
2023,32.90877555555556,129.95480444444442,0,1,人対車両
2023,32.93514277777778,129.9599961111111,0,1,車両相互
2023,32.857104166666666,130.00737305555555,0,1,車両相互
2023,32.936518888888884,129.95900305555554,0,1,人対車両
2023,32.89514444444444,129.96697583333332,0,1,車両相互
2023,32.935067499999995,129.96876777777777,0,1,車両相互
2023,32.890498888888885,129.98265555555557,0,1,車両相互
2023,32.90844277777778,129.9551086111111,0,1,車両相互
2023,32.89854833333333,129.95994,0,1,車両相互
2023,32.89305972222222,129.97713305555556,0,1,車両相互
2023,32.89618611111111,129.96115555555554,0,1,車両相互
2023,32.910308055555554,129.9618111111111,0,2,人対車両
2023,32.91439305555556,129.9503963888889,1,0,車両相互
2023,32.942457777777776,129.93543305555556,0,1,車両相互
2023,32.936589722222216,129.9642783333333,0,1,車両相互
2023,32.923856666666666,129.95010888888888,0,1,車両相互
2023,33.14523888888889,129.90000055555555,0,1,車両相互
2023,33.00322194444445,129.94831222222223,0,1,車両相互
2023,33.06419638888889,129.84024833333334,0,1,人対車両
2023,33.05891972222222,129.84282166666668,0,2,車両相互
2023,33.054221388888884,129.82544638888888,0,1,車両相互
2023,33.1129075,129.8324863888889,0,1,車両相互
2023,33.12202166666667,129.801975,0,1,車両相互
2023,33.123379444444446,129.80133555555557,0,2,車両相互
2023,33.146253055555555,129.77800666666667,0,1,車両相互
2023,33.14734,129.79017805555554,0,2,車両相互
2023,33.142289166666664,129.7885575,0,1,車両相互
2023,33.14204888888889,129.78982416666668,0,1,車両相互
2023,33.149099166666666,129.77132444444445,0,1,車両相互
2023,33.131054166666665,129.80052916666668,0,1,車両相互
2023,33.12683666666667,129.7937325,0,1,車両相互
2023,33.12707555555556,129.7960688888889,0,1,車両相互
2023,33.07431638888889,129.76027583333334,0,1,車両相互
2023,33.14550611111111,129.78313055555557,0,1,車両相互
2023,33.15820861111111,129.78388611111112,0,3,車両相互
2023,33.09728416666667,129.79319055555555,0,2,車両相互
2023,33.170855277777775,129.72263333333333,0,1,車両相互
2023,33.18735083333333,129.71790583333333,0,1,車両相互
2023,33.15643277777777,129.76825166666669,0,1,車両相互
2023,33.15795277777778,129.7519111111111,0,2,車両相互
2023,33.15743166666667,129.75216555555556,0,3,車両相互
2023,33.18160472222222,129.72864305555555,0,1,車両相互
2023,33.16846666666667,129.68013249999998,0,1,人対車両
2023,33.19334555555555,129.66860666666665,0,1,人対車両
2023,33.194655,129.65508277777778,0,1,車両相互
2023,33.21025527777778,129.69699444444444,0,1,車両相互
2023,33.16801583333333,129.67967888888887,0,1,人対車両
2023,33.203742500000004,129.65488472222222,0,1,人対車両
2023,33.21662916666667,129.64345777777777,0,1,車両相互
2023,33.23513888888889,129.64931805555554,0,1,車両相互
2023,33.322276111111115,129.60929083333332,0,3,車両相互
2023,33.220687777777776,129.6313188888889,0,1,車両相互
2023,33.2521725,129.6576038888889,0,1,車両相互
2023,32.61176972222222,128.76042944444444,0,1,車両相互
2023,32.667737499999994,128.83734166666667,0,1,車両相互
2023,32.69600861111111,128.83098388888888,0,1,車両相互
2023,32.88366694444444,129.05276472222224,0,1,車両相互
2023,32.99521083333333,130.43725166666667,0,3,車両相互
2023,32.93104388888889,130.45172027777775,0,1,人対車両
2023,32.98549222222222,130.4658236111111,0,1,人対車両
2023,32.984029722222225,130.45015416666666,0,4,車両相互
2023,32.954121111111114,130.49408749999998,0,2,車両相互
2023,32.942271388888884,130.43927666666667,0,2,車両相互
2023,32.969049444444444,130.4931597222222,0,1,車両相互
2023,32.990116944444445,130.4680925,0,1,車両相互
2023,33.00139,130.4344188888889,0,1,車両相互
2023,32.986376944444444,130.46857194444445,0,1,車両相互
2023,32.45493444444445,130.19411833333334,0,1,人対車両
2023,32.424349166666666,130.28286305555557,0,1,車両相互
2023,32.43216527777778,130.2152913888889,0,1,車両相互
2023,32.480827222222224,130.19318583333333,0,1,車両相互
2023,32.46333833333333,130.23878,0,2,車両相互
2023,32.514830555555555,130.42917916666667,0,1,車両相互
2023,32.58038944444445,130.42444944444443,0,1,車両相互
2023,32.59701555555556,130.43517083333333,0,3,車両相互
2022,32.589108333333336,130.43027638888887,0,1,車両相互
2023,33.53547138888889,130.1943575,0,1,車両相互
2023,33.60010194444445,130.38672666666665,0,1,車両相互
2023,33.59432638888889,130.35288333333332,0,1,車両相互
2023,33.54304555555555,130.3864663888889,0,1,車両相互
2023,33.51471277777778,130.49657138888887,0,3,車両相互
2023,33.62902777777778,130.44608583333334,0,1,車両相互
2023,33.65849027777778,130.48283444444445,0,1,車両単独
2023,33.58256611111111,130.406375,0,1,車両相互
2023,33.568513333333335,130.39668416666666,0,1,車両相互
2023,33.58036972222222,130.39593222222223,0,1,車両相互
2023,33.58945666666667,130.40548166666667,0,1,車両相互
2023,33.58577666666667,130.39542972222222,0,1,車両相互
2023,33.59052944444445,130.3752927777778,0,1,車両相互
2023,33.59909444444445,130.39823277777776,0,1,車両相互
2023,33.589941111111116,130.36961805555558,0,1,車両相互
2023,33.59648916666667,130.39628416666665,0,2,車両相互
2023,33.59294444444445,130.37290833333333,0,2,車両相互
2023,33.57369027777778,130.3795477777778,0,1,車両相互
2023,33.56952583333334,130.39760694444445,0,1,車両相互
2023,33.59193277777778,130.3884572222222,0,1,人対車両
2023,33.59223333333333,130.38038500000002,0,1,車両相互
2023,33.58172611111112,130.40388194444446,0,1,車両相互
2023,33.586758611111115,130.40746944444444,0,1,車両相互
2023,33.57344305555556,130.40195333333335,0,1,人対車両
2023,33.59033027777778,130.40642555555556,0,1,車両単独
2023,33.57401611111111,130.4051227777778,0,1,車両相互
2023,33.58202305555556,130.36678583333335,0,1,車両相互
2023,33.58684055555556,130.4077188888889,0,1,車両相互
2023,33.59712916666667,130.39765055555554,0,1,車両相互
2023,33.588524444444445,130.40223722222223,0,1,車両相互
2023,33.58859527777778,130.4024113888889,0,1,車両相互
2023,33.59268,130.37616555555556,0,2,車両相互
2023,33.581321388888895,130.39728083333333,0,1,車両相互
2023,33.57922888888889,130.40905194444446,0,1,車両相互
2023,33.587245,130.39355416666666,0,1,車両相互
2023,33.58446111111111,130.39122194444442,0,1,車両相互
2023,33.57732722222222,130.37719611111112,0,1,車両相互
2023,33.574580833333336,130.3794188888889,0,1,人対車両
2023,33.58623777777778,130.40259916666668,0,1,車両相互
2023,33.58161861111112,130.4020602777778,0,1,人対車両
2023,33.561589999999995,130.389365,0,1,車両相互
2023,33.57335916666667,130.40571583333335,0,1,人対車両
2023,33.58925027777778,130.40020916666668,0,2,車両相互
2023,33.594903055555555,130.35878194444444,0,1,車両相互
2023,33.59000916666667,130.40684222222222,0,2,車両相互
2023,33.58974333333334,130.3838597222222,0,1,車両相互
2023,33.56290166666666,130.3783525,0,1,車両相互
2023,33.575771111111116,130.3749438888889,0,1,車両単独
2023,33.58628,130.39962,0,1,人対車両
2023,33.58206333333334,130.4051616666667,0,1,人対車両
2023,33.5756475,130.3760938888889,0,1,車両相互
2023,33.58086416666667,130.4076638888889,0,2,人対車両
2023,33.58909694444445,130.38269666666667,0,1,車両相互
2023,33.59207805555556,130.38337583333333,0,2,車両相互
2023,33.59041138888889,130.40673611111112,0,1,人対車両
2023,33.57457111111111,130.40551833333333,0,1,車両相互
2023,33.581427500000004,130.39899194444445,0,2,車両相互
2023,33.58766972222222,130.40179333333333,0,1,車両相互
2023,33.584626944444445,130.39157777777777,0,1,車両相互
2023,33.59276777777778,130.39952305555553,0,1,車両相互
2023,33.589669722222226,130.38431722222222,0,1,人対車両
2023,33.59020027777778,130.3720363888889,0,1,車両相互
2023,33.583545,130.40541361111113,0,2,車両相互
2023,33.588081111111116,130.39646166666665,0,1,人対車両
2023,33.592463888888894,130.3783077777778,0,1,車両相互
2023,33.58228777777778,130.4061227777778,0,1,車両相互
2023,33.59247583333334,130.37565666666669,0,1,車両相互
2023,33.57649805555556,130.4137388888889,0,1,車両相互
2023,33.58291833333334,130.37616166666666,0,1,人対車両
2023,33.58596805555556,130.39925,0,1,人対車両
2023,33.57280777777778,130.40180527777778,0,1,車両相互
2023,33.59142583333333,130.36408166666666,0,1,人対車両
2023,33.56646,130.39067444444444,0,1,車両相互
2023,33.59365277777778,130.39878805555554,0,1,車両相互
2023,33.587383888888894,130.40018916666668,0,1,車両相互
2023,33.56430222222222,130.38981333333334,0,1,車両相互
2023,33.58959416666667,130.4049427777778,0,1,人対車両
2023,33.583980000000004,130.3922272222222,0,1,車両相互
2023,33.58890666666667,130.4060102777778,0,1,車両相互
2023,33.58819027777778,130.39669277777776,0,1,人対車両
2023,33.59769111111111,130.42233833333333,0,1,車両相互
2023,33.59105888888889,130.43290888888887,0,1,車両相互
2023,33.589080555555554,130.4309338888889,0,2,車両相互
2023,33.60659527777778,130.40961555555558,0,2,車両相互
2023,33.56478555555555,130.45629305555553,0,2,車両相互
2023,33.60343,130.42137722222222,0,1,車両相互
2023,33.60534083333334,130.42853888888888,0,1,人対車両
2023,33.606147222222226,130.42470555555553,0,1,人対車両
2023,33.553799722222216,130.46043027777776,0,1,車両相互
2023,33.58428722222222,130.4179461111111,0,2,車両相互
2023,33.60207944444445,130.43460944444445,0,1,車両相互
2023,33.555321111111105,130.45395194444444,0,1,車両相互
2023,33.57510694444445,130.46168055555555,0,1,車両相互
2023,33.604288333333336,130.42970499999998,0,1,車両相互
2023,33.59488888888889,130.42608833333333,0,2,車両相互
2022,33.55258944444444,130.4576447222222,0,1,車両相互
2023,33.594211666666666,130.42981361111111,0,2,車両相互
2023,33.587736944444444,130.41345694444445,0,1,人対車両
2023,33.56460666666666,130.4437888888889,0,1,車両相互
2023,33.59180555555556,130.41003166666667,0,1,車両相互
2023,33.56539722222222,130.44194194444444,0,2,車両相互
2023,33.60129694444445,130.43719722222224,0,1,車両相互
2023,33.59245861111111,130.44019722222222,0,1,車両相互
2023,33.54358444444444,130.46281,0,1,人対車両
2023,33.586525,130.41714555555555,0,1,車両相互
2023,33.578114444444445,130.4312111111111,0,1,車両相互
2023,33.59592222222223,130.43327722222222,0,1,車両相互
2023,33.568337222222226,130.45890944444443,0,2,車両相互
2023,33.606834444444445,130.4219236111111,0,1,人対車両
2023,33.587395,130.41860444444444,0,1,車両相互
2023,33.569855833333335,130.45151083333332,0,1,車両相互
2023,33.60123638888889,130.43625694444444,0,1,車両相互
2023,33.58473,130.41417083333334,0,1,車両相互
2023,33.580382500000006,130.42233222222222,0,2,車両相互
2023,33.59204527777778,130.42213999999998,0,1,車両相互
2023,33.55783888888889,130.47235194444445,0,1,車両相互
2023,33.59410694444445,130.41027944444446,0,1,人対車両
2023,33.60213027777778,130.42104777777777,0,1,人対車両
2023,33.601776388888894,130.4144338888889,0,2,車両相互
2023,33.607504722222224,130.40983722222222,0,2,車両相互
2023,33.57843972222223,130.41915444444444,0,1,車両相互
2023,33.59072416666667,130.42628333333332,0,1,車両相互
2023,33.551403055555554,130.4648822222222,0,1,車両相互
2023,33.58534222222222,130.43545694444444,0,2,車両相互
2023,33.60119111111111,130.43588666666668,0,1,車両相互
2023,33.56436055555555,130.46462277777778,0,2,車両相互
2023,33.59051916666667,130.41940694444443,0,1,車両相互
2023,33.58293777777778,130.41938027777778,0,1,車両相互
2023,33.60108833333334,130.40166611111113,0,2,車両相互
2023,33.58561027777778,130.42213277777776,0,1,車両相互
2023,33.57331888888889,130.47515444444446,0,1,車両相互
2023,33.58671777777778,130.41582,0,1,車両相互
2023,33.581117222222225,130.44299388888888,0,1,車両相互
2023,33.599135000000004,130.40774194444444,0,2,車両相互
2023,33.56486527777778,130.4449525,0,1,車両相互
2023,33.58976472222223,130.435215,0,1,人対車両
2023,33.58808138888889,130.42990805555556,0,3,車両相互
2023,33.58326916666667,130.41019194444445,0,3,車両相互
2023,33.59246944444445,130.41281944444444,0,1,人対車両
2023,33.58363138888889,130.42130333333333,0,1,車両相互
2022,33.60447777777778,130.40748638888888,0,1,車両相互
2023,33.58352777777778,130.41147666666666,0,1,車両相互
2023,33.6068525,130.43682444444445,0,1,車両相互
2023,33.606504722222226,130.42236277777778,0,1,車両相互
2023,33.58607694444445,130.42806305555555,0,2,車両相互
2023,33.6017875,130.44273444444445,0,3,車両相互
2023,33.59506888888889,130.42615944444444,0,1,車両相互
2023,33.56496277777777,130.45626583333333,0,1,車両相互
2023,33.595355833333336,130.40863555555555,0,1,人対車両
2023,33.589815,130.41262166666667,0,1,車両相互
2023,33.60493,130.4092838888889,0,1,車両相互
2023,33.58634638888889,130.41192583333333,0,1,車両相互
2022,33.59221388888889,130.40743583333335,0,1,人対車両
2023,33.59796444444445,130.40966972222222,0,1,人対車両
2023,33.599718333333335,130.399575,0,1,車両相互
2023,33.57301666666667,130.45424805555555,0,1,車両相互
2023,33.589115,130.4167311111111,0,2,車両相互
2023,33.539719444444444,130.46746555555555,0,2,車両相互
2023,33.562758055555555,130.4516486111111,0,1,車両相互
2023,33.59023277777778,130.41122805555557,0,1,車両相互
2023,33.56478083333333,130.46238194444445,0,1,車両相互
2023,33.561344722222216,130.4588858333333,0,2,車両相互
2023,33.586125555555554,130.43417833333334,0,1,車両相互
2023,33.60062611111111,130.44916055555555,0,1,車両相互
2023,33.55379194444444,130.45496944444443,0,1,車両相互
2023,33.59026555555556,130.4293522222222,0,1,車両相互
2023,33.58405777777778,130.42718722222222,0,1,車両相互
2023,33.597460833333336,130.4183833333333,0,1,車両相互
2023,33.547775277777774,130.46794472222223,0,1,車両相互
2023,33.54777472222222,130.46790305555555,0,1,車両相互
2023,33.589218888888894,130.43536722222223,0,1,人対車両
2023,33.574061944444445,130.42513277777778,0,1,車両相互
2023,33.544869166666665,130.4615661111111,0,1,車両相互
2023,33.552902777777774,130.46365527777778,0,2,人対車両
2023,33.593159444444446,130.4047638888889,0,2,車両相互
2023,33.59845055555556,130.43111888888888,0,2,人対車両
2023,33.6012925,130.43686,0,1,車両相互
2023,33.58022888888889,130.44110916666668,0,1,車両相互
2023,33.58040888888889,130.42074694444443,0,1,車両相互
2023,33.58013416666667,130.4751836111111,0,1,車両相互
2023,33.603950833333336,130.42383138888889,0,1,車両相互
2023,33.56619138888889,130.4657188888889,0,1,車両相互
2023,33.632442222222224,130.43082277777776,0,2,車両相互
2023,33.6465275,130.44185277777777,0,1,車両相互
2023,33.660046666666666,130.42586777777777,0,1,車両相互
2023,33.64859861111111,130.43796166666667,0,1,車両相互
2023,33.68846111111111,130.4151427777778,0,2,車両相互
2023,33.62461833333333,130.45125055555553,0,1,車両相互
2023,33.63016916666667,130.44010944444446,0,1,車両相互
2023,33.650705,130.43738194444444,0,1,車両相互
2023,33.625816666666665,130.43391555555556,0,1,車両相互
2023,33.63314722222222,130.44971305555555,0,1,人対車両
2023,33.63433111111111,130.46271305555555,0,1,車両相互
2022,33.665007777777774,130.44877916666667,0,1,車両相互
2023,33.66074166666667,130.42020666666664,0,1,車両相互
2023,33.65405694444444,130.43894055555555,0,1,人対車両
2023,33.65194611111111,130.44017666666667,0,1,車両相互
2023,33.653191388888885,130.4387025,0,3,車両相互
2023,33.62350694444444,130.42941222222223,0,1,車両相互
2023,33.615515555555554,130.41671777777776,0,1,車両相互
2023,33.63218388888889,130.42367416666664,0,1,車両相互
2023,33.690036388888885,130.43411083333334,0,1,車両相互
2023,33.6070025,130.4409325,0,1,車両相互
2023,33.65530972222222,130.44406694444444,0,1,車両相互
2023,33.700450555555555,130.44004944444444,0,1,車両相互
2023,33.64895527777778,130.42735916666666,0,2,車両単独
2023,33.639404444444445,130.49020666666667,0,1,車両相互
2023,33.65901361111111,130.4299947222222,0,1,車両相互
2023,33.629550555555554,130.44326138888889,0,1,人対車両
2023,33.69558694444444,130.44606000000002,0,1,車両相互
2023,33.61020972222222,130.44026333333335,0,1,車両相互
2023,33.65752333333333,130.43965694444444,0,2,車両相互
2023,33.61575222222223,130.41656277777778,0,1,車両相互
2023,33.66071888888889,130.4375575,0,1,車両相互
2023,33.690461388888885,130.4339936111111,0,1,人対車両
2023,33.638414166666664,130.47482166666666,0,1,車両相互
2023,33.61820111111111,130.43484472222224,0,4,車両相互
2023,33.692431666666664,130.42381722222223,0,1,車両相互
2023,33.62269138888889,130.43214694444444,0,1,人対車両
2023,33.655814444444445,130.43983444444444,0,3,車両相互
2023,33.64138638888889,130.46737583333334,0,1,人対車両
2023,33.61984666666667,130.45133805555554,0,1,車両相互
2023,33.644733055555555,130.43389305555556,0,1,車両相互
2023,33.616240833333336,130.41577750000002,0,2,車両相互
2023,33.63659944444444,130.44097611111113,0,2,車両相互
2023,33.632848611111115,130.4408513888889,0,2,車両相互
2023,33.62530833333334,130.4157111111111,0,1,車両相互
2023,33.650495,130.4424363888889,0,2,車両相互
2023,33.60765194444445,130.41582222222223,0,1,車両相互
2023,33.623333055555555,130.4206925,0,2,車両相互
2023,33.617018055555555,130.44164833333335,0,1,車両相互
2023,33.62994583333333,130.4401613888889,0,1,車両相互
2023,33.679047222222216,130.43731944444446,0,1,人対車両
2023,33.69553,130.4381111111111,0,1,人対車両
2023,33.65853638888889,130.439455,0,1,車両相互
2023,33.62007055555556,130.42570138888888,0,1,車両相互
2023,33.657623055555554,130.4397361111111,0,1,車両相互
2023,33.61976111111111,130.43901916666667,0,1,車両相互
2023,33.632825833333335,130.44046666666668,0,3,車両相互
2023,33.690393611111105,130.42994555555555,0,1,車両相互
2023,33.61981138888889,130.43920055555557,0,2,車両相互
2023,33.63927277777778,130.45316305555554,0,2,車両相互
2023,33.668885555555555,130.44302833333333,0,1,車両相互
2023,33.62014333333333,130.44592916666667,0,1,車両相互
2023,33.62860888888889,130.44521583333335,0,2,車両相互
2023,33.636290277777775,130.42468944444443,0,1,車両相互
2023,33.618341944444445,130.43922777777777,0,1,車両相互
2023,33.62526944444444,130.42057777777777,0,1,人対車両
2023,33.649902777777775,130.44338055555556,0,1,人対車両
2023,33.63753666666667,130.4705975,0,1,車両相互
2023,33.632596944444444,130.4654322222222,0,1,車両相互
2023,33.64399777777778,130.44471444444446,0,1,車両相互
2023,33.623111111111115,130.41766944444444,0,1,車両相互
2023,33.62931944444445,130.44395500000002,0,1,車両相互
2023,33.64307083333333,130.43241388888887,0,1,車両相互
2023,33.64995833333333,130.35713694444445,0,1,車両相互
2023,33.652493888888884,130.43843194444446,0,1,車両相互
2023,33.661720555555554,130.44450805555556,0,1,人対車両
2023,33.64729166666667,130.35410861111112,0,1,車両相互
2023,33.62155277777778,130.4450388888889,0,1,車両相互
2023,33.68335444444444,130.40467611111112,0,1,車両相互
2023,33.62001194444444,130.44957888888888,0,1,人対車両
2023,33.627311666666664,130.4430438888889,0,2,車両相互
2023,33.633535,130.43925861111111,0,1,車両相互
2023,33.6513875,130.4375711111111,0,1,車両相互
2023,33.64301944444444,130.47530944444443,0,1,車両相互
2023,33.653260833333334,130.35614027777777,0,1,車両相互
2023,33.616192500000004,130.4258275,0,2,車両相互
2023,33.671931944444445,130.45154027777775,0,1,車両相互
2023,33.60772416666667,130.44051944444445,0,2,車両相互
2023,33.65569416666666,130.44310027777777,0,1,車両相互
2023,33.608312222222224,130.43895972222222,0,3,車両相互
2023,33.63263111111111,130.46305194444443,0,1,車両相互
2023,33.66678722222222,130.44156777777778,0,1,人対車両
2023,33.62032638888889,130.41870333333333,0,1,車両相互
2023,33.62190694444445,130.41939444444444,0,2,車両相互
2023,33.56018444444444,130.34092333333334,0,1,車両相互
2023,33.56337472222222,130.33334305555556,0,1,車両相互
2023,33.574268611111115,130.34688472222223,0,1,車両相互
2023,33.548716388888884,130.34495305555558,0,1,車両相互
2023,33.588011388888894,130.35594777777777,0,1,人対車両
2023,33.56381694444444,130.35091722222222,0,1,車両相互
2023,33.56749083333334,130.34746472222224,0,1,車両相互
2023,33.49620777777778,130.34824527777778,0,1,車両相互
2023,33.56697555555556,130.34166972222224,0,2,車両相互
2023,33.574690555555556,130.33819222222223,0,2,車両相互
2023,33.55998666666667,130.3315861111111,0,1,車両相互
2023,33.5114,130.3368763888889,0,1,車両相互
2023,33.53615222222222,130.32672472222222,0,1,車両相互
2023,33.55315333333333,130.3304288888889,0,1,人対車両
2023,33.55226611111111,130.34256222222223,0,1,車両相互
2023,33.57629583333334,130.33959666666667,0,1,人対車両
2023,33.558653888888884,130.33543527777778,0,1,車両相互
2023,33.49214138888889,130.36227027777778,0,1,車両相互
2023,33.51768444444444,130.32665416666666,0,1,車両相互
2023,33.58061166666667,130.33998083333336,0,1,車両相互
2023,33.554294166666665,130.3452388888889,0,1,人対車両
2023,33.56851888888889,130.3307477777778,0,1,車両相互
2023,33.552479999999996,130.32951555555556,0,1,車両相互
2023,33.57970166666667,130.35363777777778,0,1,車両相互
2023,33.58416833333334,130.36024027777776,0,1,車両相互
2023,33.54637861111111,130.32730194444443,0,1,人対車両
2023,33.590029722222226,130.34821305555556,0,1,人対車両
2023,33.56724805555556,130.3457238888889,0,1,車両相互
2023,33.57965416666667,130.34471583333334,0,1,車両相互
2023,33.56992138888889,130.343435,0,1,人対車両
2023,33.529265,130.32368944444445,0,1,車両相互
2023,33.53287888888889,130.34135444444445,0,1,車両相互
2023,33.56814805555556,130.3285588888889,0,1,車両相互
2023,33.503571111111114,130.34197944444446,0,1,人対車両
2023,33.566952500000006,130.34151916666667,0,1,車両相互
2023,33.5009525,130.3353561111111,0,1,車両相互
2023,33.50241972222222,130.33560194444445,0,1,車両相互
2023,33.58776888888889,130.34774000000002,0,1,車両相互
2023,33.56736361111111,130.34530527777778,0,2,車両相互
2023,33.58810916666667,130.3557272222222,0,1,車両相互
2023,33.53734472222222,130.32488666666666,0,1,車両相互
2023,33.55616583333333,130.35103833333332,0,1,車両相互
2023,33.566995000000006,130.34238333333334,0,1,車両相互
2023,33.54876888888889,130.34496194444446,0,1,車両相互
2023,33.57521555555556,130.35828638888887,0,1,車両相互
2023,33.638685555555554,130.42004972222222,0,1,車両相互
2023,33.610776111111115,130.39706833333332,0,8,車両相互
2023,33.59733555555556,130.39430861111111,0,1,車両相互
2023,33.54195416666666,130.4245811111111,0,1,車両相互
2023,33.56675277777778,130.4103186111111,0,4,車両相互
2023,33.54047027777778,130.39962972222222,0,1,車両相互
2023,33.56702416666667,130.42703083333333,0,1,車両相互
2023,33.54241583333333,130.42332249999998,0,1,車両相互
2023,33.5601925,130.4273611111111,0,1,車両相互
2023,33.55998777777778,130.42533083333333,0,1,車両相互
2023,33.54416083333333,130.43574361111112,0,2,車両相互
2023,33.56164611111111,130.41551361111112,0,1,車両相互
2023,33.576527777777784,130.41532083333334,0,1,車両相互
2023,33.53608305555555,130.3952933333333,0,1,車両相互
2023,33.53936833333333,130.439375,0,1,車両相互
2023,33.533099166666666,130.43494388888888,0,1,車両相互
2023,33.56709444444445,130.41731694444442,0,1,車両相互
2023,33.534346388888885,130.39817666666667,0,2,車両相互
2023,33.555030555555554,130.40599416666666,0,1,車両相互
2023,33.569403333333334,130.3979163888889,0,1,車両相互
2023,33.54448111111111,130.40741555555556,0,1,車両相互
2023,33.56734222222222,130.4004011111111,0,1,車両相互
2023,33.541775277777774,130.3917583333333,0,1,車両相互
2023,33.556191388888884,130.4091302777778,0,1,車両相互
2023,33.540194166666666,130.40040861111112,0,1,車両相互
2023,33.54753833333333,130.39715916666665,0,1,車両相互
2023,33.54581361111111,130.39072249999998,0,1,車両相互
2023,33.55591361111111,130.40798,0,1,車両相互
2023,33.54118722222222,130.41936305555555,0,1,車両相互
2023,33.57559416666667,130.41198916666667,0,1,車両相互
2023,33.559666666666665,130.4283497222222,0,1,車両相互
2023,33.55516111111111,130.39149416666666,0,1,車両相互
2023,33.54251555555555,130.3922825,0,1,車両相互
2023,33.544019722222224,130.4094311111111,0,1,車両相互
2023,33.555702499999995,130.44512083333333,0,1,人対車両
2023,33.56501166666666,130.41593694444444,0,1,車両相互
2023,33.57116611111111,130.41605166666668,0,1,車両相互
2023,33.52654361111111,130.43408222222223,0,1,人対車両
2023,33.55186027777778,130.41252277777778,0,1,車両相互
2023,33.56224944444444,130.42204333333333,0,1,車両相互
2023,33.57608444444445,130.414305,0,1,人対車両
2023,33.55647805555555,130.40181694444445,0,3,車両相互
2023,33.57383277777778,130.42227444444444,0,1,車両相互
2023,33.53556805555555,130.43246638888888,0,1,車両相互
2023,33.541847777777775,130.4256372222222,0,1,車両相互
2023,33.542072222222224,130.42513777777776,0,1,車両相互
2023,33.54998111111111,130.44795305555556,0,1,車両相互
2023,33.5411925,130.41910194444444,0,1,車両相互
2023,33.57268305555556,130.42391805555553,0,1,車両相互
2023,33.52961111111111,130.42316833333334,0,1,車両相互
2023,33.54519444444444,130.43363472222222,0,1,車両相互
2023,33.54074055555555,130.4290863888889,0,2,車両相互
2023,33.534173055555556,130.42421027777777,0,1,車両相互
2023,33.570122222222224,130.39866972222222,0,1,車両相互
2023,33.53060138888889,130.42557027777778,0,1,車両相互
2023,33.540819444444445,130.39819416666666,0,1,車両相互
2023,33.56739027777778,130.41349027777778,0,1,車両相互
2023,33.548809999999996,130.4465502777778,0,1,車両相互
2023,33.540593888888885,130.43042444444444,0,1,人対車両
2023,33.54786222222222,130.4448975,0,1,車両相互
2023,33.541293055555556,130.3961186111111,0,1,人対車両
2023,33.56498472222222,130.4159538888889,0,1,車両相互
2023,33.54122527777778,130.39620944444442,0,1,車両相互
2023,33.572186388888895,130.4074036111111,0,1,車両相互
2023,33.54960388888889,130.4340788888889,0,1,車両相互
2023,33.53603916666666,130.3960072222222,0,3,車両相互
2023,33.537416944444445,130.40626444444445,0,1,人対車両
2023,33.53158333333333,130.38685583333333,0,1,車両相互
2023,33.54841222222222,130.3987836111111,0,1,車両相互
2023,33.54447305555556,130.43340722222223,0,3,車両単独
2023,33.58183027777778,130.26576333333333,0,1,人対車両
2023,33.55005444444444,130.3194475,0,1,車両相互
2023,33.58272166666667,130.32727027777779,0,3,車両相互
2023,33.57331305555556,130.2848788888889,0,1,車両相互
2023,33.54217861111111,130.32276166666665,0,1,車両相互
2023,33.55880027777778,130.31148444444446,0,1,人対車両
2023,33.56810138888889,130.3200463888889,0,1,車両相互
2023,33.58213777777778,130.3372402777778,0,1,車両相互
2023,33.57381111111111,130.26625305555555,0,2,車両相互
2023,33.56943888888889,130.29636472222222,0,2,車両相互
2023,33.58600944444445,130.31416333333334,0,1,車両相互
2023,33.57461944444445,130.30960805555557,0,1,人対車両
2023,33.52751361111111,130.3211661111111,0,1,車両相互
2023,33.562911666666665,130.318635,0,1,車両相互
2023,33.55683444444444,130.3199938888889,0,1,車両相互
2023,33.642809166666666,130.23071777777778,0,2,車両相互
2023,33.59831888888889,130.22351527777778,0,1,車両相互
2023,33.56496583333333,130.2415122222222,0,1,車両相互
2023,33.59133944444444,130.33160333333333,0,1,車両相互
2023,33.572635000000005,130.25431277777778,0,2,車両相互
2023,33.56471416666666,130.31853555555554,0,1,車両相互
2023,33.569633611111115,130.31849555555556,0,1,車両相互
2023,33.588080833333336,130.32767055555556,0,1,車両相互
2023,33.58716722222223,130.2542936111111,0,1,車両相互
2023,33.57976666666667,130.25401722222222,0,2,車両相互
2023,33.58099277777778,130.27297611111112,0,2,車両相互
2023,33.57544861111111,130.30964277777778,0,1,車両相互
2023,33.55873583333333,130.308525,0,1,車両相互
2023,33.57228833333334,130.2868486111111,0,1,車両相互
2023,33.54738944444444,130.32180694444443,0,1,車両相互
2023,33.57667055555556,130.3278225,0,1,人対車両
2023,33.56894916666667,130.30553166666667,0,1,車両相互
2023,33.57427027777778,130.25701527777778,0,1,車両相互
2023,33.57696138888889,130.32730944444444,0,1,車両相互
2023,33.58577777777778,130.31395333333336,0,2,車両相互
2023,33.56618333333333,130.24315833333333,0,1,車両相互
2023,33.568224722222226,130.32093361111112,0,2,車両相互
2023,33.56955527777778,130.29652305555555,0,1,車両相互
2023,33.56788416666667,130.29608805555554,0,1,車両相互
2023,33.57257722222223,130.27721111111111,0,1,車両相互
2023,33.578945555555556,130.26094555555557,0,1,車両相互
2023,33.58152555555556,130.25991083333332,0,1,人対車両
2023,33.566158611111106,130.3175486111111,0,1,車両相互
2023,33.58426194444445,130.31496611111112,0,1,車両相互
2023,33.55426833333333,130.32288916666667,0,2,車両相互
2023,33.585700833333334,130.31330472222223,0,1,車両相互
2023,33.57336361111111,130.2571825,0,1,車両相互
2023,33.57983555555556,130.2822238888889,0,1,車両相互
2023,33.56998166666667,130.2983425,0,1,車両相互
2023,33.58376611111111,130.30795972222222,0,1,車両相互
2023,33.56306333333333,130.31100055555558,0,1,車両相互
2023,33.57687861111111,130.25876083333333,0,1,車両相互
2023,33.58177555555556,130.26346222222222,0,1,車両相互
2023,33.58564944444445,130.31335666666666,0,2,車両相互
2023,33.57844666666667,130.25377666666665,0,1,車両相互
2023,33.572055000000006,130.31691916666665,0,1,車両相互
2023,33.57182166666667,130.31693388888888,0,1,車両相互
2023,33.557914999999994,130.3083327777778,0,1,車両相互
2023,33.57819444444445,130.3206847222222,0,1,車両相互
2023,33.57427305555556,130.32306083333333,0,1,車両相互
2023,33.59872,130.26463722222223,0,1,車両相互
2023,33.581720833333335,130.3244311111111,0,1,車両相互
2023,33.5914925,130.2326013888889,0,1,車両相互
2023,33.57434416666667,130.26533944444444,0,1,車両相互
2023,33.589393333333334,130.23673555555555,0,1,車両相互
2023,33.579666111111116,130.27223583333335,0,1,車両相互
2023,33.57229138888889,130.2452897222222,0,1,車両相互
2023,33.580265555555556,130.2556936111111,0,1,車両相互
2023,33.58718916666667,130.317805,0,1,車両相互
2023,33.57311,130.2411811111111,0,1,車両相互
2023,33.581856944444446,130.26266222222222,0,1,車両相互
2023,33.57802944444445,130.32331027777778,0,1,車両相互
2023,33.53942694444444,130.3754525,0,1,車両相互
2023,33.55315916666667,130.38813833333333,0,1,車両相互
2023,33.559551111111105,130.3786863888889,0,1,車両相互
2023,33.570481944444445,130.35710666666665,0,3,車両相互
2023,33.539410555555556,130.37550611111112,0,1,車両相互
2023,33.55219944444444,130.37292,0,1,人対車両
2023,33.560898888888886,130.36074222222223,0,1,車両相互
2023,33.5481475,130.38021861111113,0,1,車両相互
2023,33.5776875,130.37031722222224,0,1,車両相互
2022,33.57558416666667,130.3722988888889,0,1,車両相互
2023,33.54648861111111,130.35210805555556,0,2,車両相互
2023,33.551835,130.36711222222223,0,1,車両相互
2023,33.57233027777778,130.36430055555556,0,1,人対車両
2023,33.544753888888884,130.38676583333333,0,1,車両相互
2023,33.55605611111111,130.36152944444444,0,1,車両相互
2023,33.54645194444444,130.38049055555555,0,1,車両相互
2023,33.557382777777775,130.3754986111111,0,1,車両相互
2023,33.56435,130.36423583333334,0,1,車両相互
2023,33.57123583333334,130.36003944444442,0,1,車両相互
2022,33.570796944444446,130.35851944444443,0,1,人対車両
2023,33.55310055555555,130.38646055555554,0,1,車両相互
2023,33.54551444444444,130.35661444444443,0,2,車両相互
2023,33.55327,130.3804738888889,0,1,車両相互
2023,33.56023722222222,130.36222361111112,0,1,車両相互
2023,33.77124388888889,130.4728313888889,0,1,車両相互
2023,33.75884055555556,130.49657444444443,0,2,車両相互
2023,33.77076805555556,130.4729425,0,1,車両相互
2023,33.765300555555555,130.48814,0,1,車両相互
2023,33.760620555555555,130.49873194444444,0,1,車両相互
2023,33.76190722222222,130.4847625,0,1,車両相互
2023,33.50652138888889,130.4968611111111,0,1,車両相互
2023,33.52578416666667,130.49408333333332,0,1,車両相互
2022,33.525958333333335,130.496375,0,1,車両相互
2023,33.5082475,130.49576305555553,0,1,車両相互
2023,33.53114083333333,130.49315527777776,0,1,車両相互
2023,33.50385416666666,130.49789583333333,0,1,車両相互
2023,33.50354333333333,130.4987897222222,0,2,車両相互
2023,33.51509166666666,130.4926463888889,0,1,人対車両
2023,33.506325,130.49698555555554,0,1,車両相互
2023,33.49804527777778,130.4985622222222,0,1,車両相互
2023,33.45298833333334,130.47230222222223,0,1,車両相互
2023,33.51953694444445,130.49613277777777,0,1,車両相互
2023,33.52538388888889,130.49452749999998,0,1,車両相互
2023,33.500085,130.49399749999998,0,2,車両相互
2023,33.51605694444444,130.49296166666664,0,2,車両相互
2023,33.50337416666667,130.49752277777776,0,1,車両相互
2023,33.519910833333334,130.49993916666665,0,1,車両相互
2023,33.56347861111111,130.21764777777778,0,1,車両相互
2023,33.51696777777778,130.15410166666666,0,1,車両相互
2023,33.63800055555556,130.19568472222224,0,1,車両相互
2023,33.54662527777778,130.17003722222222,0,4,車両相互
2023,33.57035194444445,130.23561555555554,0,1,車両相互
2023,33.57084916666667,130.23705194444443,0,1,車両相互
2023,33.55940138888889,130.20981333333333,0,1,車両相互
2023,33.56160916666666,130.21338027777776,0,1,車両相互
2023,33.50436277777778,130.1102547222222,0,1,車両相互
2023,33.515504166666666,130.13887166666666,0,1,車両相互
2023,33.565935555555555,130.2280213888889,0,1,車両相互
2023,33.560228055555555,130.19831972222224,0,1,車両相互
2023,33.5825225,130.1815186111111,0,1,車両相互
2023,33.55991638888889,130.2251588888889,0,1,車両相互
2023,33.55883472222222,130.23006472222224,0,1,車両相互
2023,33.58512027777778,130.20974194444443,0,1,人対車両
2023,33.555805,130.22789777777777,0,1,車両相互
2023,33.54700555555555,130.19604194444446,0,1,車両相互
2023,33.559569999999994,130.20117333333332,0,2,車両相互
2023,33.49310694444445,130.07389333333333,0,2,車両相互
2023,33.565420555555555,130.21792805555555,0,2,車両相互
2023,33.51687888888889,130.16028805555555,0,1,車両相互
2023,33.57591083333334,130.1934511111111,1,0,車両相互
2022,33.53884611111111,130.25260472222223,0,1,車両相互
2023,33.532800277777774,130.15324972222223,0,1,車両相互
2023,33.568853611111116,130.23229555555557,0,1,車両相互
2023,33.551492499999995,130.19364444444446,0,1,車両相互
2023,33.5692875,130.23289444444444,0,1,車両相互
2023,33.54626972222222,130.16117083333333,0,2,人対車両
2023,33.54841722222222,130.1938675,0,4,車両相互
2023,33.48607777777778,130.05937833333334,0,2,車両相互
2023,33.573661111111115,130.20136777777776,0,1,車両相互
2023,33.55605472222222,130.1972225,0,1,人対車両
2023,33.60081916666667,130.46449638888888,0,1,人対車両
2023,33.6267075,130.49612944444442,0,1,車両相互
2023,33.62450916666667,130.48262222222223,0,1,車両相互
2023,33.585792222222224,130.48045472222222,0,1,車両相互
2023,33.608915833333334,130.4470161111111,0,1,車両相互
2023,33.74248722222222,130.47682111111112,0,1,車両相互
2023,33.60300527777778,130.4533322222222,0,1,車両相互
2023,33.724877222222226,130.45746083333333,0,1,車両相互
2023,33.586779722222225,130.47904444444444,0,1,車両相互
2023,33.75055638888889,130.47307083333334,0,1,車両相互
2023,33.70692694444445,130.4511447222222,0,2,車両相互
2023,33.742799444444444,130.4868386111111,0,2,車両相互
2023,33.597415000000005,130.47379444444445,0,1,車両相互
2023,33.59805055555556,130.4812263888889,0,2,車両相互
2023,33.60998722222222,130.45292583333332,0,4,車両相互
2023,33.61987472222222,130.4986222222222,0,1,車両相互
2023,33.581387222222226,130.48385277777777,0,1,車両相互
2023,33.601713611111116,130.45108638888888,0,1,車両相互
2023,33.61141583333333,130.46045944444444,0,1,車両相互
2023,33.68897805555555,130.45300444444445,0,1,車両相互
2023,33.61078055555556,130.45724166666665,0,3,車両相互
2023,33.7287125,130.47742694444446,0,1,人対車両
2023,33.722706111111115,130.4742911111111,0,1,車両相互
2023,33.58967805555556,130.49817666666667,0,1,車両相互
2023,33.56799305555556,130.49401972222222,0,1,車両相互
2023,33.6078025,130.4599275,0,1,車両相互
2023,33.57160833333334,130.49325055555553,0,5,車両相互
2023,33.601886944444445,130.46966055555555,0,1,車両相互
2023,33.71170083333334,130.44253805555556,0,1,人対車両
2023,33.60219055555556,130.46227083333332,0,1,車両相互
2023,33.65218611111111,130.48869472222222,0,1,車両相互
2023,33.60089777777778,130.49533333333332,0,1,車両相互
2023,33.69089861111111,130.45235722222222,0,1,車両相互
2023,33.612164166666666,130.46809638888888,0,1,車両相互
2023,33.61206111111111,130.4464675,0,1,人対車両
2023,33.612265,130.44929055555556,0,1,人対車両
2023,33.64746638888889,130.49578333333332,0,2,車両相互
2023,33.723016944444446,130.45666666666665,0,1,車両相互
2023,33.57782,130.4960047222222,0,1,車両相互
2023,33.60902055555556,130.44702444444445,0,1,車両相互
2023,33.63091555555555,130.49590555555554,0,2,車両相互
2023,33.628455,130.47192916666665,0,1,車両相互
2023,33.60078583333333,130.48809694444444,0,2,車両相互
2023,33.60755972222223,130.45998194444442,0,1,車両相互
2023,33.70119666666667,130.44014611111112,0,1,車両相互
2023,33.59486972222223,130.47894027777778,0,1,車両相互
2023,33.59722027777778,130.46905,0,1,車両相互
2023,33.71945083333333,130.4637336111111,0,1,車両相互
2023,33.71720777777778,130.4835311111111,0,1,人対車両
2023,33.619171111111115,130.49571694444444,0,2,車両相互
2023,33.68662944444444,130.45455638888888,0,1,車両相互
2023,33.70215833333334,130.4428777777778,0,2,車両相互
2023,33.69526638888888,130.45047583333331,0,6,車両相互
2023,33.60035611111111,130.46604055555554,0,1,車両相互
2023,33.628190000000004,130.49623749999998,0,2,車両相互
2023,33.62575694444445,130.46582527777775,0,1,車両相互
2023,33.72002638888889,130.4637911111111,0,1,車両相互
2023,33.73461277777778,130.47644083333333,0,1,車両相互
2023,33.701528055555556,130.4503686111111,0,1,車両相互
2023,33.661845,130.48614777777777,0,1,車両相互
2023,33.745043055555556,130.47047583333332,0,3,車両相互
2023,33.69479388888889,130.4504586111111,0,1,車両相互
2023,33.605896111111115,130.45942555555555,0,1,人対車両
2023,33.59941,130.48918749999999,0,1,車両相互
2023,33.61188055555556,130.4661136111111,0,1,車両相互
2023,33.69638583333333,130.45003805555555,0,1,車両相互
2023,33.686631388888884,130.4545936111111,0,1,車両相互
2023,33.61004305555556,130.4533322222222,0,1,車両相互
2023,33.618517777777775,130.49012,0,1,車両相互
2023,33.70639777777778,130.4407627777778,0,1,車両相互
2023,33.610443333333336,130.45547833333333,0,1,車両相互
2023,33.6108025,130.45721138888888,0,1,車両相互
2023,33.658254166666666,130.48892888888886,0,1,車両相互
2023,33.70068583333334,130.45315694444443,0,1,車両相互
2023,33.71950388888889,130.48449444444444,0,2,車両相互
2023,33.72127777777778,130.46343,0,1,車両相互
2023,33.60054111111111,130.47669416666668,0,1,車両相互
2023,33.58980916666667,130.48404277777777,0,1,人対車両
2023,33.5773025,130.49645388888888,0,1,車両相互
2023,33.599470000000004,130.4885636111111,0,1,車両相互
2023,33.602563611111115,130.4526972222222,0,1,車両相互
2023,33.72286555555556,130.47469194444446,0,1,車両相互
2023,33.73726888888889,130.47268805555555,0,2,車両相互
2023,33.62317388888889,130.4569122222222,0,1,車両相互
2023,33.59115833333333,130.48490694444442,0,1,車両相互
2023,33.606834166666665,130.49263666666664,0,1,車両相互
2023,33.60921833333334,130.4481311111111,0,1,車両相互
2023,33.71420472222223,130.45864277777775,0,1,車両相互
2023,33.74050527777778,130.48389444444445,0,1,人対車両
2023,33.60902138888889,130.46199944444444,0,1,車両相互
2023,33.69042666666666,130.4644886111111,0,1,車両相互
2023,33.742396666666664,130.47218583333333,0,2,車両相互
2023,33.63630222222222,130.49676166666666,0,1,車両相互
2023,33.653952777777775,130.49020694444442,0,1,車両相互
2023,33.51731888888889,130.4531936111111,0,2,車両相互
2023,33.50523583333333,130.48213555555554,0,1,車両相互
2023,33.531908888888886,130.49071805555553,0,1,車両相互
2023,33.504015277777775,130.46984055555555,0,1,車両相互
2023,33.521903055555555,130.43138,0,1,人対車両
2023,33.54739611111111,130.4743038888889,0,1,車両相互
2023,33.509837777777776,130.4377838888889,0,1,車両相互
2023,33.51311805555556,130.44380361111112,0,1,車両相互
2023,33.542182499999996,130.44471083333335,0,1,車両単独
2023,33.499766944444445,130.43097444444444,0,1,車両相互
2023,33.53542222222222,130.49201833333333,0,1,車両相互
2023,33.538685,130.4726672222222,0,1,車両相互
2023,33.52552416666666,130.46108555555554,0,1,人対車両
2023,33.530945833333334,130.46204722222222,0,1,車両相互
2023,33.528665277777776,130.46455694444444,0,1,車両相互
2023,33.52703416666667,130.48477722222222,0,1,人対車両
2023,33.545563333333334,130.44591861111113,0,1,車両相互
2022,33.5183475,130.44529,0,2,車両相互
2023,33.54717,130.48468666666665,0,1,車両相互
2023,33.51563111111111,130.41543666666666,0,1,人対車両
2023,33.51790388888889,130.41598472222222,0,1,車両相互
2023,33.494729444444445,130.41870305555554,0,4,車両相互
2023,33.53698166666666,130.44710833333335,0,1,人対車両
2023,33.54557333333333,130.44844333333333,0,1,車両相互
2023,33.54522083333333,130.44287055555557,0,1,車両相互
2023,33.50868805555555,130.42125694444442,0,1,車両相互
2023,33.52140444444444,130.48961083333333,0,1,車両相互
2023,33.5153,130.46625138888888,0,1,車両相互
2023,33.50671194444445,130.4741488888889,0,1,車両相互
2023,33.514318333333335,130.4203925,0,1,人対車両
2023,33.54032333333333,130.44042083333335,0,1,車両相互
2023,33.509794444444445,130.46795333333333,0,1,車両相互
2023,33.510420277777776,130.46085194444444,0,1,車両相互
2023,33.49088138888889,130.4588011111111,0,1,人対車両
2023,33.51012333333333,130.44760277777777,0,1,車両相互
2023,33.52016027777778,130.4225486111111,0,1,車両相互
2023,33.508875,130.48122305555555,0,2,車両相互
2023,33.56162277777778,130.46118055555556,0,1,車両相互
2023,33.54185972222222,130.48392638888888,0,2,車両相互
2023,33.528910555555555,130.46425916666666,0,1,車両相互
2023,33.55049694444444,130.4746088888889,0,1,車両相互
2023,33.523738055555555,130.48769888888887,0,1,人対車両
2023,33.52652305555556,130.4782013888889,0,1,車両相互
2023,33.53852277777778,130.44670944444445,0,1,車両相互
2023,33.52417777777778,130.4704088888889,0,1,車両相互
2023,33.52319277777778,130.45799555555556,0,1,車両相互
2023,33.50680916666666,130.45047333333332,0,1,車両相互
2023,33.51399222222222,130.47638472222224,0,1,車両相互
2023,33.526205555555556,130.47656555555557,0,1,車両相互
2023,33.54720611111111,130.48198694444446,0,2,車両相互
2023,33.53836527777778,130.47545305555556,0,1,車両相互
2023,33.53122722222222,130.48593888888888,0,1,車両相互
2023,33.544623333333334,130.47298361111112,0,1,車両相互
2023,33.51322416666667,130.43443638888888,0,1,車両相互
2023,33.553576388888885,130.49426194444442,0,1,車両相互
2023,33.526195277777774,130.47651027777778,0,2,車両相互
2023,33.536165555555556,130.4431152777778,0,1,車両相互
2023,33.527836944444445,130.45483916666666,0,1,車両相互
2023,33.518324444444445,130.42899305555554,0,1,車両相互
2023,33.535713611111106,130.45593388888886,0,1,車両相互
2023,33.52907111111111,130.44123833333333,0,1,車両相互
2023,33.551718055555554,130.47055944444443,0,1,車両相互
2023,33.528060555555555,130.4896386111111,0,1,車両相互
2023,33.550685277777774,130.48538805555555,0,1,車両相互
2023,33.51281083333333,130.4616375,0,1,車両相互
2023,33.51714194444445,130.445455,0,2,車両相互
2023,33.50810333333333,130.44372583333333,0,2,車両相互
2023,33.509836388888885,130.46800055555556,0,1,車両相互
2023,33.53048833333333,130.4741527777778,0,1,車両相互
2022,33.521588888888886,130.44751444444444,0,1,車両相互
2023,33.54635944444444,130.44363166666668,0,1,車両相互
2023,33.54048944444444,130.45012499999999,0,1,車両相互
2023,33.51503694444445,130.4233875,0,1,車両相互
2023,33.5327475,130.45340888888887,0,1,人対車両
2023,33.525214999999996,130.4606536111111,0,1,車両相互
2023,33.54562972222222,130.48743277777777,0,1,車両相互
2023,33.52368138888889,130.44838916666666,0,2,車両相互
2023,33.524660833333336,130.43676166666668,0,1,車両相互
2023,33.525730277777775,130.4610075,0,1,車両相互
2023,33.5234775,130.42389694444444,0,5,車両相互
2023,33.54278472222222,130.45338638888887,0,1,人対車両
2023,33.522393888888885,130.48297333333335,0,1,車両相互
2023,33.527701666666665,130.4566536111111,0,3,車両相互
2023,33.508671666666665,130.4504361111111,0,1,人対車両
2023,33.541536666666666,130.48515194444442,0,1,車両相互
2023,33.52699777777778,130.44871805555556,0,1,人対車両
2023,33.53989111111111,130.45217777777776,0,3,車両相互
2023,33.546325833333334,130.4511122222222,0,1,車両相互
2023,33.50144638888889,130.48561805555553,0,1,人対車両
2023,33.46117027777778,130.45937305555555,0,1,車両単独
2023,33.55232972222222,130.48284166666667,0,2,車両相互
2023,33.536744444444444,130.4755213888889,0,1,車両相互
2023,33.48807305555555,130.4168011111111,0,1,車両相互
2023,33.50700333333333,130.44223861111112,0,1,車両相互
2023,33.52372111111111,130.44864222222222,0,1,車両相互
2023,33.51678,130.46854305555556,0,1,車両相互
2023,33.517204722222225,130.44262972222222,0,1,人対車両
2023,33.52240861111111,130.46768333333333,0,1,車両相互
2023,33.51324944444445,130.46076499999998,0,1,車両相互
2023,33.5168025,130.42242166666665,0,1,車両相互
2023,33.49733444444445,130.43128583333333,0,1,車両単独
2023,33.500054166666665,130.48211583333332,0,3,車両相互
2023,33.515302222222225,130.42939777777778,0,2,車両相互
2023,33.54063194444444,130.48689277777777,0,1,車両相互
2023,33.54736444444444,130.4956447222222,0,1,車両相互
2023,33.5216025,130.44751027777778,0,1,車両相互
2023,33.50490166666667,130.4569608333333,0,1,車両相互
2023,33.55452472222222,130.46996055555556,0,1,車両相互
2023,33.53883472222222,130.4762325,0,1,人対車両
2023,33.54729777777778,130.47894083333333,0,1,人対車両
2023,33.49973722222222,130.43090833333332,0,2,車両相互
2023,33.52686305555555,130.42480555555554,0,1,人対車両
2023,33.52721555555556,130.4775438888889,0,2,車両相互
2023,33.514944166666666,130.42675138888887,0,1,車両相互
2023,33.55085944444444,130.4792913888889,0,1,車両相互
2023,33.50796361111111,130.46806444444445,0,2,車両相互
2023,33.54044722222222,130.44601166666666,0,1,車両相互
2023,33.54569111111111,130.44279083333333,0,1,車両相互
2023,33.529964166666666,130.42645194444444,0,1,車両相互
2023,33.52688027777778,130.48148083333334,0,1,人対車両
2023,33.538105277777774,130.48606916666665,0,1,車両相互
2023,33.53528444444444,130.4834811111111,0,1,車両相互
2023,33.284906666666664,130.4715711111111,0,1,車両相互
2023,33.251405,130.49103694444443,0,1,車両相互
2023,33.29761277777778,130.49717583333333,0,1,人対車両
2023,33.26337916666667,130.42370527777777,0,1,車両相互
2023,33.268072777777775,130.43361777777778,0,1,車両相互
2023,33.25040972222222,130.45489805555553,0,1,車両相互
2023,33.253906944444445,130.46390083333333,0,2,車両相互
2023,33.27761666666667,130.46510416666666,0,1,車両相互
2023,33.268656388888886,130.47555083333333,0,1,車両相互
2023,33.33109972222223,130.48058666666668,0,1,車両相互
2023,33.238907222222224,130.47194916666666,0,1,車両相互
2023,33.26989611111111,130.47276416666668,0,1,車両相互
2023,33.310913888888884,130.49488527777777,0,1,車両相互
2023,33.32572166666667,130.49504416666664,0,1,車両相互
2023,33.25499833333333,130.49367055555555,0,2,車両相互
2023,33.247550277777776,130.4061638888889,1,0,車両相互
2023,33.2606525,130.46784027777778,0,3,車両相互
2023,33.26647305555556,130.47086444444446,0,1,車両相互
2023,33.29917472222222,130.49834388888888,0,1,車両相互
2023,33.23595527777778,130.43200222222222,0,1,車両相互
2023,33.26355083333333,130.41799277777776,0,1,車両相互
2023,33.22368388888889,130.44447888888888,0,1,車両相互
2023,33.19167861111111,130.38521805555555,0,1,車両相互
2023,33.22753083333333,130.4539486111111,0,1,車両相互
2023,33.17427694444444,130.47537,0,2,車両相互
2023,33.21147305555556,130.3956661111111,0,1,車両相互
2023,33.21208527777778,130.47563944444445,0,1,車両相互
2023,33.20788805555556,130.37281027777777,0,1,車両相互
2023,33.23627416666667,130.45226472222222,0,1,車両相互
2023,33.21290583333334,130.48831444444443,0,1,車両相互
2023,33.19391555555555,130.45079777777778,0,1,車両相互
2023,33.207481111111115,130.3708588888889,0,1,車両相互
2023,33.21452388888889,130.44720222222222,0,1,車両相互
2023,33.20800416666667,130.49765305555553,0,1,車両相互
2023,33.22506944444444,130.4967175,0,1,車両相互
2023,33.207007222222224,130.37986138888888,0,1,車両相互
2023,33.21649777777778,130.48220972222222,0,4,車両相互
2023,33.224718333333335,130.4965025,0,1,車両相互
2023,33.20970944444445,130.44842583333335,0,1,車両相互
2023,33.16655055555555,130.41618194444445,0,1,車両相互
2023,33.163815,130.40730166666668,0,1,人対車両
2023,33.13256222222222,130.43195694444444,0,1,車両相互
2023,33.160644166666664,130.40374666666668,0,2,車両相互
2023,33.132086666666666,130.4101286111111,0,1,人対車両
2023,33.150373055555555,130.4731263888889,0,2,車両相互
2023,33.156461666666665,130.44826666666668,0,1,車両相互
2023,33.144395833333334,130.40793916666667,0,1,人対車両
2023,33.14861111111111,130.48221388888888,0,1,車両相互
2023,33.092844722222225,130.45894666666666,0,2,車両相互
2023,33.164409166666665,130.38702444444445,0,1,車両相互
2023,33.099675833333336,130.4568013888889,0,1,車両相互
2023,33.15712305555555,130.4776838888889,0,1,車両相互
2023,33.15046944444444,130.42189805555554,0,1,車両相互
2023,33.13384055555556,130.4680775,0,1,車両相互
2022,33.15137333333333,130.47098833333334,0,2,車両相互
2023,33.15878611111111,130.48073861111112,0,1,車両相互
2023,33.14181972222222,130.4007672222222,0,1,車両相互
2023,33.16661527777778,130.4229947222222,0,2,車両相互
2022,33.16045833333333,130.48452555555554,0,1,車両相互
2023,33.098623333333336,130.45841777777775,0,1,車両相互
2023,33.157919444444445,130.41756777777778,0,1,車両相互
2023,33.166046944444446,130.45198166666665,0,1,車両相互
2023,33.17117638888889,130.46830777777777,0,3,車両相互
2023,33.17373416666666,130.40436972222224,0,3,車両相互
2023,33.15832222222222,130.41259472222222,0,1,人対車両
2023,33.16771222222222,130.4295036111111,0,1,車両相互
2022,33.164362777777775,130.3870122222222,0,3,車両相互
2023,33.189500555555554,130.41983666666667,0,1,車両相互
2023,33.17286694444444,130.4159077777778,0,1,車両相互
2023,33.161182499999995,130.40384583333335,0,1,車両相互
2023,33.11314055555556,130.46140027777776,0,1,車両相互
2023,33.179768055555556,130.4166563888889,0,1,人対車両
2023,33.15138833333333,130.4709825,0,1,車両相互
2023,33.17687305555555,130.40524722222221,0,2,車両相互
2023,33.152142777777776,130.47594083333334,0,1,車両相互
2023,33.178732499999995,130.41806833333334,0,1,車両相互
2023,33.0826525,130.43282805555555,0,1,車両相互
2023,33.16463777777778,130.40677722222222,0,1,車両相互
2023,33.02381666666667,130.43588916666667,0,1,車両相互
2023,33.00639527777778,130.43842944444444,0,1,車両相互
2023,33.02449583333333,130.43297694444445,0,2,車両相互
2023,33.00800861111111,130.43266194444445,0,1,車両相互
2023,33.045254166666666,130.4582213888889,0,2,車両相互
2023,33.03214916666666,130.4480311111111,0,1,車両相互
2023,33.03496277777778,130.4487275,0,1,車両相互
2023,33.05705694444444,130.4444102777778,0,1,車両相互
2023,33.038826944444445,130.46325277777777,0,1,車両相互
2022,33.06817916666667,130.48070777777778,0,1,車両相互
2022,33.07421666666667,130.47392194444444,0,1,車両相互
2022,33.039766666666665,130.45855083333333,0,1,車両相互
2022,33.035425555555555,130.4787611111111,0,1,人対車両
2022,33.01839833333333,130.46294638888887,0,1,車両相互
2022,33.06144388888889,130.46688722222223,0,2,車両相互
2022,33.071982500000004,130.49547583333333,0,1,車両相互
2022,33.006724166666665,130.4286625,0,1,車両相互
2022,33.06184972222222,130.467075,0,1,車両相互
2022,33.004797777777775,130.4445213888889,0,2,車両相互
2022,33.0194775,130.44058805555557,0,1,車両相互
2022,33.038603888888886,130.44179583333334,0,1,車両相互
2023,33.076884444444445,130.46399388888887,0,2,車両相互
2023,33.03381638888889,130.4432011111111,0,1,車両相互
2023,33.03229555555556,130.45242444444443,0,1,車両相互
2023,33.061366944444444,130.45966083333332,0,2,車両相互
2023,33.045693888888884,130.45859638888888,0,1,車両相互
2023,33.006214166666666,130.4384075,0,1,車両相互
2023,33.03038027777777,130.44081416666668,0,2,車両相互
2023,33.30525972222222,130.1934038888889,0,2,車両相互
2023,33.352362222222226,130.384955,0,4,車両相互
2023,33.28644416666666,130.15362444444446,0,2,車両相互
2023,33.31816027777778,130.36633833333332,0,1,車両相互
2023,33.267695555555555,130.3609463888889,0,1,車両相互
2023,33.31534111111111,130.37800166666668,0,1,車両相互
2023,33.3322925,130.4140688888889,0,1,車両相互
2023,33.37589166666667,130.40431222222222,0,3,車両相互
2023,33.32418944444445,130.39181666666667,0,1,車両相互
2023,33.27504,130.37406833333335,0,1,車両相互
2023,33.31412972222222,130.37635944444446,0,1,車両相互
2023,33.375931944444446,130.30928444444444,0,2,車両相互
2023,33.3222425,130.39135861111112,0,1,車両相互
2023,33.30684861111111,130.36394027777777,0,2,車両相互
2023,33.323908055555556,130.39959888888887,0,1,車両相互
2023,33.34063916666667,130.3678925,0,1,車両相互
2023,33.268660555555556,130.3836086111111,0,4,車両相互
2023,33.31531305555555,130.37469805555557,0,1,車両相互
2023,33.30504222222222,130.37781055555556,0,1,車両相互
2023,33.29917805555555,130.3632736111111,0,1,車両相互
2023,33.31422361111111,130.3764188888889,0,1,車両相互
2023,33.32947222222223,130.40236805555557,0,1,車両相互
2023,33.312306111111106,130.37410972222224,0,1,人対車両
2023,33.308275277777774,130.37069083333333,0,1,車両相互
2023,33.32526111111112,130.39199472222222,0,1,車両相互
2023,33.30932555555555,130.37603055555556,0,1,車両相互
2023,33.37259777777778,130.49870638888888,0,3,車両相互
2023,33.37817444444445,130.4955961111111,0,1,車両相互
2023,33.38502972222222,130.4995836111111,0,1,車両相互
2023,33.32879166666667,130.47262333333333,0,1,車両相互
2023,33.367712222222224,130.4777225,0,1,車両相互
2023,33.34270138888889,130.44016277777777,0,2,車両相互
2023,33.35161166666667,130.44577472222224,0,1,人対車両
2023,33.3555675,130.49031722222222,0,1,車両相互
2023,33.33744166666667,130.48099083333332,0,1,車両相互
2023,33.31770416666667,130.41826999999998,0,1,車両相互
2023,33.33560805555556,130.41878166666666,0,1,車両相互
2023,33.29507527777778,130.4309361111111,0,2,車両相互
2023,33.29754055555556,130.4439513888889,0,1,人対車両
2023,33.31604027777777,130.48572416666664,0,1,車両相互
2023,33.33296,130.45972166666667,0,1,車両相互
2023,33.372121944444444,130.48082194444444,0,1,車両相互
2023,33.36116833333333,130.45411027777777,0,1,車両相互
2023,33.36524861111111,130.4665261111111,0,1,車両相互
2023,33.353662222222226,130.47266666666667,0,1,車両相互
2023,33.27981638888889,130.2259475,0,1,車両相互
2023,33.28633527777777,130.19887861111113,0,1,車両相互
2023,33.275185,130.2160625,0,1,車両相互
2023,33.2626975,130.23144916666666,0,1,車両相互
2023,33.25295222222222,130.1960877777778,0,1,車両相互
2023,33.2798,130.22597305555556,0,1,車両相互
2023,33.28902444444444,130.10183,0,1,車両相互
2023,33.28850611111111,130.22101916666668,0,3,車両相互
2023,33.28538138888889,130.1123561111111,0,1,車両相互
2023,33.24736527777778,130.19373861111112,0,5,車両相互
2023,33.23874638888889,130.21194305555554,0,1,車両相互
2023,33.22314888888889,130.18433000000002,0,1,車両相互
2023,33.261338333333335,130.22328694444445,0,1,車両相互
2023,33.22161333333334,130.1973888888889,0,1,車両相互
2023,33.401451944444446,129.97428611111113,0,1,車両相互
2023,33.43892333333333,130.0180263888889,0,2,車両相互
2023,33.40081194444444,129.96329,0,1,車両相互
2023,33.45370055555556,129.9672363888889,0,1,人対車両
2023,33.43073111111111,129.9823336111111,0,1,人対車両
2023,33.42455833333333,129.98720777777777,0,1,車両単独
2023,33.466413611111115,129.95787527777776,0,1,車両相互
2023,33.431483888888884,129.98133416666667,0,1,車両相互
2023,33.42582055555555,129.98634444444443,0,1,人対車両
2023,33.43810694444444,129.94995944444446,0,1,車両相互
2023,33.430346944444445,129.98937444444442,0,1,車両相互
2023,33.444333888888885,130.00044472222223,0,2,車両相互
2023,33.45337222222223,130.05163333333334,0,1,人対車両
2023,33.39772111111111,130.03719083333334,0,1,車両相互
2023,33.32328972222223,130.05872916666667,0,1,車両相互
2023,33.43886527777777,129.95083055555554,0,1,車両相互
2023,33.443890555555555,130.013985,0,1,車両相互
2023,33.435203888888886,130.00633527777777,0,2,車両相互
2023,33.44412333333333,130.11798777777778,0,1,車両相互
2023,33.43562,130.01047166666666,0,2,車両相互
2023,33.430568611111106,129.98941333333332,0,1,車両相互
2023,33.50462916666667,129.91539944444446,0,1,車両相互
2023,33.398513333333334,129.97730583333333,0,1,車両相互
2023,33.413713888888886,129.85751055555556,0,2,車両相互
2023,33.434644166666665,130.00059055555556,0,1,車両相互
2023,33.43375805555555,129.98813388888888,0,2,車両相互
2023,33.40641861111111,129.93707944444444,0,1,車両相互
2023,33.432338611111106,130.0200413888889,0,1,車両相互
2023,33.45306472222222,129.96964944444446,0,1,車両相互
2023,33.4227425,129.98722666666666,0,2,車両相互
2023,33.444736666666664,130.0331216666667,0,1,車両相互
2023,33.430347777777776,129.98863638888886,0,2,車両相互
2023,33.44262944444444,129.9709161111111,0,3,車両相互
2023,33.4429825,129.95951777777776,0,2,車両相互
2023,33.27720361111111,129.87698555555556,0,1,車両相互
2023,33.28017527777778,129.8440538888889,0,1,車両相互
2023,33.18619194444444,129.86778194444446,0,1,車両相互
2023,33.275715,129.87668055555557,0,1,車両相互
2023,33.311415,129.811575,0,1,車両相互
2023,33.260345,129.9314822222222,0,2,車両相互
2023,33.27010583333333,129.85599722222221,0,1,車両相互
2023,33.27673361111111,129.81864194444444,0,1,車両相互
2023,33.31432083333333,129.84184694444446,0,3,車両相互
2023,33.32270194444445,129.84233444444445,0,1,車両相互
2023,33.29462861111111,129.82815527777777,0,1,車両相互
2023,33.181579166666666,129.87902916666667,0,1,車両相互
2023,33.263573055555554,129.9087786111111,0,1,車両相互
2023,33.30046027777777,129.82353944444444,0,1,車両相互
2023,33.2452975,129.85130527777778,0,4,車両相互
2023,33.189301666666665,129.8618486111111,0,1,車両相互
2023,33.18886388888888,129.91000333333335,0,1,車両相互
2023,33.23874638888889,129.85082194444445,0,1,車両相互
2023,33.213631944444444,129.84989972222223,0,1,車両相互
2023,33.26537138888889,129.8680513888889,0,1,車両相互
2023,33.30698083333333,129.8145013888889,0,3,車両相互
2023,33.27318861111111,129.87916,0,1,車両相互
2023,33.363504444444445,129.8580336111111,0,2,車両相互
2023,33.21527888888889,130.09184416666668,0,2,車両相互
2023,33.18707388888888,129.9867522222222,0,1,車両相互
2023,33.20868361111111,130.02782861111112,0,1,車両相互
2023,33.19205083333333,130.02417416666668,0,3,車両相互
2023,33.195972777777776,129.96028805555554,0,1,車両相互
2023,33.19211083333333,130.02023916666667,0,1,車両相互
2023,33.202873611111116,130.03304111111112,0,1,車両相互
2023,33.213728055555556,130.05105555555556,0,2,車両相互
2023,33.19597333333333,129.96028833333332,0,1,車両相互
2023,33.18763055555555,130.0031238888889,0,1,車両単独
2023,33.210547500000004,130.04497305555554,0,1,車両相互
2023,33.21471916666667,130.03934638888887,0,1,車両相互
2023,33.19790222222222,130.02753944444447,0,1,車両相互
2023,33.20155305555556,130.0243802777778,0,1,車両相互
2023,33.191215,130.03486194444443,0,2,車両相互
2023,33.19336333333333,130.0269763888889,0,1,車両相互
2023,33.237947222222225,130.01193944444444,0,1,車両相互
2023,33.21931111111111,130.14388888888888,0,2,車両相互
2023,33.21688777777778,130.13416305555555,0,1,車両相互
2023,33.21268027777778,130.1197288888889,0,1,車両相互
2023,33.21944055555556,130.1442836111111,0,2,車両相互
2023,33.13901722222222,130.1220727777778,0,2,車両相互
2023,33.14795222222222,130.1227713888889,0,1,車両相互
2023,33.22403638888889,130.1748213888889,0,2,車両相互
2023,33.17891583333333,130.13924805555556,0,1,車両相互
2023,33.18670888888889,130.13905138888887,0,1,車両相互
2023,33.13379583333333,130.11201555555556,0,1,車両相互
2023,33.21411194444445,130.12611805555557,0,1,車両相互
2023,33.18140888888889,130.18946194444445,0,3,車両相互
2023,33.21553611111111,130.1288827777778,0,1,車両相互
2023,33.052436666666665,130.16585333333333,0,2,車両相互
2023,33.087360555555556,130.1189727777778,0,1,車両相互
2023,33.100115555555554,129.99771249999998,0,1,車両相互
2023,33.09844861111112,130.04905277777777,0,1,車両相互
2023,33.130945555555556,130.107215,0,2,車両相互
2023,33.10018888888889,130.07998305555554,0,1,車両相互
2023,33.1118825,130.08745027777778,0,1,人対車両
2023,33.110593333333334,130.09592861111113,0,1,人対車両
2023,33.09527555555556,130.11290166666666,0,1,車両単独
2023,33.09613083333333,130.10294083333332,0,1,車両相互
2023,33.25024138888889,130.31954166666665,0,1,車両相互
2023,33.242380833333335,130.31307972222223,0,1,車両相互
2023,33.17496083333333,130.3114825,0,2,車両相互
2023,33.254354722222224,130.3167261111111,0,1,車両相互
2023,33.24722027777778,130.28508027777778,0,1,車両相互
2023,33.249343055555556,130.2379022222222,0,2,車両相互
2023,33.2596475,130.29567138888888,0,1,車両相互
2023,33.228700555555555,130.34005861111112,0,1,車両相互
2023,33.25141222222222,130.3576138888889,0,1,車両相互
2023,33.238170833333335,130.3018725,0,1,車両相互
2023,33.24700833333333,130.23768083333331,0,2,車両相互
2023,33.22004805555556,130.2461463888889,0,1,車両相互
2023,33.227873888888894,130.29122916666665,0,1,車両相互
2023,33.25103305555555,130.30200972222224,0,1,車両相互
2023,33.227110833333334,130.3130963888889,0,1,車両相互
2023,33.181385,130.27460194444447,0,1,車両相互
2023,33.21120944444445,130.28807138888888,0,3,車両単独
2023,33.21954055555556,130.2532736111111,0,1,車両相互
2023,33.25332138888889,130.32209972222222,0,2,車両相互
2023,33.241507222222225,130.3165786111111,0,1,車両相互
2023,33.24921138888889,130.3065838888889,0,1,車両相互
2023,33.23993527777778,130.30132444444445,0,1,車両相互
2023,33.23077611111111,130.3352211111111,0,1,車両相互
2023,33.24582638888889,130.31936472222222,0,1,車両相互
2023,33.256169722222225,130.2717575,0,1,車両相互
2023,33.251583333333336,130.30742333333333,0,1,車両相互
2023,33.254977777777775,130.2927736111111,0,1,車両相互
2023,33.253213611111114,130.31248305555556,0,1,車両相互
2023,33.24907416666667,130.2979797222222,0,1,車両相互
2023,33.21212638888889,130.31052805555558,0,1,車両相互
2023,33.253618333333335,130.31261750000002,0,4,車両相互
2023,33.24945388888889,130.3134936111111,0,1,車両相互
2023,33.24583527777778,130.30117972222223,0,3,車両相互
2023,33.25685361111111,130.28039916666668,0,1,車両相互
2023,33.25576111111111,130.26527638888888,0,1,車両相互
2023,33.24794388888889,130.28542583333333,0,1,車両相互
2023,33.21503666666667,130.2931975,0,1,車両相互
2023,33.2228775,130.35822916666666,0,1,車両相互
2023,33.20417833333334,130.33518361111112,0,1,車両相互
2023,33.24920027777778,130.2877186111111,0,1,車両相互
2023,33.240095000000004,130.28122194444447,0,1,車両相互
2023,33.25265,130.3100227777778,0,1,車両相互
2023,33.23963277777778,130.29102444444445,0,1,車両相互
2023,33.24346388888889,130.25935444444445,0,1,車両相互
2023,33.2397275,130.29433583333332,0,1,車両相互
2023,33.26485805555556,130.29764,0,1,車両相互
2023,33.266661666666664,130.27180611111112,0,3,車両相互
2023,33.30246444444444,130.29689805555554,0,1,車両相互
2023,33.31028527777777,130.27703555555556,0,3,車両相互
2023,33.309220277777776,130.27617055555558,0,1,車両相互
2023,33.26206416666667,130.27710083333335,0,1,車両相互
2023,33.27526805555556,130.31000555555556,0,1,車両相互
2023,33.27571277777778,130.30604666666667,0,1,車両相互
2023,33.26539722222222,130.28603027777777,0,1,車両相互
2023,33.27685111111111,130.30650722222222,0,1,車両相互
2023,33.28046,130.28583083333334,0,2,車両相互
2023,33.275616666666664,130.30150222222224,0,1,人対車両
2023,33.26495638888889,130.27204861111113,0,4,車両相互
2023,33.262656666666665,130.3017066666667,0,1,車両相互
2023,33.27753694444444,130.29291361111112,0,1,車両相互
2023,33.266577222222224,130.25488305555555,0,1,車両相互
2023,33.27016,130.3100263888889,0,1,車両相互
2023,33.272776944444445,130.27893305555557,0,1,車両相互
2023,33.27420055555555,130.2913761111111,0,1,車両相互
2023,33.3054175,130.2831375,0,1,車両相互
2023,33.27598583333333,130.3050025,0,1,車両相互
2023,33.272800555555555,130.287465,0,1,人対車両
2023,33.262283333333336,130.2933747222222,0,1,車両相互
2023,33.28917138888889,130.2682677777778,0,1,車両相互
2023,33.272711666666666,130.27751083333334,0,1,車両相互
2023,33.27473472222222,130.3054275,0,1,車両相互
2023,33.40838888888889,130.21649333333332,0,2,車両相互
2023,33.27229166666667,130.27366666666668,0,1,車両相互
2023,33.293525277777775,130.2871825,0,1,車両相互
2023,33.277115,130.3119325,0,2,車両相互
2023,33.284685277777776,130.33568944444445,0,1,車両相互
2023,33.276375277777774,130.3049688888889,0,1,車両相互
2023,33.30896694444444,130.26435722222223,0,3,車両相互
2023,33.29314722222222,130.28502194444445,0,1,車両相互
2023,33.277724166666665,130.29906055555554,0,1,車両相互
2023,33.27300361111111,130.28158472222225,0,2,車両相互
2023,33.264875277777776,130.29740611111112,0,2,車両相互
2023,33.26468694444444,130.2819138888889,0,1,人対車両
2023,33.272378055555556,130.2751575,0,1,車両相互
2023,33.27352,130.29392944444444,0,3,車両相互
2023,33.265029444444444,130.29771722222222,0,1,車両相互
2023,33.260667222222224,130.2727563888889,0,1,車両相互
2023,33.299575555555556,130.29738472222223,0,1,車両相互
2023,33.2977375,130.28147166666668,0,2,車両相互
2023,33.282916944444445,130.2919163888889,0,1,車両相互
2023,33.319093055555555,130.27497222222223,0,1,車両相互
2023,33.27567277777778,130.3050861111111,0,1,車両相互
2023,33.30694722222222,130.2641438888889,0,1,車両相互
2023,33.275173055555555,130.27419916666668,0,1,車両相互
2023,33.31366361111111,130.27574222222225,0,2,車両相互
2023,33.26626861111111,130.29172722222222,0,1,人対車両
2023,33.30791416666666,130.25334444444445,0,1,車両相互
2023,33.267675277777776,130.30086416666668,0,1,車両相互
2023,33.273114722222225,130.28302583333334,0,2,車両相互
2023,33.28080361111111,130.2921325,0,1,車両相互
2023,33.3110575,130.2761538888889,0,3,車両相互
2023,33.27437166666667,130.29425416666666,0,1,車両相互
2023,33.272617499999996,130.31014416666667,0,1,車両相互
2023,33.27715333333333,130.31651472222222,0,1,車両相互
2023,33.39181,130.214115,0,1,車両相互
2023,33.26882166666667,130.3011963888889,1,0,人対車両
2023,33.15609361111111,129.92328805555556,0,3,車両相互
2023,32.75907361111111,129.93089833333332,0,4,車両相互
2023,32.7459025,129.87933333333334,0,1,車両相互
2023,32.7457275,129.87237166666668,0,1,車両相互
2023,32.762298333333334,129.95065138888887,0,1,車両相互
2023,32.74216916666667,129.85310944444444,0,1,車両相互
2023,32.74111694444444,129.87923944444447,0,1,車両相互
2023,32.74892194444445,129.8723788888889,0,1,車両相互
2023,32.804312499999995,129.96312083333333,0,1,車両相互
2023,32.73056166666667,129.84121416666667,0,1,車両相互
2023,32.7608175,129.9469897222222,0,1,車両相互
2023,32.7422275,129.88032305555555,0,1,車両相互
2023,32.75904083333333,129.93109194444443,0,2,車両相互
2023,32.76063,129.94793444444446,0,1,人対車両
2023,32.76546444444445,129.9412227777778,0,1,車両相互
2023,32.73558583333333,129.8512622222222,0,1,車両相互
2023,32.80770722222222,129.9653561111111,0,1,車両相互
2023,32.75197305555555,129.8831352777778,0,1,車両相互
2023,32.805305555555556,129.96371638888888,0,1,人対車両
2023,32.75884527777778,129.94272833333335,0,1,車両相互
2023,32.77321166666667,129.94237944444444,0,1,車両相互
2023,32.74659388888889,129.87858166666666,0,1,人対車両
2023,32.750387777777775,129.8816663888889,0,1,車両相互
2023,32.7483425,129.8797013888889,0,4,車両相互
2023,32.75362972222222,129.8708413888889,0,1,車両相互
2023,32.757625833333336,129.8866386111111,0,1,車両相互
2023,32.752473611111114,129.88411194444444,0,1,車両相互
2023,32.75740833333333,129.86611333333332,0,1,車両相互
2023,32.76396694444445,129.86100333333331,0,1,車両相互
2023,32.75264277777778,129.87193444444446,0,1,車両相互
2023,32.69971944444444,129.84901611111113,0,2,車両相互
2023,32.73865583333333,129.87128,0,1,車両相互
2023,32.68506583333333,129.8442013888889,0,2,車両相互
2023,32.70126638888889,129.84726805555556,0,1,車両相互
2023,32.73011277777778,129.86358638888888,0,2,車両相互
2023,32.720216944444445,129.86761194444446,0,1,車両相互
2023,32.695567222222216,129.84790944444444,0,1,車両相互
2023,32.70963166666667,129.8509825,0,1,車両相互
2023,32.71445611111111,129.86249,0,1,車両相互
2023,32.63549888888889,129.79958944444445,0,3,車両相互
2023,32.72087861111111,129.8558913888889,0,1,車両相互
2023,32.67339666666666,129.81976388888887,0,1,車両相互
2023,32.68649666666666,129.82241861111112,0,3,車両相互
2023,32.77384861111111,129.8625747222222,0,1,車両相互
2023,32.78449027777778,129.85810722222223,0,1,車両相互
2023,32.78296972222222,129.8708138888889,0,1,車両相互
2023,32.77183472222222,129.84637833333335,0,1,車両相互
2023,32.80054111111111,129.84683944444444,0,1,車両相互
2023,32.786345555555556,129.88854777777777,0,1,車両相互
2023,32.76669833333333,129.8642008333333,1,0,人対車両
2023,32.78348611111111,129.86468888888888,0,1,車両相互
2023,32.78694611111111,129.87108722222223,0,1,車両相互
2023,32.78257388888889,129.86710916666667,0,1,車両相互
2023,32.80784444444444,129.83655944444445,0,1,人対車両
2023,32.813669166666664,129.8369913888889,0,1,車両相互
2023,32.781261388888886,129.86115666666666,0,1,車両相互
2023,32.76734,129.86406722222222,0,1,車両相互
2023,32.79198638888889,129.8820663888889,0,1,車両相互
2023,32.768749444444445,129.862325,0,1,車両相互
2023,32.793434999999995,129.8762488888889,0,1,車両相互
2023,32.78998416666666,129.8622386111111,0,1,車両相互
2023,32.806331666666665,129.83759305555557,0,1,人対車両
2023,32.80463222222222,129.85084166666667,0,3,車両相互
2023,32.80704222222222,129.84599,0,1,車両相互
2023,32.76730361111111,129.86374444444445,0,1,人対車両
2023,32.779559444444445,129.86207777777778,0,2,車両相互
2023,32.89766,129.78085000000002,0,1,車両相互
2023,32.84188,129.87065222222222,0,2,車両相互
2023,32.855041666666665,129.78358916666667,0,1,車両相互
2023,32.82338222222223,129.74938388888887,0,1,車両相互
2023,32.83507305555556,129.83955333333336,0,1,車両相互
2023,32.83281138888889,129.89987805555555,0,2,車両相互
2023,32.82407111111112,129.84818694444445,0,1,車両相互
2023,32.84341138888889,129.83562972222222,0,1,車両相互
2023,32.821848333333335,129.8485102777778,0,1,車両相互
2023,32.839308055555556,129.83784,0,1,車両相互
2023,32.861608333333336,129.72888083333333,0,2,車両相互
2023,32.81315583333333,129.84549583333333,0,1,車両相互
2023,32.80993611111111,129.87154416666667,0,1,人対車両
2023,32.825073611111115,129.8738727777778,0,1,車両相互
2023,32.83564944444445,129.7041325,0,1,車両相互
2023,32.820324444444445,129.83560861111113,0,2,車両相互
2023,32.82627277777778,129.78401055555554,0,1,車両相互
2023,32.82298472222222,129.872645,0,1,人対車両
2023,32.82969777777778,129.79228111111112,0,1,車両相互
2023,33.040344166666664,129.65301055555557,0,1,車両相互
2023,32.99193777777778,129.76179333333334,0,1,車両相互
2023,33.04978972222222,129.72955,0,1,車両相互
2023,32.82975972222223,129.99915277777777,0,1,車両相互
2023,32.837314444444445,130.0130613888889,0,2,車両相互
2023,32.84919027777778,130.03902833333333,0,1,車両相互
2023,32.881239722222226,130.01929777777778,0,1,車両相互
2023,32.82730111111111,129.98021666666668,0,1,車両相互
2023,32.85022,130.09103583333334,0,1,車両相互
2023,32.86490583333333,130.036415,0,1,車両相互
2023,32.84443,130.05658305555556,0,1,車両相互
2023,32.83538361111111,130.09216694444444,0,5,車両相互
2023,32.8344575,130.11298499999998,0,1,車両相互
2023,32.83754944444445,130.08385111111113,0,1,車両相互
2023,32.77992888888889,130.02313055555558,0,2,車両相互
2023,32.82978444444445,129.98116222222222,0,1,人対車両
2023,32.779203055555556,129.99964694444444,0,2,車両相互
2023,32.847862222222226,130.04128305555557,0,2,車両相互
2023,32.84286527777778,130.0512877777778,0,3,車両相互
2023,32.84117444444445,130.03209611111112,0,1,車両相互
2023,32.849180833333335,130.04560527777778,0,1,車両相互
2023,32.797381944444446,130.09137305555558,0,2,車両相互
2023,32.83256416666667,130.04993972222223,0,1,車両相互
2023,32.85046388888889,130.0659977777778,0,1,車両相互
2023,32.7800425,130.01592194444444,0,1,車両相互
2023,32.85298,130.03145722222223,0,1,車両相互
2023,32.8614875,130.03245111111113,0,2,車両相互
2023,32.81278388888889,129.9641697222222,0,1,車両相互
2023,32.83717722222222,130.00923194444445,0,1,車両相互
2023,32.8123125,130.35848916666666,0,1,車両相互
2023,32.78530444444444,130.36881305555556,0,1,車両相互
2023,32.75588694444444,130.36107611111112,0,2,車両相互
2023,32.80248388888889,130.36369638888888,0,2,車両相互
2023,32.783341111111106,130.36809861111112,0,1,車両相互
2023,32.84502472222223,130.31268,0,1,車両相互
2023,32.81115777777777,130.35920694444445,0,2,車両相互
2023,32.782672222222224,130.37327555555555,0,2,車両相互
2023,32.843628611111114,130.34418166666669,0,1,車両相互
2023,32.785307499999995,130.3677388888889,0,1,車両相互
2023,32.67131666666666,130.33804333333333,0,1,車両相互
2023,32.66603638888889,130.30379444444446,0,1,車両相互
2023,32.663314166666666,130.31404861111113,0,2,車両相互
2023,32.85354916666667,130.2459297222222,0,1,車両相互
2023,32.785539444444446,130.2000286111111,0,1,車両相互
2023,32.853093333333334,130.2099947222222,0,1,車両相互
2023,32.87546138888889,130.28279666666668,0,2,車両相互
2023,32.83669555555556,130.21344472222222,0,4,車両相互
2023,32.79780888888889,130.16387944444446,0,1,車両相互
2023,32.87390388888889,130.30713500000002,0,1,人対車両
2023,32.836225,130.21319666666665,0,1,車両相互
2023,32.93662333333333,129.9642436111111,0,1,車両相互
2023,32.8994675,129.95879777777776,0,1,人対車両
2023,32.90489972222222,129.96803527777777,0,1,車両相互
2023,32.921325277777775,129.9491863888889,0,1,車両相互
2023,32.89725194444444,129.97530472222223,0,1,車両相互
2023,32.9278325,129.94400166666668,0,1,車両相互
2023,32.91522111111111,129.94611111111112,0,1,人対車両
2023,32.93057444444444,129.9529738888889,0,1,車両相互
2023,32.89350388888889,129.97532083333334,0,2,車両相互
2023,32.93525333333333,129.9639897222222,0,1,車両相互
2023,32.927437499999996,129.95120916666664,0,1,車両相互
2023,32.933971111111106,129.9367452777778,0,1,車両相互
2023,32.92893972222222,129.947595,0,1,車両相互
2023,32.924391111111106,129.96450666666667,0,1,車両相互
2023,32.93510611111111,129.96039777777776,0,1,車両相互
2023,32.89107138888889,129.97329222222223,0,1,車両相互
2023,33.144461388888885,129.8920936111111,0,1,人対車両
2023,33.14986111111111,129.90082305555555,0,1,車両相互
2023,33.13742361111111,129.8718438888889,0,1,車両相互
2023,33.070592500000004,129.85907055555555,0,1,車両相互
2023,33.11485638888889,129.8232013888889,0,1,車両相互
2023,33.13796361111111,129.8104238888889,0,1,人対車両
2023,33.14840111111111,129.7821038888889,0,1,車両相互
2023,33.12023666666667,129.79798027777778,0,1,車両相互
2023,33.1242325,129.79989527777778,0,2,車両相互
2023,33.14907111111111,129.83198666666667,0,2,車両相互
2023,33.137546388888886,129.79624277777776,0,1,人対車両
2023,33.091605,129.7968461111111,0,2,車両相互
2023,33.14825888888889,129.78111555555557,0,4,車両相互
2023,33.1270525,129.79576277777778,0,2,車両相互
2023,33.12784138888889,129.7922875,0,1,車両相互
2023,33.15672111111111,129.78076305555558,0,2,車両単独
2023,33.15467583333333,129.77234694444445,0,1,車両相互
2023,33.13930416666667,129.79252083333333,0,1,車両相互
2023,33.15514972222222,129.77146000000002,0,1,車両相互
2023,33.16305527777778,129.72798083333333,0,1,車両相互
2023,33.160939166666665,129.74376138888888,0,1,車両相互
2023,33.206471111111114,129.72393027777778,0,1,車両相互
2023,33.20667916666667,129.72586722222223,0,1,車両相互
2023,33.209985555555555,129.7454836111111,0,1,車両相互
2023,33.16981916666666,129.73149194444446,0,1,車両相互
2023,33.1694775,129.723485,0,1,車両相互
2023,33.209631944444446,129.72491333333335,0,1,車両相互
2023,33.20005694444445,129.72845555555557,0,1,車両相互
2023,33.161295555555554,129.73076194444445,0,2,人対車両
2023,33.16084277777777,129.73119027777778,1,0,人対車両
2023,33.20626916666667,129.722925,0,1,車両相互
2023,33.16748611111111,129.70706638888888,0,1,車両相互
2023,33.156415833333334,129.7686538888889,0,1,車両相互
2023,33.16358722222222,129.72777277777777,0,1,車両相互
2023,33.16356722222222,129.72548916666668,0,3,車両相互
2023,33.144933333333334,129.74170833333332,0,1,車両相互
2023,33.18647555555555,129.71872944444445,0,1,人対車両
2023,33.16439527777778,129.67992027777777,0,1,車両相互
2023,33.17050888888889,129.6769836111111,0,2,車両相互
2023,33.21115416666667,129.69779527777777,0,1,車両相互
2023,33.25577833333333,129.6604986111111,0,1,車両相互
2023,33.23758138888889,129.65143194444445,0,1,車両相互
2023,33.29465694444444,129.64228305555554,0,1,車両相互
2023,33.30448583333333,129.69746111111112,0,1,車両相互
2023,33.26808444444444,129.68462333333335,0,1,車両相互
2023,33.38553861111111,129.67468555555556,0,1,人対車両
2023,33.336018055555556,129.71049638888888,0,2,車両相互
2023,33.381661944444446,129.43054305555555,0,1,車両相互
2023,33.3519375,129.55011666666667,0,1,車両相互
2023,32.69218583333333,128.82792361111112,0,1,人対車両
2023,32.69285416666666,128.84094861111112,0,1,人対車両
2023,33.820593888888894,129.75415027777777,1,0,車両単独
2023,33.763240833333334,129.69612138888888,0,1,車両相互
2023,33.763504166666664,129.77439472222224,0,1,人対車両
2023,33.00195138888889,130.49050194444442,0,1,車両相互
2023,32.97660972222222,130.43797305555555,0,1,車両相互
2023,32.986980833333334,130.44944805555556,0,1,車両相互
2023,32.99704055555556,130.4796888888889,0,1,車両相互
2023,32.92856833333333,130.44399472222221,0,1,車両相互
2023,32.96480888888889,130.4386372222222,0,1,車両相互
2023,32.9891925,130.4349361111111,0,1,車両相互
2023,33.001914444444445,130.4384486111111,0,1,車両相互
2023,33.00160833333333,130.4379025,0,1,車両相互
2023,32.44463611111111,130.2026211111111,0,1,車両相互
2023,32.53684833333333,130.19150805555557,0,1,車両相互
2023,32.44790666666666,130.2059775,0,1,車両相互
2023,32.538871388888886,130.42329388888888,0,3,車両相互
2023,32.53440138888889,130.4227197222222,0,2,車両相互
2023,33.56500666666666,130.4638383333333,0,4,車両相互
2023,33.55674916666666,130.47253555555557,0,2,車両相互
2023,33.55577527777778,130.4732075,0,1,車両相互
2023,33.520089444444444,130.49558444444443,0,1,車両相互
2023,33.53107694444444,130.49591277777776,0,1,車両相互
2023,33.54724472222222,130.48217277777778,0,1,車両相互
2023,33.60308694444445,130.40950083333334,0,1,車両相互
2023,33.62992194444445,130.48712777777777,0,1,車両相互
2023,33.634795277777776,130.42340888888887,0,2,車両相互
2023,33.59995583333333,130.38676944444444,0,1,車両相互
2023,33.60492888888889,130.4090975,0,1,車両相互
2023,33.67919333333333,130.48459694444443,0,1,車両相互
2023,33.72027,130.48888722222222,0,1,車両相互
2023,33.57843722222223,130.37890694444445,0,1,車両相互
2023,33.58213527777778,130.4063075,0,1,車両相互
2022,33.59144777777778,130.36807777777778,0,1,車両相互
2023,33.59020916666667,130.39961194444444,0,2,車両相互
2023,33.5795675,130.4006486111111,0,1,車両相互
2023,33.583685,130.3866322222222,0,1,車両相互
2023,33.58426666666667,130.3904161111111,0,1,人対車両
2023,33.56835111111111,130.3776125,0,1,車両相互
2023,33.58661861111111,130.40139083333335,0,1,人対車両
2023,33.57868972222222,130.39254583333332,0,1,人対車両
2023,33.58820305555556,130.36648333333332,0,1,車両相互
2023,33.561416666666666,130.38912416666665,0,1,車両相互
2023,33.58166305555556,130.37458972222223,0,1,人対車両
2023,33.58249055555556,130.37342805555556,0,1,車両相互
2023,33.590473055555556,130.37261805555556,0,1,車両相互
2023,33.582037222222226,130.36698444444445,0,1,車両相互
2023,33.57750027777778,130.37733527777777,0,1,人対車両
2022,33.58738694444445,130.40006,0,2,車両相互
2023,33.591395000000006,130.38546138888887,0,1,車両相互
2023,33.58334027777778,130.38488555555554,0,1,車両相互
2023,33.5925475,130.38637055555554,0,1,車両相互
2023,33.566541388888886,130.37822305555557,0,1,人対車両
2023,33.59627555555556,130.3978811111111,0,2,車両相互
2023,33.59175833333334,130.385665,0,1,車両相互
2022,33.58788861111111,130.40072166666667,0,1,車両相互
2023,33.5924575,130.37831527777777,0,1,車両相互
2023,33.57843694444445,130.39431888888888,0,1,車両相互
2023,33.588433611111114,130.36706333333333,0,1,車両相互
2023,33.5674775,130.37765333333334,0,1,車両相互
2023,33.58175777777778,130.40174694444445,0,1,車両相互
2023,33.58170916666667,130.40691694444445,0,1,車両相互
2023,33.59269694444445,130.38689472222222,0,1,車両相互
2023,33.5850675,130.36792722222222,0,1,人対車両
2023,33.57845416666667,130.40551916666666,0,1,車両相互
2023,33.57942277777778,130.4083997222222,0,1,車両相互
2023,33.572163611111115,130.38683916666665,0,1,車両相互
2023,33.59249388888889,130.3997897222222,0,1,車両相互
2023,33.58287166666667,130.3731586111111,0,1,車両相互
2023,33.58481555555556,130.40125805555556,0,1,人対車両
2023,33.59601833333333,130.37912444444444,0,2,車両相互
2023,33.57816166666667,130.37839222222223,0,2,車両相互
2023,33.590496944444446,130.39572166666665,0,1,車両相互
2023,33.583042500000005,130.39641972222222,0,1,車両相互
2023,33.58600944444445,130.4030911111111,0,1,車両相互
2023,33.581813333333336,130.401375,0,1,車両相互
2023,33.577535277777784,130.377665,0,3,車両相互
2023,33.58856083333333,130.39601888888888,0,1,人対車両
2023,33.56311777777778,130.3780188888889,0,1,車両相互
2023,33.57930555555556,130.3931863888889,0,1,車両相互
2023,33.59435944444445,130.39326722222222,0,1,車両相互
2023,33.56608138888889,130.37626111111112,0,1,車両相互
2023,33.58391972222223,130.38682694444444,0,1,車両相互
2023,33.58323194444445,130.3685125,0,1,車両相互
2023,33.586176944444446,130.39060277777776,0,1,人対車両
2023,33.591369722222225,130.39540694444443,0,1,人対車両
2023,33.58158944444445,130.40702166666668,0,2,車両相互
2023,33.584831111111114,130.3978463888889,0,1,人対車両
2023,33.58912055555556,130.3962936111111,0,1,車両相互
2023,33.58377083333333,130.37458555555557,0,1,人対車両
2023,33.587493611111114,130.3910388888889,0,1,人対車両
2023,33.581810277777784,130.40099194444446,0,1,車両相互
2023,33.589893333333336,130.40537722222223,0,1,車両相互
2023,33.56805472222223,130.3803002777778,0,1,車両相互
2023,33.585723055555555,130.39506722222222,0,1,車両相互
2023,33.58637027777778,130.39713666666665,0,1,車両相互
2023,33.568263333333334,130.3793388888889,0,2,車両相互
2023,33.592758611111115,130.4004402777778,0,1,車両相互
2023,33.58533805555556,130.39378166666665,0,1,車両相互
2023,33.57871,130.40530611111112,0,1,車両相互
2023,33.56973277777778,130.39761305555555,0,1,車両相互
2023,33.592447500000006,130.39777972222223,0,1,人対車両
2023,33.57923,130.39831972222223,0,2,車両相互
2023,33.58166694444445,130.39717583333334,0,1,人対車両
2023,33.59016638888889,130.40606694444446,0,1,車両相互
2023,33.5897175,130.36514805555555,0,1,車両相互
2023,33.57719166666667,130.4005838888889,0,1,車両相互
2023,33.586959722222225,130.4031852777778,0,1,人対車両
2023,33.58224250000001,130.39671277777776,0,1,車両相互
2023,33.580290833333336,130.41216527777777,0,1,車両相互
2023,33.57732138888889,130.38886027777778,0,1,車両相互
2023,33.57642444444445,130.37455194444445,0,1,車両相互
2023,33.58081166666667,130.40766611111113,0,1,車両相互
2023,33.579732500000006,130.40025055555557,0,1,人対車両
2023,33.58986222222222,130.41007333333334,0,1,車両相互
2023,33.58336888888889,130.41166722222223,0,1,車両相互
2023,33.60083388888889,130.44862805555556,0,1,車両相互
2023,33.57729805555556,130.42378055555554,0,1,車両相互
2023,33.590361944444446,130.41314194444445,0,1,車両相互
2023,33.59946277777778,130.40818166666668,0,2,車両相互
2023,33.571245000000005,130.45593833333334,0,1,車両相互
2023,33.60284888888889,130.4042161111111,0,1,車両相互
2023,33.60541138888889,130.43755944444445,0,1,車両相互
2023,33.56482666666666,130.46334194444444,0,3,車両相互
2023,33.58630666666667,130.42094972222222,0,1,人対車両
2023,33.59270222222222,130.42633916666665,0,2,車両相互
2023,33.608137222222226,130.41039833333335,0,1,車両相互
2023,33.58587472222222,130.41597861111111,0,1,車両相互
2023,33.604951666666665,130.4256411111111,0,1,車両相互
2023,33.598399444444446,130.41754388888887,0,1,車両相互
2023,33.59194888888889,130.4091663888889,0,1,人対車両
2023,33.58873638888889,130.4133325,0,1,車両相互
2023,33.59135333333334,130.40896972222222,0,1,車両相互
2023,33.583895000000005,130.4127225,0,1,車両相互
2023,33.5873975,130.41827333333333,0,1,車両相互
2023,33.56025361111111,130.45935055555555,0,1,車両相互
2023,33.56539111111111,130.46280416666664,0,1,車両相互
2023,33.576083611111116,130.42024527777778,0,1,車両相互
2023,33.539564444444444,130.46439888888887,0,1,車両相互
2023,33.59394638888889,130.42488416666666,0,1,車両相互
2023,33.57047416666667,130.4381488888889,0,1,車両相互
2023,33.56406166666667,130.443395,0,1,車両相互
2023,33.57159138888889,130.43830055555557,0,1,人対車両
2023,33.55423472222222,130.4525036111111,0,1,車両相互
2023,33.59132277777778,130.42677333333333,0,1,車両相互
2023,33.592328055555555,130.4077286111111,0,1,人対車両
2023,33.55993194444444,130.46971527777777,0,1,車両相互
2023,33.59075861111111,130.4078175,0,1,車両相互
2023,33.57586361111112,130.43618694444444,0,1,車両相互
2023,33.58117138888889,130.42172194444444,0,1,車両相互
2023,33.579594444444446,130.47285555555555,0,2,車両相互
2023,33.56908944444445,130.45776277777776,0,1,車両相互
2023,33.587718888888894,130.42964666666666,0,1,車両相互
2023,33.59164888888889,130.40829,0,1,人対車両
2023,33.592445833333336,130.40809861111111,0,2,人対車両
2023,33.601661666666665,130.41060611111112,0,1,車両相互
2023,33.579255,130.43318833333333,0,1,車両相互
2023,33.60009277777778,130.43531694444445,0,1,人対車両
2023,33.564388055555554,130.46475388888888,0,2,車両相互
2023,33.58349805555556,130.42725638888888,0,1,人対車両
2023,33.573840000000004,130.43785666666668,0,1,車両相互
2023,33.609696666666665,130.41067944444444,0,2,車両相互
2022,33.55131083333333,130.45401638888887,0,1,人対車両
2023,33.57020388888889,130.45269277777777,0,1,車両相互
2023,33.58587333333334,130.43879416666667,0,1,人対車両
2023,33.590002500000004,130.42948527777776,0,1,車両相互
2023,33.60476555555556,130.4095002777778,0,1,車両相互
2023,33.60641694444445,130.43769055555555,0,1,車両相互
2023,33.59589388888889,130.42186388888888,0,1,車両相互
2023,33.56161972222222,130.4504386111111,0,1,車両相互
2023,33.58812555555556,130.41671138888887,0,1,人対車両
2023,33.598826111111116,130.4319708333333,0,1,車両相互
2023,33.55764361111111,130.4606597222222,0,1,車両相互
2023,33.59116083333333,130.43211333333332,0,2,車両相互
2023,33.56592472222222,130.46345694444443,0,1,車両相互
2023,33.59014944444445,130.4237286111111,0,1,人対車両
2023,33.58958416666667,130.41651944444445,0,1,車両相互
2023,33.58508722222223,130.4310636111111,0,1,車両相互
2023,33.560468888888884,130.4591375,0,1,車両相互
2023,33.59767388888889,130.4093041666667,0,1,車両相互
2023,33.54663111111111,130.4637772222222,0,1,車両相互
2023,33.596071388888895,130.4212122222222,0,1,車両相互
2023,33.59956638888889,130.43321749999998,0,1,車両相互
2023,33.58611583333334,130.43442694444445,0,1,車両相互
2023,33.57933333333334,130.42063,0,1,車両相互
2023,33.593698333333336,130.42453777777777,0,1,車両相互
2023,33.56356944444444,130.46709027777777,0,1,車両相互
2023,33.60383388888889,130.4058125,0,1,車両相互
2023,33.59688055555556,130.42897527777777,0,1,車両相互
2023,33.599918055555555,130.42059555555554,0,1,車両相互
2023,33.581250277777784,130.44256555555555,0,1,車両相互
2023,33.6063925,130.43341555555557,0,1,車両相互
2023,33.57975916666667,130.4198563888889,0,1,車両相互
2023,33.576121944444445,130.443725,0,1,車両相互
2023,33.58943722222222,130.42247138888888,0,1,車両相互
2023,33.59368611111111,130.41476722222222,0,1,人対車両
2023,33.57254972222223,130.42820583333332,0,1,車両相互
2023,33.58142138888889,130.44268694444446,0,1,車両相互
2023,33.58094388888889,130.41553555555555,0,1,車両相互
2023,33.60506138888889,130.42599388888888,0,1,車両相互
2023,33.587317500000005,130.4292986111111,0,1,車両相互
2023,33.55974944444444,130.45817194444444,0,2,車両相互
2023,33.5921425,130.40738277777777,0,1,人対車両
2023,33.604509166666666,130.410995,0,1,車両相互
2023,33.554515277777774,130.47451361111112,0,1,車両相互
2023,33.5787125,130.4722538888889,0,1,車両相互
2023,33.58745861111111,130.45463805555553,0,1,車両相互
2023,33.564545555555554,130.46403666666666,0,1,車両相互
2023,33.586244444444446,130.4151175,0,1,車両相互
2023,33.59397111111112,130.40608916666667,0,1,車両相互
2023,33.564212777777776,130.4414538888889,0,1,車両相互
2023,33.564811111111105,130.4432488888889,0,4,車両相互
2023,33.6036,130.42181138888887,0,1,車両相互
2023,33.57278361111111,130.44848833333333,0,2,車両相互
2023,33.58501305555556,130.41045333333335,0,1,車両相互
2023,33.56718222222223,130.43363888888888,0,1,車両相互
2023,33.580062222222224,130.4743813888889,0,1,車両相互
2023,33.59278611111112,130.40875583333334,0,1,車両相互
2023,33.543906388888885,130.46257305555554,0,1,車両相互
2023,33.596493888888894,130.41321972222224,0,1,人対車両
2023,33.54973555555556,130.4594111111111,0,1,車両相互
2023,33.59863638888889,130.40952722222224,0,1,車両相互
2023,33.54099861111111,130.46581555555554,0,1,車両相互
2023,33.59170916666667,130.40841555555556,0,1,人対車両
2023,33.59597638888889,130.43515222222223,0,2,車両相互
2023,33.59160805555556,130.41398083333334,0,1,車両相互
2023,33.6042375,130.4253986111111,0,1,車両相互
2023,33.59945527777778,130.44879833333334,0,2,車両相互
2023,33.58484555555556,130.4266233333333,0,1,車両相互
2023,33.54473,130.46173,0,1,車両単独
2023,33.69128027777777,130.42777805555554,0,1,車両相互
2023,33.67404277777778,130.44673,0,1,車両相互
2023,33.65499388888889,130.44523611111111,0,1,車両相互
2023,33.622104444444446,130.44322055555557,0,1,車両相互
2023,33.62970083333333,130.43524722222222,0,1,人対車両
2023,33.64834638888889,130.4386313888889,0,1,車両相互
2022,33.62050555555555,130.42680527777776,0,1,車両相互
2023,33.62186388888889,130.43842805555556,0,2,車両相互
2023,33.675371388888884,130.43494444444445,0,1,人対車両
2023,33.61783333333334,130.4388063888889,0,1,車両相互
2023,33.61960027777778,130.41797166666666,0,1,車両相互
2023,33.67675416666666,130.40385111111112,0,2,車両相互
2023,33.693707222222216,130.42534055555555,0,1,車両相互
2023,33.62644888888889,130.42990944444443,0,1,車両相互
2023,33.61754944444444,130.44269027777779,0,1,車両相互
2023,33.63567111111111,130.42071305555555,0,1,車両相互
2023,33.63151027777778,130.44043694444446,0,1,車両相互
2023,33.67798277777778,130.43814333333333,0,1,車両相互
2023,33.63758555555555,130.4260461111111,0,1,車両相互
2023,33.623866666666665,130.43942666666666,0,1,車両相互
2023,33.61457888888889,130.43860944444444,0,1,車両相互
2023,33.62341194444444,130.41495805555556,0,1,車両相互
2023,33.637838333333335,130.4613372222222,0,1,車両相互
2023,33.611249722222226,130.4283211111111,0,1,車両相互
2023,33.61150888888889,130.4390652777778,0,1,車両相互
2023,33.65535555555555,130.4309111111111,0,1,車両相互
2023,33.636160277777776,130.4245875,0,3,車両相互
2023,33.693326666666664,130.42363305555554,0,2,車両相互
2023,33.696059999999996,130.43946194444445,0,1,車両相互
2023,33.60766638888889,130.4403863888889,0,1,車両相互
2023,33.659459444444444,130.42702888888888,0,1,人対車両
2023,33.69579638888889,130.4380236111111,0,2,車両相互
2023,33.625620833333336,130.43675000000002,0,1,人対車両
2023,33.625189722222224,130.4395436111111,0,1,車両相互
2023,33.63276527777778,130.42362666666665,0,1,車両相互
2023,33.62314,130.43936,0,2,車両相互
2023,33.65506111111111,130.4578786111111,0,1,車両相互
2023,33.666779999999996,130.44158694444445,0,1,車両相互
2023,33.64734555555555,130.4355813888889,0,1,車両相互
2023,33.66770777777778,130.44211555555555,0,1,車両相互
2023,33.63881611111111,130.42603333333332,0,2,車両相互
2023,33.648376666666664,130.4414663888889,0,1,車両相互
2023,33.63491333333333,130.4919011111111,0,1,車両相互
2023,33.65569055555555,130.44214722222222,0,1,車両相互
2023,33.68595638888888,130.40840444444444,0,1,車両相互
2023,33.622285833333336,130.44230305555556,0,1,車両相互
2023,33.651125,130.4317597222222,0,1,車両相互
2023,33.64738916666666,130.44056194444445,0,2,車両相互
2023,33.66148361111111,130.40345222222223,0,1,車両相互
2023,33.61926722222222,130.41885722222221,0,1,車両相互
2023,33.64393777777778,130.46764916666666,0,1,車両相互
2023,33.63822972222222,130.4890722222222,0,1,車両相互
2023,33.62831444444444,130.44529805555555,0,1,車両相互
2023,33.64692083333333,130.42552055555555,0,3,車両相互
2023,33.62146638888889,130.44513305555557,0,1,車両相互
2023,33.62124638888889,130.42377805555554,0,1,車両相互
2023,33.67151888888888,130.4514872222222,0,3,車両相互
2023,33.68217111111111,130.43541972222224,0,1,車両相互
2023,33.67358333333333,130.44490416666667,0,1,車両相互
2023,33.63419777777778,130.42419666666666,0,1,車両相互
2023,33.65651277777778,130.42551,0,1,車両相互
2023,33.66663138888889,130.44329222222223,0,1,人対車両
2023,33.61660888888889,130.4312736111111,0,1,車両相互
2023,33.633829166666665,130.46251638888887,0,1,車両相互
2023,33.65071638888889,130.4395827777778,0,2,車両相互
2023,33.623892500000004,130.43963194444444,0,1,車両相互
2023,33.644176944444446,130.44101305555557,0,5,車両相互
2023,33.67278444444444,130.45232527777776,0,2,車両相互
2023,33.667856666666665,130.45034583333333,0,2,車両相互
2023,33.62674916666667,130.44187916666667,0,1,車両相互
2023,33.65522222222222,130.4308947222222,0,1,車両相互
2023,33.62242222222222,130.44187555555555,0,1,車両相互
2023,33.64734361111111,130.4354913888889,0,1,車両相互
2023,33.69228638888889,130.42615944444444,0,1,人対車両
2023,33.681731944444444,130.39612055555554,0,1,車両相互
2023,33.623175,130.4393863888889,0,1,車両相互
2023,33.65615694444444,130.43127583333333,0,1,車両相互
2023,33.67602972222222,130.43925416666667,0,1,車両相互
2023,33.688357499999995,130.4416738888889,0,1,人対車両
2023,33.69129638888889,130.4287038888889,0,1,車両相互
2023,33.622549444444445,130.43931694444444,0,5,車両相互
2023,33.641441944444445,130.47413666666668,0,1,車両相互
2023,33.656689166666666,130.43986805555556,0,2,車両相互
2023,33.62518722222222,130.42083444444444,0,1,車両相互
2023,33.673679444444446,130.4450302777778,0,1,車両相互
2023,33.63937694444444,130.47261138888888,0,1,車両相互
2023,33.630850833333334,130.44038666666668,0,1,車両相互
2023,33.685491111111105,130.40919055555557,0,1,車両相互
2023,33.6183725,130.43767472222223,0,1,車両相互
2023,33.631029444444444,130.44451944444444,0,1,車両相互
2023,33.68386194444444,130.40572972222222,0,1,車両相互
2023,33.699956111111106,130.43625583333335,0,1,車両相互
2023,33.66751083333333,130.4429825,0,1,人対車両
2023,33.625283611111115,130.4491025,0,1,車両相互
2023,33.62385416666667,130.43946472222223,0,1,車両相互
2023,33.61881277777778,130.42783083333333,0,1,車両相互
2023,33.66955861111111,130.44893444444446,0,1,車両相互
2023,33.55564,130.33224333333334,0,1,車両相互
2023,33.54612833333333,130.33414333333334,0,1,車両相互
2023,33.584985555555555,130.3619575,0,1,車両相互
2023,33.55282361111111,130.32870666666668,0,1,車両相互
2023,33.57418305555556,130.34458416666666,0,1,車両相互
2023,33.53355305555555,130.32522166666666,0,2,車両相互
2023,33.53893444444444,130.34567972222223,0,1,人対車両
2023,33.54756111111111,130.3348413888889,0,1,車両相互
2023,33.58423555555556,130.3607297222222,0,2,車両相互
2023,33.518765277777774,130.3355502777778,0,1,車両相互
2023,33.53617055555555,130.34315527777778,0,1,車両相互
2023,33.5444825,130.3461775,0,1,車両相互
2023,33.56194333333333,130.35361833333332,0,1,車両相互
2023,33.52782166666667,130.33863805555558,0,2,車両相互
2023,33.560319166666666,130.33489722222222,0,1,人対車両
2023,33.49364222222222,130.30992277777779,0,2,車両相互
2023,33.5703125,130.3565088888889,0,1,人対車両
2023,33.51774472222222,130.32660277777777,0,1,車両相互
2023,33.55305166666666,130.32966444444443,0,1,車両相互
2023,33.56016722222222,130.34100416666666,0,1,車両相互
2023,33.57049777777778,130.3567013888889,0,1,車両相互
2023,33.567459722222225,130.343105,0,1,人対車両
2023,33.54812583333333,130.34704333333335,0,1,車両相互
2023,33.538511111111106,130.34393666666668,0,1,人対車両
2023,33.54979833333333,130.33999,0,2,車両相互
2023,33.56290027777777,130.34276583333335,0,1,車両相互
2023,33.563923055555556,130.35432916666667,0,2,車両相互
2023,33.567013333333335,130.34186444444447,0,1,車両相互
2023,33.55601166666666,130.35095944444444,0,1,車両相互
2023,33.549100277777775,130.34246666666667,0,1,車両相互
2023,33.55332333333333,130.34974583333334,0,1,車両相互
2023,33.54891416666666,130.344775,0,1,車両相互
2023,33.58099722222222,130.3436413888889,0,1,車両相互
2023,33.52835694444445,130.32278055555554,0,1,車両相互
2023,33.575092222222224,130.33004777777776,0,1,車両単独
2023,33.562688333333334,130.34436694444446,0,1,車両相互
2023,33.55211666666666,130.34915555555557,0,1,車両相互
2023,33.56742777777778,130.34709194444446,0,1,車両相互
2023,33.567035833333335,130.344055,0,1,車両相互
2023,33.631861666666666,130.41481444444446,0,1,車両相互
2023,33.60248472222222,130.3994172222222,0,1,車両相互
2023,33.60311277777778,130.39904888888887,0,1,車両相互
2023,33.5612375,130.42077944444443,0,1,車両相互
2023,33.560114166666665,130.4273047222222,0,1,人対車両
2023,33.52777666666667,130.41004555555557,0,1,車両相互
2023,33.53867944444444,130.40010194444446,0,1,車両相互
2023,33.540865,130.39752083333332,0,1,車両相互
2023,33.547868333333334,130.4431275,0,2,車両相互
2023,33.55330555555555,130.4362011111111,0,2,車両相互
2023,33.531060833333335,130.43820916666667,0,1,車両相互
2023,33.5578675,130.41118805555556,0,2,車両相互
2023,33.55370138888889,130.39040583333332,0,1,車両相互
2023,33.55302805555555,130.4010625,0,2,車両相互
2023,33.56053083333333,130.4131991666667,0,6,車両相互
2023,33.556437777777774,130.42519388888888,0,1,車両相互
2023,33.55159611111111,130.44434583333333,0,1,人対車両
2023,33.53823833333333,130.42733833333332,0,3,車両相互
2023,33.549411666666664,130.43420333333333,0,1,車両相互
2023,33.55867,130.41136194444445,0,1,人対車両
2023,33.56863166666667,130.41827555555554,0,1,車両相互
2023,33.55701083333333,130.4104388888889,0,1,車両相互
2023,33.543526388888885,130.43365805555555,0,1,車両相互
2023,33.534839444444444,130.41786583333334,0,4,車両相互
2023,33.5435075,130.4065936111111,0,2,車両相互
2023,33.57173944444445,130.40828027777778,0,2,車両相互
2023,33.556284166666664,130.42899972222222,0,1,車両相互
2023,33.56224361111111,130.43412583333333,0,1,車両相互
2023,33.530473055555554,130.43465055555555,0,1,車両単独
2023,33.57132611111111,130.41572805555555,0,1,車両相互
2023,33.548181388888885,130.42195583333333,0,1,車両相互
2023,33.54089916666666,130.3978263888889,0,1,車両相互
2023,33.54966611111111,130.43394166666667,0,2,車両相互
2023,33.53899833333333,130.40156333333334,0,1,車両相互
2023,33.57622416666667,130.41425833333335,0,1,人対車両
2023,33.55518305555555,130.40771305555555,0,1,車両相互
2023,33.5380325,130.42379888888888,0,1,車両相互
2023,33.525236388888885,130.391765,0,1,車両相互
2023,33.549032777777775,130.44688861111112,0,1,車両相互
2023,33.55615611111111,130.4001025,0,1,車両相互
2023,33.551138888888886,130.4304547222222,0,1,車両相互
2023,33.554158888888885,130.42608805555554,0,1,車両相互
2023,33.53652527777778,130.43461222222223,0,1,人対車両
2023,33.54924527777778,130.44127222222224,0,1,車両相互
2023,33.532158055555556,130.42584722222222,0,1,車両相互
2023,33.55332027777777,130.3916086111111,0,1,車両相互
2023,33.55515722222222,130.43943305555555,0,1,車両相互
2023,33.552925277777774,130.3949936111111,0,1,車両相互
2023,33.536681944444446,130.3911097222222,0,1,車両相互
2023,33.56876416666667,130.42074499999998,0,1,車両相互
2023,33.56779916666667,130.41900333333334,0,1,車両相互
2023,33.55375027777777,130.43505916666666,0,1,車両相互
2023,33.56061805555555,130.42698916666666,0,1,車両相互
2023,33.57597833333334,130.41324500000002,0,1,車両相互
2023,33.558204999999994,130.41571194444444,0,1,車両相互
2023,33.55335944444444,130.38932499999999,0,1,車両相互
2023,33.544848333333334,130.39765833333334,0,1,車両相互
2023,33.54172972222222,130.4341386111111,0,1,車両相互
2023,33.55750138888889,130.4367636111111,0,1,車両相互
2023,33.531142777777774,130.40668083333333,0,1,車両相互
2023,33.53987583333333,130.4121925,0,1,車両相互
2023,33.53565555555555,130.39576805555555,0,1,車両相互
2023,33.54098916666666,130.39766388888887,0,1,車両相互
2023,33.54467388888889,130.39099777777778,0,1,車両相互
2023,33.53685861111111,130.40360444444445,0,1,人対車両
2023,33.54875444444444,130.44683777777777,0,1,車両相互
2023,33.57439083333334,130.41303222222223,0,1,車両相互
2023,33.55361055555555,130.39092083333333,0,1,車両相互
2023,33.57572583333334,130.4114702777778,0,1,車両相互
2023,33.53640194444444,130.4009127777778,0,1,人対車両
2023,33.55647444444444,130.40927,0,1,車両相互
2023,33.56879222222223,130.42787083333332,0,1,人対車両
2023,33.54353611111111,130.4068677777778,0,1,車両相互
2023,33.56596638888889,130.4019986111111,0,1,車両相互
2023,33.556353888888886,130.39341444444443,0,1,車両相互
2023,33.557941666666665,130.3985075,0,1,車両相互
2023,33.568514444444446,130.41817361111111,0,1,車両相互
2023,33.54032222222222,130.43302749999998,0,1,車両相互
2023,33.56338888888889,130.42335666666665,0,1,車両相互
2023,33.53617527777777,130.4285522222222,0,1,車両相互
2023,33.566565,130.41718166666666,0,1,車両相互
2023,33.538738055555555,130.40715277777778,0,1,車両相互
2023,33.55002083333333,130.42923138888887,0,1,人対車両
2023,33.54788388888889,130.44514833333335,0,1,車両相互
2023,33.55538833333333,130.42975916666666,0,3,車両相互
2023,33.55282138888889,130.43642027777778,0,2,車両相互
2023,33.531233888888885,130.43850444444445,0,1,車両単独
2023,33.56759,130.4131275,0,1,車両相互
2023,33.538311666666665,130.43045388888888,0,1,車両相互
2023,33.5353025,130.4186836111111,0,1,人対車両
2023,33.53975638888889,130.40222277777778,0,1,車両相互
2023,33.55452722222222,130.44094555555557,0,3,車両相互
2023,33.55561333333333,130.40670583333335,0,1,車両相互
2023,33.57492055555556,130.25022944444444,0,1,車両相互
2023,33.571283333333334,130.3142988888889,0,1,人対車両
2023,33.55884,130.30947,0,1,車両相互
2023,33.58686277777778,130.33663444444446,0,1,車両相互
2023,33.57307055555556,130.25651194444444,0,1,車両相互
2023,33.57314194444445,130.24475777777778,0,4,車両相互
2023,33.62860527777778,130.22706805555555,0,1,車両相互
2023,33.569743611111114,130.2952547222222,0,1,車両相互
2023,33.572993333333336,130.24748583333331,0,1,車両相互
2023,33.58087416666667,130.3229011111111,0,1,車両相互
2023,33.585388611111114,130.3314863888889,0,1,車両相互
2023,33.56896416666667,130.31540583333336,0,1,車両相互
2023,33.57411333333334,130.24798444444443,0,1,車両相互
2023,33.57537194444445,130.2718688888889,0,1,車両相互
2023,33.5680075,130.31163833333335,0,1,車両相互
2023,33.5846425,130.24985416666667,0,1,車両相互
2023,33.58392583333334,130.26854250000002,0,1,車両相互
2023,33.578471944444445,130.25376111111112,0,1,車両相互
2023,33.52784333333333,130.3217336111111,0,1,車両相互
2023,33.520316666666666,130.317795,0,2,車両相互
2023,33.59177805555556,130.2290675,0,3,車両相互
2023,33.581696111111114,130.26589666666666,0,1,車両相互
2023,33.574153888888894,130.31337611111113,0,1,人対車両
2023,33.58582777777778,130.3144438888889,0,1,人対車両
2023,33.56813666666667,130.31742583333332,0,2,車両相互
2023,33.57374277777778,130.31428416666668,0,1,車両相互
2023,33.550784166666666,130.31326166666668,0,1,車両相互
2023,33.56741527777778,130.30940805555556,0,1,車両相互
2023,33.585683333333336,130.31328194444447,0,2,車両相互
2023,33.60248305555556,130.2123961111111,0,1,車両相互
2023,33.59409472222222,130.228785,0,1,人対車両
2023,33.58589777777778,130.3297738888889,0,1,車両相互
2023,33.582208333333334,130.30424361111113,0,1,車両相互
2023,33.56943027777778,130.29913083333332,0,1,車両相互
2023,33.56434611111111,130.3061577777778,0,1,車両相互
2023,33.580801944444445,130.2422883333333,0,1,車両相互
2023,33.619395833333336,130.23034222222222,0,1,車両単独
2023,33.58157027777778,130.27297166666668,0,1,車両相互
2023,33.56834027777778,130.31716138888888,0,1,車両相互
2023,33.56514111111111,130.24120305555553,0,1,車両相互
2023,33.591053888888894,130.33193194444445,0,1,車両相互
2023,33.57324666666667,130.24512,0,4,車両相互
2023,33.583110000000005,130.32423416666666,0,1,車両相互
2023,33.58203805555556,130.30376944444447,0,1,車両相互
2023,33.58045305555556,130.27660111111112,0,1,車両相互
2023,33.57907916666667,130.32345388888888,0,1,車両相互
2023,33.57377833333334,130.30503583333333,0,1,車両相互
2023,33.57843166666667,130.25365638888888,0,1,車両相互
2023,33.57246222222223,130.27418472222223,0,2,車両相互
2023,33.55750416666666,130.30330583333335,0,3,車両相互
2023,33.554558611111105,130.32227694444444,0,1,車両相互
2023,33.562257499999994,130.31878277777778,0,1,車両相互
2023,33.58726611111111,130.25356444444444,0,1,車両相互
2023,33.580176944444446,130.27794916666667,0,1,車両相互
2023,33.58065833333334,130.33367777777778,0,1,車両相互
2023,33.5269225,130.31649111111113,0,1,車両相互
2023,33.586640555555554,130.33798083333335,0,1,車両相互
2023,33.559511388888886,130.31920444444444,0,1,車両相互
2023,33.557093888888886,130.37886277777778,0,1,車両相互
2023,33.55291777777777,130.36287777777778,0,1,車両相互
2023,33.55844611111111,130.36871583333334,0,1,車両相互
2023,33.5431525,130.38605277777776,0,1,車両相互
2023,33.556728888888884,130.36129166666666,0,1,車両相互
2023,33.5627575,130.36354333333333,0,1,車両相互
2023,33.54152333333333,130.37316444444446,0,1,人対車両
2023,33.55293611111111,130.37890694444445,0,1,車両単独
2023,33.55289416666666,130.38364694444445,0,1,車両相互
2023,33.55296805555555,130.38545222222223,0,1,車両相互
2023,33.55851722222222,130.38235555555556,0,1,車両相互
2023,33.54554361111111,130.3697238888889,0,1,車両相互
2023,33.56110694444444,130.36263499999998,0,1,車両相互
2023,33.545631666666665,130.37425555555555,0,1,車両相互
2023,33.551271666666665,130.3665088888889,0,1,人対車両
2023,33.56283,130.3733925,0,1,車両相互
2023,33.567335,130.3557386111111,0,1,人対車両
2023,33.54595166666667,130.36580833333332,0,1,車両相互
2023,33.553911666666664,130.35228527777778,0,1,車両相互
2023,33.574153888888894,130.36983,0,1,車両相互
2023,33.54684111111111,130.38041194444446,0,3,車両相互
2023,33.5571275,130.3779902777778,0,1,人対車両
2023,33.55229555555555,130.3745866666667,0,1,車両相互
2023,33.75401277777778,130.47452722222224,0,1,車両相互
2023,33.756008888888886,130.48694666666665,0,1,車両相互
2023,33.762499444444444,130.49266527777777,0,1,車両相互
2022,33.80709972222222,130.48080666666667,0,1,車両相互
2023,33.764109166666664,130.48428416666664,0,1,車両相互
2023,33.772172222222224,130.4728411111111,0,2,車両相互
2023,33.762769166666665,130.4713338888889,0,1,車両相互
2023,33.77148305555556,130.4841522222222,0,2,車両相互
2023,33.768655277777775,130.4727127777778,1,0,車両単独
2023,33.7662575,130.47942305555557,0,1,車両相互
2023,33.7629625,130.47661527777777,0,1,車両相互
2023,33.76429861111111,130.4868061111111,0,1,車両相互
2023,33.786633055555555,130.45808944444443,0,1,車両単独
2023,33.77259861111111,130.47638138888888,0,1,車両相互
2023,33.76092277777778,130.47204,0,1,車両相互
2023,33.50796388888889,130.49577472222222,0,1,車両相互
2023,33.50778944444444,130.49531666666667,0,1,車両相互
2023,33.50469138888889,130.4988336111111,0,2,車両相互
2023,33.455954444444444,130.4687275,0,1,車両相互
2023,33.52485361111111,130.49538833333332,0,3,車両相互
2023,33.51713055555555,130.49783638888889,0,1,車両相互
2023,33.50720111111111,130.49621694444443,0,1,車両相互
2023,33.52476222222222,130.4950722222222,0,1,車両相互
2023,33.50834916666667,130.4954383333333,0,1,車両相互
2023,33.50908416666667,130.49502194444443,0,1,車両相互
2023,33.50033388888889,130.48933194444444,0,1,車両相互
2023,33.5032625,130.49732916666665,0,1,車両相互
2023,33.51367722222222,130.4893525,0,1,車両相互
2023,33.56495916666666,130.22484944444446,0,1,車両相互
2023,33.584136666666666,130.21349138888888,0,1,車両相互
2023,33.54861861111111,130.1943138888889,0,1,人対車両
2023,33.548402777777774,130.19437083333332,0,1,車両相互
2023,33.56337166666666,130.23577138888888,0,1,車両相互
2023,33.55736694444444,130.22866694444446,0,1,車両相互
2023,33.48056583333334,130.0493488888889,0,4,車両相互
2023,33.593470833333335,130.1087311111111,0,4,車両相互
2023,33.49796194444445,130.075485,0,1,人対車両
2023,33.49305583333334,130.07389,0,1,車両相互
2023,33.5636575,130.2189402777778,0,1,車両相互
2023,33.563332499999994,130.23580666666666,0,1,車両相互
2023,33.555103055555556,130.19827138888888,0,1,車両相互
2023,33.532130277777775,130.2607888888889,0,1,車両相互
2023,33.48385666666667,130.05491583333335,0,5,車両相互
2023,33.51302527777778,130.2011461111111,0,1,車両相互
2023,33.566990555555556,130.23061333333334,0,1,車両相互
2023,33.52034694444444,130.27179194444446,0,1,車両相互
2023,33.52937722222222,130.28437527777777,0,1,車両相互
2023,33.56028333333333,130.22716333333332,0,1,車両相互
2023,33.58416527777778,130.4797147222222,0,2,車両相互
2023,33.57730166666667,130.48336277777776,0,1,人対車両
2023,33.74599777777778,130.4877011111111,0,2,車両相互
2023,33.57094444444445,130.49476388888888,0,1,車両相互
2023,33.73492777777778,130.46553138888888,0,1,車両相互
2023,33.70437972222223,130.43448166666667,0,1,人対車両
2023,33.58629388888889,130.47942472222223,0,1,車両相互
2023,33.59822138888889,130.4813736111111,0,1,車両相互
2023,33.601712222222226,130.4514386111111,0,1,車両相互
2023,33.61399194444444,130.4711822222222,0,1,車両相互
2023,33.59314666666667,130.4747538888889,0,1,車両相互
2023,33.62502111111111,130.47011972222222,0,1,車両相互
2023,33.627535,130.48884694444442,0,1,車両相互
2023,33.62128333333333,130.46230166666666,0,1,車両相互
2023,33.605246666666666,130.49389166666666,0,1,車両相互
2023,33.69792361111111,130.44818111111113,0,5,車両相互
2023,33.61175777777778,130.4623308333333,0,2,車両相互
2023,33.72699416666667,130.45932555555555,0,3,車両相互
2023,33.60920194444444,130.46249777777777,0,3,車両相互
2023,33.583573333333334,130.49655027777777,0,3,車両相互
2023,33.712251111111115,130.4579261111111,0,1,車両相互
2023,33.738414166666665,130.4809197222222,0,1,車両相互
2023,33.700499722222226,130.4531625,0,1,車両相互
2023,33.601303333333334,130.46507916666667,0,1,車両相互
2023,33.624520000000004,130.45983416666667,0,1,車両相互
2023,33.72158805555556,130.45343722222222,0,1,車両相互
2023,33.696238888888885,130.450505,0,3,車両相互
2023,33.62752138888889,130.4892425,0,1,車両相互
2023,33.72094111111111,130.46830777777777,0,1,車両相互
2023,33.57411444444445,130.4871372222222,0,1,車両相互
2023,33.646922777777775,130.49617666666666,0,1,車両相互
2023,33.73760277777778,130.47089944444446,0,1,車両相互
2023,33.605868055555554,130.44682055555555,0,2,車両相互
2023,33.62732,130.47051972222224,0,1,車両相互
2023,33.73323444444445,130.4795675,0,2,車両相互
2023,33.72266472222223,130.4739986111111,0,1,車両相互
2023,33.590989444444446,130.48448694444443,0,1,車両相互
2023,33.70658416666667,130.4415011111111,0,1,車両相互
2023,33.61331361111111,130.45065388888887,0,1,車両相互
2023,33.625523333333334,130.46021138888887,0,1,車両相互
2023,33.726648611111116,130.45901333333333,0,1,車両相互
2023,33.7098875,130.44277250000002,0,1,車両相互
2023,33.618634166666666,130.4656388888889,0,1,車両相互
2023,33.707996388888894,130.4518283333333,0,4,車両相互
2023,33.59538222222223,130.48277027777777,0,1,車両相互
2023,33.600125,130.46624749999998,0,1,車両相互
2023,33.73040805555556,130.46197277777776,0,1,車両相互
2023,33.714082222222224,130.4598983333333,0,2,車両相互
2023,33.714443055555556,130.4493175,0,1,人対車両
2023,33.595687500000004,130.4761488888889,0,2,車両相互
2023,33.614759166666666,130.45167638888887,0,1,車両相互
2023,33.58688777777778,130.47905916666667,0,1,車両相互
2023,33.721791111111116,130.47146305555555,0,1,車両相互
2023,33.723647222222226,130.46022138888887,0,1,車両相互
2023,33.60147333333334,130.48213555555554,0,1,車両相互
2023,33.62444361111111,130.48191777777777,0,1,車両相互
2023,33.69490527777778,130.45059777777777,0,1,車両相互
2023,33.695298888888885,130.44803333333334,0,1,車両相互
2023,33.61132166666667,130.46020666666666,0,1,車両相互
2023,33.60274527777778,130.4528586111111,0,2,車両相互
2023,33.62564861111111,130.46075694444443,0,1,車両相互
2023,33.601774444444445,130.46937305555556,0,1,車両相互
2023,33.739889166666664,130.48079777777778,0,1,車両相互
2023,33.7460325,130.47201833333332,0,1,人対車両
2023,33.61872,130.45783555555553,0,1,車両相互
2023,33.58032638888889,130.47971444444445,0,1,車両相互
2023,33.62817138888889,130.4873936111111,0,1,車両相互
2023,33.72730555555556,130.46141305555554,0,1,車両相互
2023,33.715338055555556,130.4597063888889,0,1,車両相互
2023,33.70950694444445,130.4527247222222,0,1,人対車両
2023,33.72263916666667,130.47394194444445,0,1,車両相互
2023,33.63234,130.47161027777778,0,1,車両相互
2023,33.71964861111111,130.46401027777776,0,1,人対車両
2023,33.589799166666666,130.48048,0,1,人対車両
2023,33.5873725,130.47897472222223,0,5,車両相互
2023,33.68300055555555,130.45360333333332,0,1,車両相互
2023,33.52316722222222,130.45065194444445,0,1,車両相互
2023,33.52325555555556,130.45833,0,1,車両相互
2023,33.504083888888886,130.4697975,0,1,車両相互
2023,33.53095111111111,130.48624055555555,0,1,車両相互
2023,33.5131875,130.48578694444444,0,1,車両相互
2023,33.5128925,130.4177761111111,0,1,車両相互
2023,33.485548055555554,130.4161225,0,1,車両相互
2023,33.53068222222222,130.462355,0,3,車両相互
2023,33.50986805555556,130.43572666666668,0,1,車両相互
2023,33.54590972222222,130.4533047222222,0,1,車両相互
2023,33.54054444444444,130.48683333333332,0,1,車両相互
2023,33.5170075,130.44376305555556,0,1,車両相互
2023,33.51012722222222,130.48110722222222,0,1,車両相互
2023,33.52968111111111,130.4876711111111,0,1,車両相互
2023,33.54418444444444,130.44768861111112,0,1,車両相互
2023,33.54691777777778,130.48356055555556,0,1,車両相互
2023,33.451800000000006,130.43027833333332,0,3,車両相互
2023,33.53735416666667,130.46164055555553,0,2,車両相互
2023,33.501310277777776,130.4716938888889,0,1,車両相互
2023,33.5342475,130.48909194444443,0,1,車両相互
2023,33.529002222222225,130.4438625,0,1,車両相互
2023,33.53508,130.45711916666664,0,1,車両相互
2023,33.5438125,130.4529836111111,0,1,車両相互
2023,33.53122722222222,130.46159944444443,0,1,車両相互
2023,33.51774111111111,130.47125861111112,0,1,車両相互
2023,33.529380555555555,130.46369833333333,0,1,車両相互
2023,33.52976888888889,130.4632897222222,0,1,車両相互
2023,33.548409166666666,130.47527805555555,0,1,車両相互
2023,33.51638527777778,130.4375038888889,0,1,車両相互
2023,33.520850555555555,130.45766055555555,0,1,車両相互
2023,33.519218055555555,130.46987194444444,0,1,車両相互
2023,33.51768305555555,130.4538472222222,0,1,車両相互
2023,33.51878277777778,130.45391777777778,0,1,車両相互
2023,33.50445277777778,130.4695561111111,0,1,車両単独
2023,33.50745361111111,130.48127694444446,0,1,人対車両
2023,33.51900944444444,130.43453861111112,0,2,車両相互
2023,33.536075555555556,130.46968194444446,0,1,車両相互
2023,33.51710611111111,130.4365388888889,0,1,車両相互
2023,33.522705555555554,130.43413694444445,0,1,車両相互
2023,33.50989361111111,130.46807527777779,0,1,車両相互
2023,33.53531638888889,130.4459425,0,1,車両相互
2023,33.531505277777775,130.44774194444446,0,1,車両相互
2023,33.548905,130.48066472222223,0,1,車両相互
2022,33.515031666666665,130.4738086111111,0,5,車両相互
2023,33.524118888888886,130.43661805555556,0,3,車両相互
2023,33.519216944444445,130.4850688888889,0,1,車両相互
2023,33.524614444444445,130.47369527777778,0,1,車両相互
2023,33.51128527777778,130.43572833333334,0,1,車両相互
2023,33.50886861111111,130.44785194444444,0,1,車両相互
2023,33.51676583333333,130.46847555555556,0,1,車両相互
2023,33.54547111111111,130.48180055555557,0,2,車両相互
2023,33.543952499999996,130.49234083333332,0,1,車両相互
2023,33.539950555555556,130.4519886111111,0,1,車両相互
2023,33.5166675,130.42832055555556,0,1,車両相互
2022,33.47255527777778,130.4184686111111,0,1,人対車両
2023,33.51385555555556,130.43353916666666,0,1,車両相互
2023,33.525145,130.47465861111112,0,1,車両相互
2023,33.52485222222222,130.4242258333333,0,1,車両相互
2023,33.490877777777776,130.41713666666666,0,1,車両相互
2023,33.5218525,130.4429788888889,0,2,車両相互
2023,33.507706666666664,130.4492727777778,0,1,車両相互
2023,33.549187499999995,130.47260722222222,0,1,車両相互
2023,33.53116583333333,130.48453638888887,0,1,車両相互
2023,33.521454444444444,130.43083,0,2,車両相互
2023,33.51891861111111,130.42302777777778,0,1,車両相互
2023,33.51503861111111,130.4657858333333,0,1,人対車両
2023,33.53306,130.4565683333333,0,2,車両相互
2023,33.50642138888889,130.43510333333333,0,5,車両相互
2023,33.51660305555556,130.4648547222222,0,1,車両相互
2023,33.54562,130.44269,0,1,車両相互
2023,33.50465277777778,130.45419444444443,0,1,車両相互
2023,33.53211833333333,130.46065777777775,0,2,車両相互
2023,33.51936416666666,130.46966111111112,0,2,車両相互
2023,33.5179575,130.44366888888888,0,1,人対車両
2023,33.50673972222222,130.43187805555556,0,1,車両相互
2023,33.53338194444444,130.4892525,0,1,車両相互
2023,33.524856666666665,130.43866500000001,0,1,車両相互
2023,33.52410138888889,130.43203888888888,0,3,車両相互
2023,33.5048275,130.4557113888889,0,1,車両相互
2023,33.531371944444444,130.46054638888887,0,1,車両相互
2023,33.51751055555555,130.45344055555555,0,1,車両相互
2023,33.52896388888889,130.44981722222224,0,1,車両相互
2023,33.518814444444445,130.43260277777776,0,1,車両相互
2023,33.55057833333333,130.4790397222222,0,1,車両相互
2023,33.55022111111111,130.47341083333333,0,1,車両相互
2023,33.25678666666666,130.46579388888887,0,1,車両相互
2023,33.29463583333333,130.49537944444444,0,1,車両相互
2023,33.273062777777774,130.478715,0,1,車両相互
2023,33.31039666666666,130.4967047222222,0,1,車両相互
2023,33.32333333333334,130.49814944444444,0,1,車両相互
2023,33.248825277777776,130.4608297222222,0,1,人対車両
2023,33.31118194444444,130.49440638888888,0,1,車両相互
2023,33.246794722222226,130.45951527777777,0,3,車両相互
2023,33.25039944444445,130.49306583333333,0,2,車両相互
2022,33.25025055555555,130.4483463888889,0,1,車両相互
2023,33.331134722222224,130.48065,0,1,車両相互
2023,33.262975,130.45666694444444,0,2,車両相互
2023,33.26641027777778,130.47086333333334,0,1,車両相互
2023,33.30166388888889,130.48120222222224,0,1,車両相互
2023,33.24610638888889,130.4586422222222,0,2,車両相互
2023,33.19265833333333,130.36633027777776,0,1,車両相互
2023,33.239332222222224,130.4873438888889,0,1,車両相互
2023,33.21118333333334,130.4943297222222,0,1,車両相互
2023,33.21933222222222,130.4788863888889,0,1,車両相互
2023,33.21988777777778,130.44656555555557,0,1,車両相互
2023,33.217415833333334,130.44391472222222,0,1,踏切
2023,33.22070305555556,130.44854555555557,0,1,車両相互
2023,33.18697611111111,130.37224472222223,0,1,車両相互
2023,33.21483638888889,130.49755944444442,0,1,車両相互
2023,33.198502777777776,130.34858611111113,0,2,車両相互
2023,33.20818694444445,130.3838311111111,0,1,車両相互
2023,33.2393475,130.48736805555555,0,1,車両相互
2023,33.22114638888889,130.47013416666667,0,2,車両相互
2023,33.19895638888889,130.38003305555557,0,1,人対車両
2023,33.2350075,130.49547833333332,0,1,車両相互
2023,33.18986083333333,130.34809972222223,0,1,車両相互
2023,33.23627305555556,130.49960222222222,0,1,車両相互
2023,33.202535833333336,130.38990055555556,0,2,車両相互
2023,33.20529361111112,130.49216777777775,0,1,車両相互
2023,33.18564722222222,130.3595247222222,0,1,車両相互
2023,33.18367138888888,130.39158777777777,0,1,車両相互
2023,33.19868361111111,130.36918194444445,0,1,車両相互
2023,33.24324083333333,130.48939,0,1,人対車両
2023,33.20057694444445,130.49833277777776,0,3,車両相互
2023,33.208551944444444,130.48073194444444,0,2,車両相互
2023,33.18901805555555,130.38714,0,1,車両相互
2023,33.1934,130.38606944444444,0,1,車両相互
2023,33.19703027777778,130.3742491666667,0,1,車両相互
2023,33.167453333333334,130.38345388888888,0,1,人対車両
2023,33.137586666666664,130.39964805555556,0,1,車両相互
2023,33.164945833333334,130.40430583333332,0,2,車両相互
2023,33.15042388888889,130.4475811111111,0,2,車両相互
2023,33.174504166666665,130.4227222222222,0,1,車両相互
2023,33.179982777777774,130.40486916666669,0,1,人対車両
2023,33.17202888888889,130.4822863888889,0,1,車両相互
2023,33.130606666666665,130.469335,0,2,車両相互
2022,33.122706111111114,130.42528583333333,0,1,車両相互
2023,33.16918166666667,130.38686166666665,0,1,車両相互
2023,33.098373055555555,130.45834138888887,0,1,車両相互
2023,33.136155,130.4689527777778,0,2,車両相互
2023,33.15638722222222,130.4791588888889,0,1,車両相互
2023,33.15808416666667,130.4163536111111,0,1,人対車両
2023,33.154534444444444,130.48498333333333,0,1,車両相互
2023,33.17704583333333,130.48275833333332,0,2,車両相互
2023,33.11302916666667,130.46115416666666,0,1,車両相互
2023,33.0494025,130.4683813888889,0,1,車両相互
2023,33.05108722222222,130.4439588888889,0,1,車両相互
2022,33.00604,130.46771055555556,0,1,車両相互
2023,33.04288861111111,130.44498694444445,0,1,人対車両
2023,33.016305833333334,130.43227555555555,0,2,車両相互
2023,33.03523805555555,130.45038499999998,0,1,車両相互
2023,33.032874166666666,130.4363811111111,0,1,車両相互
2023,33.035035,130.44387222222224,0,1,車両相互
2022,33.03651055555555,130.49016555555554,0,1,車両相互
2023,33.02482111111111,130.45467666666664,0,1,車両相互
2023,33.07114583333334,130.47057944444444,0,1,車両相互
2023,33.06193472222222,130.4671727777778,0,1,人対車両
2023,33.03044472222222,130.44083444444445,0,1,車両相互
2023,33.030882222222225,130.44059194444444,0,1,車両相互
2022,33.05098805555555,130.44396777777777,0,1,車両相互
2023,33.014672222222224,130.44372027777777,0,1,人対車両
2023,33.01548694444445,130.4683513888889,0,1,車両相互
2023,33.060095,130.4566683333333,0,2,車両相互
2023,33.039605277777774,130.45925166666666,0,1,人対車両
2022,33.01374805555555,130.42986583333334,0,3,車両相互
2023,33.06783083333334,130.4702086111111,0,1,車両相互
2023,33.01137722222222,130.4810138888889,0,1,車両単独
2023,33.05327972222222,130.47736833333335,0,2,車両相互
2023,33.03574888888889,130.45387,0,1,車両相互
2022,33.0333225,130.44758972222223,0,1,車両相互
2022,33.05776944444444,130.47578833333333,0,1,車両相互
2022,33.04564222222222,130.45849777777778,0,1,車両相互
2022,33.023537222222224,130.43585833333333,0,1,車両相互
2022,33.039292777777774,130.45427944444444,0,2,車両相互
2023,33.04946583333333,130.46151277777776,0,1,人対車両
2023,33.03628444444444,130.43329166666666,0,1,車両相互
2023,33.3433775,130.39591249999998,0,2,車両相互
2023,33.306929999999994,130.3648925,0,1,車両相互
2023,33.405612222222224,130.36344,0,3,車両単独
2023,33.30791722222222,130.37108083333334,0,1,車両相互
2023,33.30652944444444,130.37473500000002,0,1,車両相互
2022,33.32091888888889,130.39218055555554,0,1,人対車両
2023,33.30716222222222,130.36563027777777,0,1,車両相互
2023,33.26741,130.35958805555555,0,1,車両相互
2023,33.32049888888889,130.38905527777777,0,1,車両相互
2023,33.30766472222222,130.37146416666667,0,1,車両相互
2023,33.2681825,130.34509250000002,0,1,車両相互
2023,33.31465,130.37703805555557,0,1,車両相互
2023,33.278951666666664,130.40387,0,1,車両相互
2023,33.332996111111115,130.41448305555556,0,1,車両相互
2023,33.282088055555555,130.34460805555557,0,1,車両相互
2023,33.35134444444444,130.46354777777776,0,1,車両相互
2023,33.34272555555556,130.42146666666665,0,1,車両相互
2023,33.34339444444445,130.44266555555555,0,3,車両相互
2023,33.295145,130.43030055555553,0,4,車両相互
2023,33.383361111111114,130.49931777777778,0,1,車両相互
2023,33.35096888888889,130.46248583333332,0,1,車両相互
2023,33.33293194444445,130.4154288888889,0,1,車両相互
2023,33.36934166666667,130.48201166666666,0,1,車両相互
2023,33.283429444444444,130.45027916666666,0,1,車両相互
2023,33.343427500000004,130.44247805555557,0,1,車両相互
2023,33.31505694444444,130.4855797222222,0,1,車両相互
2023,33.29954444444444,130.45180249999999,0,1,車両相互
2023,33.369420833333336,130.47971555555554,0,1,車両相互
2023,33.34987527777778,130.42959527777776,0,1,車両相互
2023,33.357175,130.4410063888889,0,1,車両相互
2023,33.336711666666666,130.4312361111111,0,1,車両相互
2023,33.35262027777778,130.49323888888887,0,1,車両相互
2023,33.37422277777778,130.49309194444444,0,1,車両相互
2023,33.22150638888889,130.19729916666668,0,1,車両相互
2023,33.2430225,130.18595083333335,0,2,車両相互
2023,33.2193975,130.2202086111111,0,2,車両相互
2023,33.28859333333333,130.09601500000002,0,1,人対車両
2023,33.2867575,130.16428694444446,0,1,車両相互
2023,33.277303333333336,130.21574638888887,0,1,車両相互
2023,33.29789611111111,130.19728555555557,0,4,車両相互
2023,33.265685,130.2029036111111,0,1,車両相互
2023,33.289645,130.09899472222224,0,1,車両相互
2023,33.29834527777778,130.20614194444443,0,1,車両相互
2023,33.29500111111111,130.19332805555555,0,1,車両単独
2023,33.2878775,130.2069325,0,1,車両相互
2023,33.27198583333333,130.18710305555555,0,1,車両相互
2023,33.26038972222222,130.08523250000002,0,1,車両相互
2023,33.26146583333333,130.22788555555556,0,1,車両相互
2023,33.3861175,129.93486083333335,0,1,人対車両
2023,33.46825055555556,130.0387961111111,0,2,車両相互
2023,33.43272833333333,129.9805413888889,0,4,車両相互
2023,33.44256416666666,129.97008277777778,0,1,車両相互
2023,33.412836666666664,129.98272416666666,0,2,車両相互
2023,33.37707833333334,129.93249444444444,0,1,車両相互
2023,33.43707333333333,129.97390666666666,0,1,車両相互
2023,33.429516111111106,129.98570194444443,0,2,車両相互
2023,33.464441111111114,129.95878666666667,0,1,車両相互
2023,33.440909166666664,129.9611686111111,0,1,車両相互
2023,33.438182499999996,129.96818277777777,0,1,人対車両
2023,33.45236388888889,129.97422583333332,0,1,車両相互
2023,33.440799166666665,129.98291555555556,0,1,人対車両
2023,33.45372805555556,129.96728972222223,0,2,車両相互
2023,33.41733305555555,129.99654694444442,0,2,車両相互
2023,33.44266888888889,129.95924472222222,0,1,車両相互
2023,33.43066333333333,130.00876805555555,0,1,車両相互
2023,33.43666722222222,130.01506777777777,0,1,車両相互
2023,33.3264525,130.04,0,1,車両相互
2023,33.42122527777777,129.86440888888887,0,1,車両相互
2023,33.409906666666664,129.9856886111111,0,1,車両相互
2023,33.43621472222222,130.01500388888888,0,2,車両相互
2023,33.44414388888889,130.01803222222225,0,1,車両単独
2023,33.42655222222222,129.98520805555555,0,1,車両相互
2023,33.43015805555555,129.98958138888887,0,2,車両相互
2023,33.42790722222222,129.92914055555553,0,1,車両相互
2023,33.41152527777778,129.99229138888887,0,3,車両相互
2023,33.43418333333333,129.98039444444444,0,1,車両相互
2023,33.41988694444444,129.99932777777775,0,1,車両相互
2023,33.43565472222222,129.98189722222222,0,1,車両相互
2023,33.365141666666666,130.0038172222222,0,1,車両相互
2023,33.34842583333334,130.02190805555557,0,2,車両相互
2023,33.435469166666664,130.0065686111111,0,1,人対車両
2023,33.47994166666667,129.9355361111111,0,1,車両相互
2023,33.433386666666664,130.0017613888889,0,1,車両相互
2023,33.2729225,129.87034472222223,0,2,車両相互
2023,33.268661944444446,129.9056775,0,4,車両相互
2023,33.27518694444444,129.87321166666666,0,2,車両相互
2023,33.30148472222222,129.91952444444445,0,1,車両相互
2023,33.30860611111111,129.81212361111113,0,1,人対車両
2023,33.25931972222222,129.92313777777778,0,1,車両相互
2023,33.270685,129.8760963888889,0,1,車両相互
2023,33.17886111111111,129.85195833333333,0,1,車両相互
2023,33.250394722222225,129.8528625,0,2,車両相互
2023,33.21036527777778,129.84966333333335,0,1,車両相互
2023,33.26029666666667,129.92137888888888,0,1,車両相互
2023,33.27492,129.87650277777777,0,1,車両相互
2023,33.276334444444444,129.87065,0,1,車両相互
2023,33.28174083333333,129.84257222222223,0,1,車両相互
2023,33.30162194444444,129.817025,0,5,車両相互
2023,33.286899999999996,129.90214333333333,0,4,車両相互
2023,33.17274972222222,129.8824075,0,1,車両相互
2023,33.28007972222222,129.84438333333335,0,2,車両相互
2023,33.18118166666667,129.85312222222223,0,1,車両相互
2023,33.19713611111111,130.0238588888889,0,1,車両相互
2023,33.202196944444445,130.02285444444445,0,1,車両相互
2023,33.18572861111111,130.0019352777778,0,1,車両相互
2022,33.198633888888885,130.02624916666667,0,1,車両相互
2023,33.22071944444445,130.05967805555557,0,1,車両相互
2023,33.194447499999995,130.0188466666667,0,2,車両相互
2023,33.21089916666667,129.93894416666666,0,1,人対車両
2023,33.16865111111111,130.02093416666668,0,1,車両相互
2023,33.19221583333333,129.96530027777777,0,1,車両相互
2023,33.19003305555555,130.01021527777777,0,3,車両相互
2023,33.207056944444446,130.04726694444443,0,1,車両相互
2023,33.19225944444444,129.96543777777777,0,1,車両相互
2023,33.192395,130.02529805555557,0,1,車両相互
2023,33.19311833333333,130.01558444444444,0,1,車両相互
2023,33.18425555555555,130.16354333333334,0,1,車両相互
2023,33.22073805555556,130.17940472222222,0,1,車両相互
2023,33.20066138888889,130.14610166666665,0,4,車両相互
2023,33.21765194444445,130.16363361111112,0,4,車両相互
2023,33.177191388888886,130.1973563888889,0,2,車両相互
2023,33.156913055555556,130.12788833333335,0,2,車両相互
2023,33.177591111111106,130.18542194444444,0,1,車両相互
2023,33.21855416666667,130.1691536111111,0,1,車両相互
2023,33.08914555555556,130.11379805555555,0,1,車両相互
2023,33.12337055555555,130.07943972222222,0,1,車両相互
2023,33.09587972222222,129.98402777777775,0,1,人対車両
2023,33.08184888888889,130.13796638888888,0,2,車両相互
2023,33.08779694444445,130.1109213888889,0,1,車両相互
2023,33.08834527777778,130.01407111111112,0,2,車両相互
2023,33.133379444444444,130.06186666666667,0,1,車両相互
2023,33.125835,130.06165444444446,0,1,車両相互
2023,33.10127222222222,129.99924666666666,0,1,車両相互
2023,33.22971805555556,130.23446027777777,0,2,車両相互
2023,33.246175,130.30105833333334,0,1,車両相互
2023,33.23900555555556,130.30315166666668,0,4,車両相互
2023,33.256749166666665,130.27969555555558,0,2,車両相互
2023,33.24129888888889,130.31200694444445,0,1,車両相互
2023,33.25615527777778,130.3014366666667,0,2,車両相互
2023,33.25474638888889,130.31241472222223,0,1,人対車両
2023,33.23912527777778,130.29797222222223,0,1,車両相互
2023,33.238954444444445,130.29873916666668,0,2,車両相互
2023,33.23912277777778,130.31663472222223,0,1,車両相互
2023,33.22044972222223,130.23259444444446,0,1,車両相互
2023,33.25728361111111,130.29304833333333,0,1,車両相互
2023,33.25587055555555,130.29297222222223,0,1,車両相互
2023,33.23899277777778,130.29919388888888,0,2,車両相互
2023,33.24284277777778,130.26637416666668,0,1,車両相互
2023,33.243185555555556,130.31542694444445,0,1,車両相互
2023,33.239783333333335,130.28699472222223,0,1,車両相互
2023,33.23375416666667,130.23105222222222,0,1,車両相互
2023,33.261736666666664,130.30187055555555,0,1,車両相互
2023,33.24746416666667,130.31386055555558,0,1,車両相互
2023,33.24011388888889,130.27944833333333,0,1,車両相互
2023,33.24428972222222,130.2660011111111,0,1,車両相互
2023,33.21050027777778,130.30819250000002,0,1,車両相互
2023,33.220355833333336,130.35890194444443,0,1,車両相互
2023,33.239065833333335,130.2971036111111,0,1,車両相互
2023,33.248873333333336,130.29254944444443,0,1,車両相互
2023,33.238906666666665,130.29929388888888,0,1,車両相互
2023,33.239106944444444,130.29727666666668,0,1,車両相互
2023,33.259120833333334,130.31144333333336,0,1,車両相互
2023,33.24164277777778,130.32227666666665,0,1,車両相互
2023,33.23921777777778,130.3165111111111,0,1,車両相互
2023,33.24855138888889,130.22452611111112,0,1,車両相互
2023,33.24840638888889,130.27547166666668,0,1,車両相互
2023,33.247012777777776,130.31395222222224,0,1,車両相互
2023,33.254985,130.31396333333333,0,1,車両相互
2023,33.20686722222222,130.2924363888889,0,1,車両相互
2023,33.24115805555556,130.32179944444445,0,1,車両相互
2023,33.2580075,130.28415583333333,0,1,車両相互
2023,33.25384611111111,130.30903583333335,0,1,車両相互
2023,33.223577500000005,130.3639413888889,0,1,車両相互
2023,33.26494611111111,130.325685,0,2,車両相互
2023,33.260193055555554,130.29313055555556,0,1,車両相互
2023,33.27496305555555,130.2937002777778,0,2,車両相互
2023,33.28125416666666,130.28991027777778,0,1,車両相互
2023,33.294759444444445,130.30449555555558,0,1,車両相互
2023,33.30343388888888,130.32068333333333,0,1,車両相互
2023,33.29506666666666,130.2832566666667,0,1,車両相互
2023,33.262456388888886,130.29343944444443,0,1,車両相互
2023,33.27253972222222,130.2761725,0,1,車両相互
2023,33.281438888888886,130.29827277777778,0,1,車両相互
2023,33.31778888888889,130.28596694444445,0,1,車両相互
2023,33.3111725,130.2866913888889,0,1,車両相互
2023,33.27188472222222,130.2710152777778,0,2,車両相互
2023,33.289761666666664,130.29789694444443,0,1,車両相互
2023,33.366324166666665,130.21051138888888,0,1,車両相互
2023,33.274965,130.31175361111113,0,5,車両相互
2023,33.28532583333333,130.29030944444443,0,1,車両相互
2023,33.309910277777774,130.25495916666668,0,1,車両相互
2023,33.26785666666667,130.30154055555556,0,2,車両相互
2023,33.31207222222222,130.28658694444445,0,1,車両相互
2023,33.30650027777777,130.24832888888886,0,1,車両相互
2023,33.267758888888885,130.3062613888889,0,2,車両相互
2023,33.290975555555555,130.29787611111112,0,1,車両相互
2023,33.29205944444444,130.28775583333334,0,1,車両相互
2023,33.26508638888889,130.32677611111112,0,1,車両相互
2023,33.29439194444444,130.28399472222222,0,1,車両相互
2023,33.31669111111111,130.27655694444445,0,1,車両相互
2023,33.26786722222222,130.31664333333333,0,1,車両相互
2023,33.263956388888886,130.31973527777777,0,1,車両相互
2023,33.26769888888889,130.2742516666667,0,1,車両相互
2023,33.310200555555554,130.301535,0,1,車両相互
2023,33.406956666666666,130.21168194444442,0,1,車両相互
2023,33.263177222222225,130.31750555555556,0,1,車両相互
2023,33.27232055555555,130.2749588888889,0,1,車両相互
2023,33.26364888888889,130.29913861111112,0,1,人対車両
2023,33.305527777777776,130.27814305555557,0,1,車両相互
2023,33.30449583333333,130.24144194444443,0,1,車両相互
2023,33.31838722222223,130.3010475,0,1,車両相互
2023,33.27292083333333,130.27974583333335,0,1,車両相互
2023,33.29544444444444,130.29615555555554,0,2,車両相互
2023,33.274501388888886,130.33637111111113,0,2,車両相互
2023,33.27681861111111,130.27031638888892,0,1,車両相互
2023,33.183747222222216,129.69867666666667,0,1,車両相互
2023,32.797156666666666,129.88746666666665,0,1,車両相互
2023,32.74655777777778,129.8770675,0,2,車両相互
2023,32.74297472222222,129.87406083333335,0,1,人対車両
2023,32.74585305555556,129.8792777777778,0,1,人対車両
2023,32.74585861111111,129.872265,0,1,車両相互
2023,32.738745,129.87683055555556,0,1,人対車両
2023,32.751016944444444,129.87280611111112,0,1,人対車両
2023,32.74940361111111,129.88089666666667,0,1,車両相互
2023,32.77447611111111,129.98793777777777,0,1,車両相互
2023,32.74402861111111,129.87161944444446,0,1,車両相互
2023,32.7520725,129.89108055555556,0,1,車両相互
2023,32.772618055555554,129.97401583333334,0,1,車両相互
2023,32.753076944444445,129.88721777777778,0,1,人対車両
2023,32.753439722222225,129.87132416666668,0,1,車両相互
2023,32.74342472222222,129.88176222222222,0,1,車両相互
2023,32.74348,129.87780055555555,0,2,車両相互
2023,32.7558275,129.9105688888889,0,3,車両相互
2023,32.75246305555556,129.88449916666667,0,1,車両相互
2023,32.7390575,129.87158027777778,0,1,人対車両
2023,32.68409611111111,129.84311583333334,0,1,車両相互
2023,32.74037916666667,129.87216111111113,0,2,車両相互
2023,32.65206222222222,129.82822083333332,0,1,人対車両
2023,32.71295972222222,129.86503805555554,0,1,車両相互
2023,32.71407777777778,129.8679238888889,0,1,車両相互
2023,32.73240611111111,129.86566805555555,0,1,車両相互
2023,32.72020472222223,129.85203027777777,0,1,車両相互
2023,32.66414472222222,129.83562472222224,0,1,車両相互
2023,32.73696555555556,129.86975444444445,0,1,車両相互
2023,32.72148222222222,129.86118555555555,0,1,人対車両
2023,32.73509361111111,129.8679752777778,0,1,人対車両
2023,32.78171611111111,129.86242027777777,0,1,車両相互
2023,32.78297472222222,129.84112166666668,0,1,車両相互
2023,32.79134055555556,129.86428277777776,0,1,車両相互
2023,32.78321972222222,129.86437583333333,0,2,車両相互
2023,32.77027833333333,129.85731611111112,0,2,人対車両
2023,32.78334611111111,129.86449444444443,0,1,車両相互
2023,32.805009444444444,129.84575583333336,0,1,人対車両
2023,32.77653194444444,129.86211333333333,0,1,車両相互
2023,32.7931975,129.8588836111111,0,1,車両単独
2023,32.77266777777778,129.86278222222222,0,1,車両相互
2023,32.80325611111111,129.85341194444445,0,1,車両相互
2023,32.793173055555556,129.87338916666667,0,1,車両相互
2023,32.80656166666667,129.8478861111111,0,1,車両相互
2023,32.78060222222222,129.83718416666667,0,2,車両相互
2023,32.796166666666664,129.88408666666666,1,0,車両単独
2023,32.79954583333333,129.8537697222222,0,1,車両相互
2023,32.783587499999996,129.86309472222223,0,1,車両相互
2023,32.807695833333334,129.8468738888889,0,1,車両相互
2023,32.79367527777777,129.8565125,0,1,車両相互
2023,32.77780555555555,129.86026999999999,0,1,車両相互
2023,32.783581388888884,129.86272888888888,0,1,車両相互
2023,32.80283194444444,129.852285,0,2,車両相互
2023,32.861694444444446,129.78613083333335,0,4,車両相互
2023,32.89044388888889,129.78353305555555,0,1,車両相互
2023,32.8091575,129.81220027777778,0,1,車両相互
2023,32.8854775,129.78997,0,1,車両相互
2023,32.866234444444444,129.7915622222222,0,1,車両相互
2023,32.80974833333333,129.87522416666667,0,1,車両相互
2023,32.824310555555556,129.87575083333334,0,1,車両相互
2023,32.829745,129.8491588888889,0,1,人対車両
2023,32.83197611111112,129.85935361111112,0,1,車両相互
2023,32.831965555555556,129.8694738888889,0,1,人対車両
2023,32.83248722222223,129.85342444444444,0,1,車両相互
2023,32.825968055555556,129.7798763888889,0,1,車両相互
2023,32.803682499999994,129.85336027777777,0,1,車両相互
2023,32.82069333333334,129.8956272222222,0,1,車両相互
2023,32.82187638888889,129.76989500000002,0,1,車両相互
2023,32.802345277777775,129.855755,0,1,車両相互
2023,32.90962416666667,129.78387777777778,0,1,車両相互
2023,32.94627916666666,129.782845,0,1,車両相互
2023,32.84167138888889,129.8369641666667,0,1,人対車両
2023,33.03914722222222,129.65894083333333,0,1,車両相互
2023,32.82165805555556,130.01412444444443,0,4,車両相互
2023,32.830756111111114,129.98221666666666,0,1,車両相互
2023,32.83857583333334,130.0216875,0,1,車両相互
2023,32.83762388888889,130.05897611111112,0,5,車両相互
2023,32.7804125,130.01392388888888,0,2,車両相互
2023,32.86492805555556,130.03639277777776,0,1,車両相互
2023,32.84308055555556,130.06387416666666,0,1,車両相互
2023,32.83285361111111,130.0622088888889,0,1,車両相互
2023,32.85482638888889,130.03692305555555,0,1,車両相互
2023,32.83504388888889,130.00374555555555,0,3,車両相互
2023,32.891280555555554,130.1182611111111,0,1,車両相互
2023,32.83292916666667,130.06692555555554,0,3,車両相互
2023,32.84367888888889,130.05413444444446,0,1,車両相互
2023,32.83165666666667,130.05591805555557,0,1,車両相互
2023,32.837205833333336,129.97375555555556,0,1,車両相互
2023,32.849511944444444,130.04342555555556,0,1,車両相互
2023,32.793037777777776,130.11026388888888,0,1,車両相互
2023,32.889655,130.11539333333332,0,1,車両相互
2023,32.84118666666667,130.03248944444445,0,1,車両相互
2023,32.83627444444445,130.10736749999998,0,1,車両相互
2023,32.85652833333334,130.03879138888888,0,1,車両相互
2023,32.828655277777784,129.99223055555555,0,1,人対車両
2023,32.82877222222223,129.99625194444442,0,1,車両相互
2023,32.797798888888885,130.0821897222222,0,1,人対車両
2023,32.839866944444445,130.0073175,0,1,車両相互
2023,32.84565305555556,130.0494613888889,0,1,車両相互
2023,32.880831388888886,130.1030822222222,0,1,車両相互
2023,32.788311388888886,130.34694861111112,0,1,車両相互
2023,32.78456083333333,130.3727388888889,0,1,車両相互
2023,32.79445777777777,130.35683722222223,0,3,車両相互
2023,32.791351388888884,130.37116861111113,0,1,車両相互
2023,32.851644722222225,130.32889749999998,0,2,車両相互
2023,32.68639361111111,130.34359361111112,0,1,車両相互
2023,32.65644111111111,130.2925111111111,0,1,車両相互
2023,32.69718944444444,130.3525797222222,0,2,車両相互
2023,32.7227125,130.3448236111111,0,2,車両相互
2023,32.612051111111114,130.18861361111112,0,1,車両相互
2023,32.68946555555555,130.30593833333336,0,1,車両相互
2023,32.63205777777778,130.24737277777777,0,1,車両相互
2023,32.68138833333333,130.30631444444447,0,1,車両相互
2023,32.73891138888889,130.21000527777775,0,1,車両相互
2023,32.81345861111111,130.1502761111111,0,1,車両相互
2023,32.85717527777778,130.21805722222223,0,1,車両相互
2023,32.87410611111111,130.3070438888889,0,1,車両相互
2023,32.71939555555556,130.20122916666665,0,1,車両相互
2023,32.84627444444445,130.21632805555555,0,1,車両相互
2023,32.85049388888889,130.29559916666668,0,2,車両相互
2023,32.81890111111112,130.15049833333333,0,1,車両相互
2023,32.817528333333335,130.152015,0,1,車両相互
2023,32.91347888888889,129.96126166666664,0,1,車両相互
2023,32.946376666666666,129.95267027777777,0,1,車両相互
2023,32.917116666666665,129.9664,0,1,車両相互
2023,32.89113694444445,129.97345055555556,0,1,車両相互
2023,32.93521666666666,129.93651416666668,0,1,人対車両
2023,32.924035277777776,129.9490338888889,0,1,人対車両
2023,32.88533361111111,130.00642722222221,0,1,車両相互
2023,32.91193722222222,129.95126888888888,0,1,車両相互
2023,32.92120722222222,129.93874083333333,0,1,車両相互
2023,32.905183055555554,129.95751916666666,0,1,車両相互
2023,32.937621388888886,129.96447388888888,0,1,車両相互
2023,32.97383833333333,129.95824138888887,0,1,車両相互
2023,32.911723333333335,129.9570425,0,1,車両相互
2023,32.916785555555556,129.9607472222222,0,1,車両相互
2023,32.93409361111111,129.9456727777778,0,1,車両相互
2023,32.91209666666666,129.95121083333333,0,2,車両相互
2023,32.936479166666665,129.95414166666666,0,1,車両相互
2023,32.91346333333333,129.95090499999998,0,1,車両相互
2023,33.04362111111111,129.90283444444444,0,2,車両相互
2023,33.06910416666667,129.82676805555556,0,1,車両相互
2023,33.02230361111111,129.93966694444444,0,1,車両相互
2023,33.04826611111111,129.92374333333333,0,1,車両相互
2023,33.00420527777778,129.94856805555557,0,1,車両相互
2023,33.134728333333335,129.88566666666665,0,1,車両相互
2023,33.06904361111111,129.75233527777777,0,2,車両相互
2023,33.150888888888886,129.76525916666668,0,1,車両相互
2023,33.14343888888889,129.80156333333335,0,1,車両相互
2023,33.13849972222222,129.80107611111112,0,2,車両相互
2023,33.116841111111114,129.79388166666666,0,1,車両相互
2023,33.15668361111111,129.77870333333334,0,1,車両相互
2023,33.12222916666667,129.80217805555557,0,1,人対車両
2023,33.15295555555556,129.77545666666668,0,1,人対車両
2023,33.09010027777778,129.79777166666668,0,2,車両相互
2023,33.10234805555556,129.79378111111112,0,1,車両相互
2023,33.184580555555556,129.72759166666665,0,1,車両相互
2023,33.206293888888894,129.72291722222224,0,4,車両相互
2023,33.182699166666666,129.71715666666668,0,1,車両相互
2023,33.206361666666666,129.7213172222222,0,1,車両相互
2023,33.156504999999996,129.7512397222222,0,1,車両相互
2023,33.15611944444444,129.76868777777779,0,1,車両相互
2023,33.21172027777778,129.74461777777776,0,1,車両相互
2023,33.16895361111111,129.72426194444444,0,1,人対車両
2023,33.147346666666664,129.75770194444445,0,1,車両相互
2023,33.19907388888888,129.721215,0,1,車両相互
2023,33.189029999999995,129.7183875,0,2,車両相互
2023,33.20530277777778,129.72119833333335,0,1,車両相互
2023,33.15627805555555,129.73127944444445,0,1,車両相互
2023,33.16178444444444,129.74706166666667,0,1,車両相互
2023,33.215294166666666,129.79291,0,2,車両相互
2023,33.19560805555555,129.72132638888888,0,1,車両相互
2023,33.15971472222222,129.75079277777778,0,1,車両相互
2023,33.168479999999995,129.7238925,0,1,人対車両
2023,33.16163833333333,129.7300686111111,0,1,車両相互
2023,33.173204166666665,129.7270038888889,0,1,人対車両
2023,33.16844555555555,129.7040338888889,0,1,車両相互
2023,33.16134611111111,129.76826722222225,0,1,車両単独
2023,33.151292777777776,129.69412416666668,0,1,車両相互
2023,33.15761972222222,129.7298675,0,1,車両相互
2023,33.169492777777776,129.7215575,0,1,人対車両
2023,33.15128083333333,129.75205583333334,0,1,人対車両
2023,33.151803888888885,129.69215888888888,0,1,車両単独
2023,33.17230305555555,129.67455583333333,0,2,車両相互
2023,33.241844722222226,129.65255916666666,0,1,車両相互
2023,33.26217444444445,129.6953313888889,0,1,車両相互
2023,33.25897472222222,129.74785416666666,0,1,車両相互
2023,33.34774222222222,129.71841111111112,0,1,車両相互
2023,33.35641833333334,129.57376722222222,0,3,車両相互
2023,32.83405277777778,128.93339666666668,0,1,車両相互
2023,32.67635388888888,128.8235122222222,0,1,車両相互
2023,33.7573075,129.70031916666665,0,1,車両相互
2023,33.75374111111111,129.74042749999998,0,1,車両相互
2023,34.21590777777778,129.28716305555557,0,1,車両相互
2023,34.229129722222225,129.30163166666668,0,1,車両相互
2023,32.975543055555555,130.45185777777778,0,3,車両相互
2023,32.97416916666667,130.44335527777778,0,1,人対車両
2023,32.97524861111111,130.43302888888888,0,1,車両相互
2023,32.916797777777774,130.47357527777777,0,1,車両相互
2023,32.98560583333333,130.45113638888887,0,2,車両相互
2023,32.98307694444445,130.47194083333335,0,1,人対車両
2023,33.00502027777778,130.42845166666666,0,1,車両相互
2023,32.91692555555555,130.47326805555556,0,1,車両相互
2023,32.99717777777778,130.44339916666667,0,1,車両相互
2023,32.97786027777778,130.46011305555555,0,2,車両相互
2023,32.97842027777778,130.46301527777777,0,1,車両相互
2023,32.62607611111111,130.45250277777777,0,2,車両相互
2023,32.41721722222222,130.26604527777778,0,1,車両相互
2023,32.45953444444445,130.18765555555555,0,1,車両相互
2023,32.48346333333333,130.2784125,1,0,車両単独
2023,32.51575722222222,130.3419825,0,1,人対車両
2023,32.5777025,130.4216172222222,0,1,車両相互
2023,32.46557222222223,130.3717961111111,0,1,車両相互
2023,33.59964305555556,130.38233222222223,0,3,車両相互
2023,33.55813027777778,130.47146722222223,0,2,車両相互
2023,33.59705944444445,130.4195536111111,0,1,車両相互
2023,33.595575833333335,130.42218777777776,0,1,車両相互
2023,33.598063611111115,130.4305611111111,0,4,車両相互
2023,33.58253583333334,130.44168416666668,0,5,車両相互
2023,33.54417861111111,130.48434138888888,0,1,車両相互
2023,33.57788416666667,130.39187027777777,0,1,車両相互
2023,33.5693825,130.39747277777778,0,1,車両相互
2023,33.590181111111114,130.4043511111111,0,1,車両相互
2023,33.58003611111111,130.40084361111113,0,2,車両相互
2023,33.57761527777778,130.4126713888889,0,1,車両相互
2023,33.595415,130.39671777777778,0,1,車両相互
2022,33.58400277777778,130.40010361111112,0,1,車両相互
2022,33.58603527777778,130.39851416666667,0,2,車両相互
2023,33.579481111111114,130.41074777777777,0,2,車両単独
2023,33.58496888888889,130.3905125,0,2,車両相互
2023,33.57718055555556,130.41149083333335,0,1,人対車両
2023,33.592938611111116,130.40115944444446,0,1,車両相互
2023,33.58937166666667,130.40233750000002,0,1,車両相互
2022,33.578682500000006,130.37547666666669,0,1,車両相互
2023,33.574510833333335,130.40896583333333,0,1,車両相互
2023,33.585483333333336,130.40528222222224,0,4,車両相互
2022,33.58860111111111,130.38621416666666,0,1,車両相互
2023,33.58984027777778,130.40416694444446,0,1,車両相互
2023,33.588948333333335,130.3905986111111,0,2,車両相互
2023,33.592311111111115,130.39835888888888,0,1,車両相互
2023,33.57721138888889,130.40053472222223,0,1,車両相互
2023,33.57754055555556,130.40060194444445,0,1,人対車両
2023,33.58549305555556,130.3992411111111,0,1,人対車両
2023,33.58278333333334,130.38319583333333,0,1,車両相互
2023,33.59155222222223,130.36340416666667,0,6,車両相互
2023,33.58817916666667,130.4015413888889,0,3,車両単独
2023,33.59406472222222,130.39479277777778,0,1,車両単独
2023,33.587140000000005,130.39104444444445,0,3,車両単独
2023,33.58283194444445,130.40608805555556,0,2,車両相互
2023,33.59208944444445,130.39836555555556,0,2,人対車両
2023,33.58891611111111,130.383555,0,1,車両相互
2023,33.58482083333334,130.3911922222222,0,1,車両相互
2023,33.58542972222222,130.39388138888887,0,1,車両相互
2023,33.585016111111116,130.40620194444446,0,1,車両相互
2023,33.58402666666667,130.40700361111112,0,1,人対車両
2023,33.589510000000004,130.38057333333333,0,2,車両相互
2023,33.593355,130.3986547222222,0,1,車両相互
2023,33.58713111111111,130.40206972222222,0,1,車両相互
2023,33.58218222222222,130.39675722222222,0,1,車両相互
2023,33.59073138888889,130.39256583333332,0,1,車両相互
2023,33.592733333333335,130.39507333333333,0,1,車両相互
2023,33.57968027777778,130.38112111111113,0,1,車両相互
2023,33.57349944444445,130.4061675,0,1,人対車両
2023,33.58961888888889,130.40509861111113,0,1,車両相互
2023,33.58119111111112,130.39732027777777,0,2,車両相互
2023,33.582682222222225,130.4057911111111,0,1,車両相互
2023,33.58598083333334,130.40611916666668,0,1,車両相互
2023,33.58193055555556,130.39776416666666,0,1,車両相互
2023,33.591974444444446,130.39525361111112,0,1,車両相互
2023,33.58283055555556,130.39488305555554,0,1,車両相互
2023,33.57097277777778,130.39891527777777,0,1,車両相互
2023,33.59414805555556,130.39761666666666,0,1,車両相互
2023,33.581453333333336,130.37400194444444,0,2,車両相互
2023,33.58499916666667,130.39570166666667,0,1,車両相互
2023,33.59930416666667,130.39912222222222,0,2,車両相互
2023,33.58815305555556,130.40170805555556,0,1,車両相互
2023,33.59140305555556,130.3897538888889,0,1,車両相互
2023,33.56747,130.37802166666668,0,2,車両相互
2023,33.56476333333333,130.39560722222222,0,1,車両相互
2023,33.574222777777784,130.40570333333335,0,2,車両相互
2023,33.592783611111116,130.37475777777777,0,2,車両相互
2023,33.59200055555556,130.3650425,0,2,車両相互
2023,33.56791166666667,130.3806277777778,0,1,車両相互
2023,33.587426666666666,130.3909975,0,1,車両相互
2023,33.574763611111116,130.40373277777778,0,1,車両相互
2023,33.5801,130.40086194444444,0,1,車両相互
2023,33.59262972222223,130.3780213888889,1,0,人対車両
2023,33.58029333333334,130.37462722222222,0,1,車両相互
2023,33.592549444444444,130.3950761111111,0,1,車両相互
2023,33.579035555555556,130.4091013888889,0,1,車両相互
2023,33.574509722222224,130.40630944444445,0,1,車両相互
2023,33.57656416666667,130.37517444444444,0,1,車両相互
2023,33.58085694444445,130.4047072222222,0,1,車両相互
2023,33.57616222222222,130.40044166666667,0,1,車両相互
2023,33.59049944444445,130.3723625,0,3,車両相互
2023,33.57888416666667,130.40068666666667,0,1,車両相互
2023,33.565912777777775,130.3904436111111,0,1,車両相互
2023,33.57367861111111,130.40222194444445,0,1,車両相互
2023,33.588825,130.4007488888889,0,1,人対車両
2023,33.5959275,130.37061111111112,0,1,車両相互
2023,33.589938333333336,130.40533638888888,0,1,車両相互
2023,33.57985194444445,130.4115975,0,2,車両相互
2023,33.58215555555556,130.39678638888887,0,1,車両相互
2023,33.58236333333333,130.38330222222223,0,2,車両相互
2023,33.56460305555555,130.46213277777775,0,1,車両相互
2023,33.56324472222222,130.4420088888889,0,1,車両相互
2023,33.57902638888889,130.4198386111111,0,3,車両相互
2023,33.58632638888889,130.4553811111111,0,1,車両相互
2023,33.586915833333336,130.41746555555554,0,1,車両相互
2023,33.573706111111115,130.4269886111111,0,1,車両相互
2023,33.60205861111111,130.4140888888889,0,1,車両相互
2023,33.604398611111115,130.40702722222224,0,1,車両相互
2023,33.60189694444445,130.44355833333333,0,1,車両相互
2023,33.59693,130.41953222222222,0,1,人対車両
2023,33.58722916666667,130.41410277777777,0,2,車両相互
2023,33.56624,130.43476555555557,0,1,車両相互
2023,33.59294694444445,130.43538444444445,0,1,車両相互
2023,33.56798250000001,130.45926138888888,0,1,車両相互
2023,33.56978416666667,130.4309375,0,1,車両相互
2023,33.588945,130.41887944444443,0,1,人対車両
2023,33.57086833333334,130.45506194444442,0,1,車両相互
2023,33.56978444444445,130.47095444444446,0,1,車両相互
2023,33.584245,130.42793638888887,0,1,車両相互
2023,33.589687500000004,130.41280722222223,0,3,車両相互
2023,33.58919388888889,130.42136166666666,0,1,車両相互
2023,33.58625527777778,130.41753694444444,0,1,人対車両
2023,33.59441694444445,130.4257172222222,0,1,車両相互
2023,33.59413222222222,130.42446583333333,1,0,車両単独
2023,33.55774611111111,130.45552638888887,0,1,車両単独
2023,33.59972611111111,130.43652944444446,0,1,車両相互
2023,33.59623388888889,130.40520527777778,0,1,車両相互
2023,33.56095166666666,130.4589211111111,0,1,車両相互
2023,33.590764722222225,130.4194375,0,1,車両相互
2023,33.58914388888889,130.4577811111111,0,1,車両相互
2023,33.59460055555556,130.43397666666667,0,1,車両相互
2023,33.55696611111111,130.45200277777778,0,1,車両相互
2023,33.58618416666667,130.4215213888889,0,1,人対車両
2023,33.565033888888884,130.44305444444444,0,1,車両相互
2023,33.56692833333334,130.43388638888888,0,1,車両相互
2023,33.55318277777778,130.45966555555555,0,1,車両相互
2023,33.5394625,130.4637236111111,0,1,車両相互
2023,33.59991,130.39989472222223,0,1,車両相互
2023,33.60098722222222,130.43576638888888,0,1,車両相互
2023,33.573622500000006,130.46249138888888,0,2,車両相互
2023,33.60541972222222,130.42876388888888,0,1,車両相互
2023,33.555099999999996,130.46080333333333,0,1,車両相互
2023,33.55638722222222,130.45507833333332,0,1,車両相互
2023,33.58083805555556,130.42274333333333,0,1,車両相互
2023,33.57948166666667,130.4732663888889,0,1,人対車両
2023,33.60437527777778,130.42186611111111,0,1,車両相互
2023,33.57606944444445,130.44375250000002,0,1,車両相互
2023,33.56545861111111,130.45397666666665,0,2,車両相互
2023,33.59234805555556,130.4231061111111,0,4,車両相互
2023,33.59702638888889,130.41957138888887,0,1,車両相互
2023,33.59570277777778,130.4574683333333,0,1,車両相互
2023,33.609665,130.41072916666667,0,1,車両相互
2023,33.59352833333334,130.4333086111111,0,2,車両相互
2023,33.546011666666665,130.45551333333333,0,1,車両相互
2023,33.55604777777778,130.4615611111111,0,3,車両相互
2023,33.58122666666667,130.42330277777776,0,1,車両相互
2023,33.58340444444445,130.44057916666668,0,1,車両相互
2023,33.57222222222222,130.42888444444444,0,1,車両相互
2023,33.58665361111111,130.4158113888889,0,2,車両相互
2023,33.599405555555556,130.40797416666666,0,1,車両相互
2023,33.57102527777778,130.45619472222222,0,1,車両相互
2023,33.56849888888889,130.4401638888889,0,1,車両相互
2023,33.60246472222222,130.4463613888889,0,1,車両相互
2023,33.56395388888889,130.45698638888888,0,1,車両相互
2023,33.59944055555556,130.40795111111112,0,1,車両相互
2023,33.59413,130.41452444444445,0,1,人対車両
2023,33.581072500000005,130.41959777777777,0,2,車両相互
2023,33.576350833333336,130.43576583333333,0,1,人対車両
2023,33.57259444444445,130.43890083333335,0,2,車両相互
2023,33.5697175,130.44823083333333,1,0,人対車両
2023,33.54676722222222,130.4607611111111,0,1,車両相互
2023,33.58444166666667,130.43756166666668,0,1,車両相互
2023,33.59438083333333,130.4141525,0,2,車両相互
2023,33.56704833333334,130.43375194444445,0,1,車両相互
2023,33.60219166666667,130.40300694444446,1,0,車両単独
2023,33.588325555555556,130.43156583333334,0,1,人対車両
2023,33.563988055555555,130.43841,0,3,車両相互
2023,33.57226638888889,130.43812861111113,0,1,人対車両
2023,33.57704777777778,130.44785583333334,0,1,車両相互
2023,33.592888055555555,130.40761777777777,0,1,人対車両
2023,33.60498833333333,130.4275622222222,0,1,車両相互
2023,33.59030888888889,130.4186325,0,1,車両相互
2023,33.5872875,130.4152425,0,1,人対車両
2023,33.599988888888895,130.43352027777777,0,1,車両相互
2023,33.54454722222222,130.4612075,0,1,車両相互
2023,33.591528611111116,130.41797527777777,0,1,車両相互
2023,33.602448333333335,130.42128194444444,0,1,車両相互
2023,33.583267500000005,130.4252175,0,1,車両相互
2023,33.582123611111115,130.41713083333332,0,1,車両相互
2023,33.587565833333336,130.42286694444442,0,1,車両相互
2023,33.60099916666667,130.41529833333334,0,1,車両相互
2023,33.669730277777774,130.45573833333333,0,1,車両相互
2023,33.686184999999995,130.43467805555557,0,3,車両相互
2023,33.63525611111111,130.46290138888887,0,1,人対車両
2023,33.652140555555555,130.34573972222222,0,1,車両相互
2022,33.671319999999994,130.43486472222222,0,1,人対車両
2023,33.66226583333333,130.42275583333333,0,1,人対車両
2023,33.65678138888889,130.4490688888889,0,3,車両相互
2023,33.64516416666667,130.44064222222224,0,1,車両相互
2023,33.69370111111111,130.4347811111111,0,1,車両相互
2023,33.68895222222222,130.43402055555555,0,1,車両相互
2023,33.60770277777778,130.44238416666667,0,1,車両相互
2023,33.641124166666664,130.42880416666665,0,1,車両相互
2023,33.64127222222222,130.45792388888887,0,1,車両相互
2023,33.62334388888889,130.4399036111111,0,1,車両相互
2023,33.63784138888889,130.44107027777778,0,1,車両相互
2023,33.66391472222222,130.42602499999998,0,1,車両相互
2023,33.634452777777774,130.44077722222224,0,1,車両相互
2023,33.65872916666667,130.44088944444445,0,1,車両相互
2023,33.68951027777778,130.44330638888889,0,1,車両相互
2023,33.61792694444444,130.44533777777778,0,1,車両相互
2023,33.61808833333333,130.44016611111113,0,1,車両相互
2023,33.67603361111111,130.45513805555555,0,1,車両相互
2023,33.658812222222224,130.43966111111112,0,3,車両相互
2023,33.625148333333335,130.42058916666664,0,1,車両相互
2023,33.657651666666666,130.44237944444444,0,1,車両相互
2023,33.63102666666667,130.43673611111112,0,2,車両相互
2023,33.620891666666665,130.43912555555556,0,2,車両相互
2023,33.61134611111111,130.41230944444445,0,1,車両相互
2023,33.681688611111106,130.39521722222221,0,1,車両相互
2023,33.69271694444444,130.43334694444445,0,1,人対車両
2023,33.61978944444444,130.43896194444446,0,3,車両相互
2023,33.619905833333334,130.4249988888889,0,1,車両相互
2023,33.668010277777775,130.44492333333335,0,1,車両相互
2023,33.692031111111106,130.4239675,0,1,車両単独
2023,33.68718083333333,130.43578722222222,0,1,人対車両
2023,33.60793666666667,130.44158277777777,0,1,車両相互
2023,33.658255555555556,130.43961083333335,0,1,車両相互
2023,33.680009722222216,130.3916238888889,0,1,車両相互
2023,33.63442888888889,130.42533805555556,0,1,車両相互
2023,33.609495,130.42357416666667,0,1,車両相互
2023,33.61125944444444,130.4381236111111,0,1,人対車両
2023,33.60694194444444,130.43771083333334,0,1,車両相互
2023,33.60886222222222,130.41900249999998,0,1,車両相互
2023,33.68478611111111,130.45054194444444,0,3,車両相互
2023,33.63496138888889,130.4823027777778,0,1,車両相互
2023,33.6253125,130.4206458333333,0,1,車両相互
2023,33.644843333333334,130.4569586111111,0,1,車両相互
2023,33.646542777777775,130.4407325,0,1,車両相互
2023,33.63849833333333,130.42564,0,1,車両相互
2023,33.618145,130.43985472222224,0,1,車両相互
2023,33.63014,130.4601111111111,0,1,車両相互
2023,33.62384472222222,130.41512194444445,0,1,車両相互
2023,33.63349361111111,130.44064472222223,0,1,車両相互
2023,33.63901,130.44985861111113,0,1,人対車両
2023,33.635239999999996,130.4612833333333,0,1,車両相互
2023,33.649296944444444,130.4365652777778,0,1,車両相互
2023,33.66057277777777,130.43905722222223,0,1,車両相互
2023,33.66400194444444,130.43967,0,2,車両相互
2023,33.65755583333333,130.44336555555557,0,1,車両相互
2023,33.65242277777778,130.44332916666667,0,1,車両相互
2023,33.67324361111111,130.4413497222222,0,1,車両相互
2023,33.667795,130.44310333333334,0,1,車両相互
2023,33.610954722222225,130.43245277777777,0,1,車両相互
2023,33.66246833333333,130.4246425,0,2,人対車両
2023,33.61712416666667,130.44200750000002,0,1,車両相互
2023,33.63669138888889,130.45465638888888,0,1,人対車両
2023,33.624724444444446,130.43611694444445,0,1,車両相互
2023,33.629945,130.44731666666667,0,2,車両相互
2023,33.62707416666667,130.45558583333332,0,1,車両相互
2023,33.64445277777778,130.43425472222222,0,1,車両相互
2023,33.636020555555554,130.42466083333332,0,1,車両相互
2023,33.64899555555556,130.42564166666665,0,1,人対車両
2023,33.669953888888884,130.44280166666667,0,3,車両相互
2023,33.62824138888889,130.4220825,0,4,車両相互
2023,33.64889333333333,130.43629333333334,0,1,車両相互
2023,33.694939999999995,130.42932333333331,0,1,人対車両
2023,33.645241666666664,130.43327444444444,0,1,車両相互
2023,33.689899999999994,130.44024916666666,0,1,人対車両
2023,33.646796944444446,130.44072333333332,0,2,車両相互
2023,33.70126694444445,130.42982444444442,0,1,車両相互
2023,33.63337333333333,130.47884861111112,0,2,車両相互
2023,33.6236325,130.43849111111112,0,2,車両相互
2023,33.659019444444446,130.43041277777778,0,2,車両相互
2023,33.61790972222222,130.43895944444444,0,1,車両相互
2023,33.68252277777778,130.43533861111112,0,1,車両相互
2023,33.621276944444446,130.4454536111111,0,1,車両相互
2023,33.66236444444444,130.42461388888887,0,3,車両相互
2023,33.65010222222222,130.43277916666665,0,1,車両相互
2023,33.52833861111111,130.32278444444444,0,1,車両相互
2023,33.58382527777778,130.36383083333334,0,1,車両相互
2023,33.54794361111111,130.34057611111112,0,1,車両相互
2023,33.58185277777778,130.35026583333334,0,1,車両相互
2023,33.51533111111111,130.32972638888887,0,1,車両相互
2023,33.50567083333333,130.3342025,0,1,車両相互
2023,33.575874444444445,130.35857694444445,0,1,車両相互
2023,33.57182805555556,130.34643583333335,0,1,車両相互
2023,33.57013472222223,130.35655583333332,0,1,車両相互
2023,33.57533611111111,130.3304375,0,1,車両相互
2023,33.54784222222222,130.34035722222222,0,1,人対車両
2023,33.574979722222224,130.35498305555555,0,1,人対車両
2023,33.59059694444445,130.35184583333333,0,1,車両相互
2023,33.57727305555556,130.34620083333334,0,1,車両相互
2023,33.56296444444444,130.34233166666667,0,1,車両相互
2023,33.581365000000005,130.34700750000002,0,1,人対車両
2023,33.54358611111111,130.3372527777778,0,1,車両相互
2023,33.558122777777776,130.33309166666666,0,1,車両相互
2023,33.56285805555555,130.3568925,0,3,車両相互
2023,33.56826055555556,130.3286875,0,1,人対車両
2023,33.54801083333333,130.34740944444445,0,1,車両相互
2023,33.58249166666667,130.36133972222223,0,1,車両相互
2023,33.58309861111111,130.35816194444445,0,1,車両相互
2023,33.549775277777776,130.34003583333333,0,1,車両相互
2023,33.549351944444446,130.34161333333336,0,1,車両相互
2023,33.57553694444445,130.33941694444445,0,1,人対車両
2023,33.56245416666666,130.33167527777778,0,2,車両相互
2023,33.57816527777778,130.33771444444446,0,1,車両相互
2023,33.54866444444444,130.33519194444446,0,1,車両相互
2023,33.507620833333334,130.29165333333333,0,1,車両相互
2023,33.56315972222222,130.34545083333333,0,1,車両相互
2023,33.577223888888895,130.3387513888889,0,1,車両相互
2023,33.549796666666666,130.3481575,0,1,車両相互
2023,33.52570361111111,130.33778111111113,0,1,人対車両
2023,33.51740361111111,130.3354913888889,0,2,車両相互
2023,33.582725833333335,130.34859111111112,0,1,車両相互
2023,33.54198361111111,130.32584083333333,0,1,車両相互
2023,33.56895361111111,130.35599638888888,0,2,車両相互
2023,33.53651555555555,130.34328416666668,0,1,車両相互
2023,33.581228333333335,130.36429333333334,0,1,人対車両
2023,33.63608638888889,130.41397,0,1,車両相互
2023,33.594195,130.38887416666665,0,1,車両相互
2023,33.60643027777778,130.40471694444446,0,1,車両相互
2023,33.54779361111111,130.44513833333335,0,2,車両相互
2023,33.56252444444444,130.41461416666667,0,1,人対車両
2023,33.57508611111111,130.41241277777777,0,3,車両相互
2023,33.55517555555555,130.41078472222222,0,1,車両相互
2023,33.54116555555555,130.4275411111111,0,1,車両相互
2023,33.52978777777778,130.4328975,0,1,人対車両
2023,33.526514444444445,130.41083833333334,0,1,車両相互
2023,33.560874722222216,130.42366166666665,0,1,車両相互
2023,33.53438305555555,130.4323425,0,1,車両相互
2023,33.54224722222222,130.39322694444445,0,1,車両相互
2023,33.54053527777778,130.39219277777778,0,1,車両相互
2023,33.54856833333333,130.4224925,0,1,車両相互
2023,33.54342833333333,130.44072888888888,0,1,車両相互
2023,33.55317833333333,130.39301805555556,0,1,車両相互
2023,33.56377,130.4233611111111,0,3,車両相互
2023,33.532375555555554,130.43264944444442,0,1,人対車両
2023,33.53867472222222,130.39302972222222,0,1,車両相互
2023,33.557648611111105,130.4253222222222,0,1,人対車両
2023,33.56082555555555,130.42168333333333,0,1,車両相互
2023,33.54362888888889,130.44079222222223,0,1,車両相互
2023,33.565441944444444,130.41568472222224,0,4,車両相互
2023,33.5527575,130.40025472222223,0,1,車両相互
2023,33.54217444444444,130.40755666666666,0,1,人対車両
2023,33.56340722222222,130.43167333333332,0,1,車両相互
2023,33.53514166666667,130.41721527777776,0,1,車両相互
2023,33.536363333333334,130.42680249999998,0,1,車両相互
2023,33.54738416666667,130.44431555555556,0,1,車両相互
2023,33.541381944444446,130.39629805555555,0,1,人対車両
2023,33.552225,130.4285061111111,0,1,車両相互
2023,33.54700916666666,130.4377661111111,0,1,人対車両
2023,33.545071666666665,130.42830916666665,0,2,車両相互
2023,33.56731138888889,130.412015,0,1,車両相互
2023,33.544981111111106,130.44191166666667,0,2,車両相互
2023,33.539500555555556,130.43299694444443,0,1,車両相互
2023,33.547620277777774,130.44511916666667,0,1,車両相互
2023,33.53810444444444,130.39311555555554,0,1,人対車両
2023,33.55068138888888,130.44841888888888,0,1,車両相互
2023,33.57059805555556,130.41325361111112,0,1,車両相互
2023,33.56466194444444,130.4104275,0,4,車両相互
2023,33.56333583333333,130.42362305555554,0,1,車両相互
2023,33.570728611111115,130.4212986111111,0,1,車両相互
2023,33.532514722222224,130.40168333333335,0,1,車両相互
2023,33.570753333333336,130.40295944444446,0,1,車両相互
2023,33.568758333333335,130.41845416666666,0,1,車両相互
2023,33.52701583333333,130.4039113888889,0,1,車両相互
2023,33.54309055555555,130.4277647222222,0,1,車両相互
2023,33.547752777777774,130.44320555555555,0,1,車両相互
2023,33.565036111111105,130.41589805555557,0,1,車両相互
2023,33.53268694444444,130.42574194444444,0,1,車両相互
2023,33.558837777777775,130.4089275,0,1,車両相互
2023,33.54891166666666,130.44198583333335,0,1,車両相互
2023,33.53959305555556,130.4332111111111,0,1,車両相互
2023,33.55110611111111,130.43880361111113,0,1,車両相互
2023,33.54880166666666,130.4467663888889,0,1,車両相互
2023,33.5351175,130.41777472222222,0,1,車両相互
2023,33.54014194444444,130.40655722222223,0,2,車両相互
2023,33.554401666666664,130.40029611111112,0,1,人対車両
2023,33.548205555555555,130.44236305555555,0,1,車両相互
2023,33.54212083333333,130.4245038888889,0,1,車両相互
2023,33.536206388888885,130.4275683333333,0,1,車両相互
2023,33.57060111111112,130.42118194444444,0,1,車両相互
2023,33.57401166666667,130.41341444444444,0,1,車両相互
2023,33.541938055555555,130.4238533333333,0,1,車両相互
2023,33.56028694444444,130.43185722222222,0,1,車両相互
2023,33.541734166666664,130.43198666666666,0,1,車両相互
2023,33.55049333333333,130.4320038888889,0,2,車両相互
2023,33.531039166666666,130.40841444444445,0,1,車両相互
2023,33.54188166666666,130.42518833333332,0,1,車両相互
2023,33.54385222222222,130.39768305555555,0,1,人対車両
2023,33.56256305555555,130.43220916666667,0,1,人対車両
2023,33.541956388888885,130.40463250000002,0,1,車両相互
2023,33.565622499999996,130.42138166666666,0,1,車両相互
2023,33.53233916666667,130.40238333333335,0,1,車両相互
2023,33.55230916666667,130.41419472222222,0,1,車両相互
2023,33.56599833333333,130.2431863888889,0,1,車両相互
2023,33.57508416666667,130.25775444444446,0,1,車両相互
2023,33.56272111111111,130.3185488888889,0,2,車両相互
2023,33.57333250000001,130.25754194444445,0,1,車両相互
2023,33.568467500000004,130.3131088888889,0,1,車両相互
2023,33.56574166666666,130.24215944444444,0,1,車両相互
2023,33.564186944444444,130.23789277777777,0,1,車両相互
2023,33.58741972222222,130.34050916666666,0,1,人対車両
2023,33.57360388888889,130.27257111111112,0,1,人対車両
2023,33.57227694444445,130.27362611111113,0,2,車両相互
2023,33.58199611111112,130.32314,0,3,車両相互
2023,33.56899472222223,130.31991888888888,0,2,車両相互
2023,33.56821333333334,130.31827055555556,0,1,車両相互
2023,33.57408083333333,130.26533555555557,0,1,車両相互
2023,33.58178166666667,130.30824944444444,0,1,車両相互
2023,33.56869027777778,130.30995555555558,0,1,車両相互
2023,33.574758333333335,130.32311583333333,0,1,車両相互
2023,33.571759722222225,130.317925,0,2,車両相互
2023,33.58108,130.31685194444444,0,1,車両相互
2023,33.58011472222223,130.27797750000002,0,1,車両相互
2023,33.572590000000005,130.2777861111111,0,1,車両相互
2023,33.58607166666667,130.25879194444445,0,1,車両相互
2023,33.56225416666666,130.3170822222222,0,1,車両相互
2023,33.57259638888889,130.2773463888889,0,3,車両相互
2023,33.56663638888889,130.31767055555557,0,1,車両相互
2023,33.57886944444445,130.32318583333333,0,1,人対車両
2023,33.58657416666667,130.31631750000003,0,1,人対車両
2023,33.56775444444445,130.24121416666665,0,1,車両相互
2023,33.57254972222223,130.27246722222225,0,1,車両相互
2023,33.60006138888889,130.26480583333333,0,1,車両相互
2023,33.54385416666666,130.3144775,0,2,車両相互
2023,33.56870583333334,130.3099402777778,0,1,車両相互
2023,33.57261944444445,130.27849694444447,0,1,車両相互
2023,33.573124444444446,130.25663194444445,0,1,車両相互
2023,33.569701388888895,130.29066138888888,0,1,車両相互
2023,33.577289722222226,130.3145538888889,0,1,車両相互
2023,33.58769361111111,130.32047555555556,0,1,車両相互
2023,33.588057222222226,130.33412777777778,0,2,車両相互
2023,33.56662194444444,130.31047194444446,0,4,車両相互
2023,33.58377388888889,130.3199488888889,0,1,車両相互
2023,33.58606027777778,130.3163225,0,1,車両相互
2023,33.56264777777778,130.32337611111112,0,1,人対車両
2023,33.56037277777777,130.3005013888889,0,1,人対車両
2023,33.58360888888889,130.33349166666667,0,1,車両相互
2023,33.56536527777777,130.24112277777778,0,1,車両相互
2023,33.577311388888894,130.315715,0,1,車両相互
2023,33.582150000000006,130.30493444444446,0,1,車両相互
2023,33.566926111111115,130.29516527777778,0,1,車両相互
2023,33.558369444444445,130.31940305555554,0,1,車両相互
2023,33.58063388888889,130.33328305555554,0,1,車両相互
2023,33.57198777777778,130.24446527777778,0,1,車両相互
2023,33.57676777777778,130.3251425,0,1,人対車両
2023,33.574895000000005,130.31622833333336,0,1,車両相互
2023,33.585348888888895,130.31294611111113,0,1,車両相互
2023,33.58190416666667,130.2620036111111,0,1,車両相互
2023,33.60272027777778,130.26162916666667,0,1,車両相互
2023,33.54704611111111,130.35028416666665,0,1,車両相互
2023,33.567464722222226,130.36677583333335,0,1,車両相互
2023,33.551984166666664,130.3685352777778,0,1,車両相互
2023,33.56752527777778,130.3754575,0,1,車両相互
2023,33.54629277777778,130.36945333333335,0,1,車両相互
2023,33.55286888888889,130.36475305555555,0,3,車両相互
2023,33.57076055555556,130.35930555555555,0,1,車両相互
2023,33.543771388888885,130.35622222222221,0,1,車両相互
2023,33.552237777777776,130.3729661111111,0,1,車両相互
2023,33.57300361111111,130.36680416666667,0,2,車両相互
2023,33.56103638888889,130.3624888888889,0,1,車両相互
2023,33.54553527777777,130.3632663888889,0,1,車両相互
2023,33.571267777777784,130.36818972222224,0,1,車両相互
2023,33.55986583333333,130.36179333333334,0,1,人対車両
2023,33.542991388888886,130.38331611111113,0,1,車両相互
2023,33.54338611111111,130.38069972222223,0,1,車両相互
2023,33.55304777777778,130.38799083333333,0,1,車両相互
2023,33.55404305555555,130.35116027777778,0,2,人対車両
2023,33.57051555555556,130.35719083333333,0,1,車両相互
2023,33.57344472222223,130.36814666666666,0,1,車両相互
2023,33.55988083333333,130.37510305555557,0,1,車両相互
2023,33.57104166666667,130.35938944444445,0,2,車両相互
2023,33.57105027777778,130.3593488888889,0,2,車両相互
2023,33.769171944444444,130.49310694444443,0,1,車両相互
2023,33.763012777777774,130.48934666666665,0,1,人対車両
2023,33.79069277777778,130.45091333333332,0,1,車両相互
2022,33.75734583333333,130.49771194444443,0,1,車両相互
2023,33.77511916666666,130.48365555555554,0,1,車両相互
2023,33.75926444444445,130.49582249999997,0,1,車両相互
2023,33.77647555555556,130.48360805555555,0,1,車両相互
2023,33.76678361111111,130.49022499999998,0,2,車両相互
2023,33.77088027777778,130.48323,0,2,車両相互
2023,33.752940555555554,130.49194944444443,0,2,車両相互
2023,33.76540472222222,130.4882211111111,0,1,車両相互
2023,33.7630475,130.4805163888889,0,1,車両相互
2023,33.76058611111111,130.4987622222222,0,1,車両相互
2023,33.51302444444445,130.48698555555555,0,1,車両相互
2023,33.50580138888889,130.49715888888886,0,6,車両相互
2023,33.49847694444445,130.48940444444443,0,2,車両相互
2023,33.44755027777777,130.47918916666666,0,2,車両相互
2023,33.50841194444445,130.49559722222222,0,1,車両相互
2023,33.51249722222222,130.49061055555555,0,1,車両相互
2023,33.50114277777778,130.49689527777775,0,1,車両相互
2023,33.51353,130.4894097222222,0,1,車両相互
2023,33.51862555555555,130.49958388888888,0,1,車両相互
2023,33.513535833333336,130.4895661111111,0,1,車両相互
2023,33.51987166666667,130.4958025,0,1,車両相互
2023,33.50072472222222,130.48976694444443,0,1,車両相互
2023,33.50925055555555,130.48916555555553,0,1,車両相互
2023,33.5490475,130.21284305555554,0,2,車両相互
2023,33.604733333333336,130.18112499999998,0,1,車両相互
2023,33.51828777777778,130.1395086111111,0,1,車両相互
2023,33.565420277777775,130.22646666666668,0,2,車両相互
2023,33.562153888888886,130.2019675,0,1,車両相互
2023,33.50947388888889,130.12798166666667,0,1,車両相互
2023,33.54706888888889,130.17539444444444,0,1,車両相互
2023,33.571578333333335,130.2402383333333,0,1,車両相互
2023,33.571671388888895,130.1960361111111,0,1,車両相互
2023,33.606436111111115,130.2023311111111,0,2,車両単独
2023,33.5621825,130.22640361111112,0,2,車両相互
2023,33.51445277777778,130.1931502777778,0,1,車両相互
2023,33.57049666666667,130.2363025,0,1,車両相互
2023,33.557649166666664,130.21826972222223,0,1,車両相互
2023,33.508002222222224,130.12364805555558,0,4,車両相互
2023,33.52446583333333,130.22163972222222,0,1,車両相互
2023,33.54675777777778,130.16886083333333,0,1,車両相互
2023,33.56055305555555,130.2172936111111,0,1,車両相互
2023,33.58135,130.18439527777778,0,1,人対車両
2023,33.562711388888886,130.20314555555555,0,1,車両相互
2023,33.56422611111111,130.2249825,0,1,車両相互
2023,33.529625555555555,130.1817213888889,0,1,車両相互
2023,33.62204138888889,130.18640944444445,0,1,人対車両
2023,33.54055972222222,130.23419944444444,0,1,車両相互
2023,33.60381638888889,130.157105,0,1,車両相互
2023,33.56122111111111,130.2091625,0,1,車両相互
2023,33.55678388888889,130.19535277777777,0,3,車両相互
2023,33.50853166666667,130.12509944444446,0,2,車両相互
2023,33.56438583333333,130.20586694444444,0,1,車両相互
2023,33.58811027777778,130.46939722222223,0,1,車両相互
2023,33.59291972222223,130.49360777777775,0,1,車両相互
2023,33.6208475,130.4768625,0,1,車両相互
2023,33.6685525,130.48518305555555,0,2,車両相互
2023,33.60621472222223,130.4685252777778,0,1,車両相互
2023,33.72946,130.4741775,0,2,車両相互
2023,33.61294777777778,130.4878675,0,1,車両相互
2023,33.578363333333336,130.49550638888888,0,1,車両相互
2023,33.58378583333334,130.484815,0,1,車両相互
2023,33.67099416666667,130.48513527777777,0,1,車両相互
2023,33.596409722222226,130.4773325,0,3,車両相互
2023,33.58298444444445,130.48101166666666,0,1,車両相互
2023,33.579101388888894,130.48178972222223,0,2,車両相互
2023,33.692169166666666,130.45149416666666,0,1,車両相互
2023,33.62766222222222,130.47185583333334,0,1,車両相互
2023,33.61410055555556,130.4576172222222,0,1,車両相互
2023,33.73678777777778,130.4833052777778,0,1,車両相互
2023,33.69794972222222,130.44805805555555,0,1,車両相互
2023,33.59343166666667,130.4932208333333,0,1,車両相互
2023,33.58855444444445,130.487465,0,1,車両相互
2023,33.613035555555555,130.4513836111111,0,1,車両相互
2023,33.70328666666667,130.4542036111111,0,1,車両相互
2023,33.638727777777774,130.49550277777777,0,1,車両相互
2023,33.687713055555555,130.47075222222222,0,1,車両相互
2023,33.69001333333333,130.4731377777778,0,1,人対車両
2023,33.6516625,130.4872313888889,0,1,人対車両
2023,33.588858611111114,130.48138694444444,0,1,人対車両
2023,33.72316916666667,130.47505583333333,0,1,車両相互
2023,33.59182138888889,130.48303972222223,0,1,車両相互
2023,33.6060025,130.44649944444444,0,1,車両相互
2023,33.624811111111114,130.48234166666666,0,1,車両相互
2023,33.71994083333333,130.4842033333333,0,2,車両相互
2023,33.61154722222222,130.4607,0,1,車両相互
2023,33.640615,130.49649333333332,0,1,車両相互
2023,33.579303888888894,130.48200583333335,0,1,車両相互
2023,33.60196,130.48893166666664,0,1,車両相互
2023,33.74518444444445,130.4854447222222,0,1,車両相互
2023,33.703140000000005,130.45400805555553,0,1,車両相互
2023,33.62321194444444,130.47318027777777,0,1,車両相互
2023,33.627877500000004,130.48801166666667,0,3,車両相互
2023,33.698145,130.44818083333334,0,1,車両相互
2023,33.738729166666666,130.48035166666668,0,1,車両相互
2023,33.6965775,130.44912305555556,0,2,車両相互
2023,33.60293388888889,130.47381916666666,0,1,車両相互
2023,33.7200775,130.46383999999998,0,1,車両相互
2023,33.62666333333333,130.49648888888888,0,1,車両相互
2023,33.603504722222226,130.45253694444443,0,1,車両相互
2023,33.57784527777778,130.4915286111111,0,1,人対車両
2023,33.61212305555556,130.45207138888887,0,1,車両相互
2023,33.74106361111111,130.48554472222222,0,1,車両相互
2023,33.63755694444444,130.49480055555554,0,1,車両相互
2023,33.69797277777777,130.44809805555556,0,1,車両相互
2023,33.661634444444445,130.4861408333333,0,1,車両相互
2023,33.58486972222222,130.49657666666664,0,1,車両相互
2023,33.58941666666667,130.48207944444445,0,1,車両相互
2023,33.59113138888889,130.48475305555553,0,1,車両相互
2023,33.71306916666667,130.43352916666666,0,1,車両相互
2023,33.707972500000004,130.4418877777778,0,1,車両相互
2023,33.73332361111111,130.48057472222223,0,1,車両相互
2023,33.69526388888889,130.45047777777776,0,1,車両相互
2023,33.68575361111111,130.48774944444443,0,1,車両相互
2023,33.61951361111111,130.4965863888889,0,1,車両相互
2023,33.57633083333334,130.49592638888888,0,1,車両相互
2023,33.74834111111111,130.4784686111111,0,1,車両相互
2023,33.61748194444444,130.48642916666665,0,1,人対車両
2023,33.613084444444446,130.47346166666668,0,1,人対車両
2023,33.613104444444446,130.44998111111113,0,2,車両相互
2023,33.61091388888889,130.45752194444444,0,1,車両相互
2023,33.62571666666667,130.4608438888889,0,1,車両相互
2023,33.591077222222225,130.49497777777776,0,2,車両相互
2023,33.61945138888889,130.4956411111111,0,1,車両相互
2023,33.652387777777776,130.4882522222222,0,2,車両相互
2023,33.69683472222222,130.44984972222224,0,2,車両相互
2023,33.71042111111112,130.45654527777776,0,1,車両相互
2023,33.618045555555554,130.4687172222222,0,1,人対車両
2023,33.60483555555556,130.44946694444445,0,1,車両相互
2023,33.744102500000004,130.4699875,0,1,車両相互
2023,33.73787138888889,130.4658883333333,0,1,車両相互
2023,33.62380972222222,130.45469666666665,0,1,車両相互
2023,33.694919999999996,130.45043444444443,0,1,車両相互
2023,33.701328611111116,130.45213388888888,0,1,車両相互
2023,33.73654888888889,130.48364249999997,0,1,車両相互
2023,33.71502111111111,130.45936527777778,0,1,車両相互
2023,33.72460111111111,130.4876661111111,0,1,車両相互
2023,33.610038611111115,130.4484422222222,0,1,車両相互
2023,33.62668027777778,130.49692027777778,0,1,車両相互
2023,33.7269025,130.4759302777778,0,2,車両相互
2023,33.535356388888886,130.45922638888888,0,1,車両相互
2023,33.51716111111111,130.44111555555557,0,1,車両相互
2023,33.543797777777776,130.44814277777778,0,1,人対車両
2023,33.51281777777778,130.48442583333332,0,1,車両相互
2023,33.52540638888889,130.4915275,0,1,車両相互
2023,33.53291,130.4466938888889,0,1,人対車両
2023,33.51482472222222,130.46908027777778,0,1,車両相互
2023,33.51987611111111,130.46928222222223,0,1,車両相互
2023,33.530949722222225,130.48617583333333,0,1,車両相互
2023,33.53601805555555,130.49206333333333,0,1,車両相互
2023,33.535420277777774,130.48760861111109,0,1,車両相互
2023,33.53087583333333,130.46206305555555,0,2,車両相互
2023,33.52139361111111,130.48966805555554,0,1,人対車両
2023,33.51824944444444,130.45583777777776,0,2,車両相互
2023,33.531792777777774,130.46102055555554,0,3,車両相互
2023,33.5090175,130.42648166666666,0,3,車両相互
2023,33.50469472222222,130.4703613888889,0,1,人対車両
2023,33.53958027777777,130.440005,0,1,車両相互
2023,33.532225277777776,130.48527861111108,0,1,車両相互
2023,33.515119166666665,130.4583458333333,0,1,車両相互
2023,33.53400555555555,130.45756138888888,0,1,車両相互
2023,33.54395833333333,130.4923861111111,0,1,車両相互
2023,33.54100861111111,130.45100055555554,0,1,車両相互
2023,33.520086666666664,130.4267836111111,0,1,車両相互
2023,33.533791388888886,130.45738194444442,0,1,車両相互
2023,33.52041083333333,130.473495,0,1,車両相互
2023,33.540771666666664,130.44626722222222,0,1,車両相互
2023,33.470155000000005,130.45278666666667,0,1,車両相互
2023,33.539748055555556,130.45222166666665,0,1,車両相互
2023,33.50480638888889,130.4773188888889,0,3,車両相互
2023,33.49333111111111,130.47981333333334,0,3,車両相互
2023,33.54118083333333,130.47942583333332,0,1,車両相互
2023,33.53066444444444,130.47802611111112,0,1,車両相互
2023,33.51524805555555,130.42980277777778,0,1,車両相互
2023,33.5392225,130.4527486111111,0,1,車両相互
2023,33.49926861111111,130.4220222222222,0,1,車両相互
2023,33.52147138888889,130.41305,0,1,車両相互
2023,33.51850944444444,130.43467666666666,0,1,車両相互
2023,33.50495277777778,130.47984305555556,0,1,車両相互
2023,33.529782777777775,130.461415,0,1,車両相互
2023,33.506260833333336,130.46906916666666,0,1,車両相互
2023,33.52337611111111,130.45823249999998,0,1,車両相互
2023,33.540525833333334,130.45010194444444,0,1,車両相互
2023,33.546549999999996,130.44467972222222,0,1,車両相互
2023,33.52080611111111,130.4683877777778,0,1,車両相互
2023,33.5372725,130.46199555555555,0,1,車両相互
2023,33.5114325,130.4619561111111,0,1,車両相互
2023,33.55103583333333,130.49518416666666,0,1,車両相互
2023,33.5131825,130.43463500000001,0,1,車両相互
2023,33.533721666666665,130.48929305555555,0,2,車両相互
2023,33.50799972222222,130.46828277777777,0,1,車両相互
2023,33.52594805555555,130.4675261111111,0,2,車両相互
2023,33.53906027777778,130.48728444444444,0,1,車両相互
2023,33.50832277777778,130.45275583333333,0,1,車両相互
2023,33.52511388888889,130.47458055555555,0,1,車両相互
2023,33.52379305555556,130.44837972222223,0,1,車両相互
2023,33.497300833333334,130.43209694444442,0,4,車両相互
2023,33.53416444444444,130.49011777777775,0,1,車両相互
2023,33.54080888888889,130.4737025,0,1,車両相互
2023,33.52747083333333,130.44444972222223,0,2,車両相互
2023,33.53046083333333,130.4625711111111,0,1,車両相互
2023,33.55394527777778,130.46925166666668,0,1,車両相互
2023,33.51807,130.43592555555557,0,1,車両相互
2023,33.53563888888889,130.44578916666666,0,1,車両相互
2022,33.51612444444444,130.44652027777778,0,1,車両相互
2023,33.50932777777778,130.48109805555555,0,1,車両相互
2023,33.52351888888889,130.45840777777778,0,1,車両相互
2023,33.51566583333334,130.4717222222222,0,1,車両相互
2023,33.511899444444445,130.42994027777777,0,2,車両相互
2023,33.54676722222222,130.44422555555556,0,1,車両相互
2023,33.54752666666666,130.4820463888889,0,1,車両相互
2023,33.554318888888886,130.4944813888889,0,1,車両相互
2023,33.51133111111111,130.4350961111111,0,2,車両相互
2023,33.51070194444444,130.46630888888888,0,1,車両相互
2023,33.5492925,130.48309333333333,0,1,車両相互
2023,33.50624666666667,130.45865694444444,0,1,人対車両
2023,33.52873666666667,130.48289111111112,0,1,人対車両
2023,33.546007499999995,130.4828975,0,1,車両相互
2023,33.52379833333333,130.4483913888889,0,2,車両相互
2023,33.516976944444444,130.48160944444444,0,1,車両相互
2023,33.52971,130.4253711111111,0,4,車両相互
2023,33.5153775,130.4708325,0,1,車両相互
2023,33.51178888888889,130.43566611111112,0,1,車両相互
2023,33.526603333333334,130.4437725,0,1,車両相互
2023,33.513934444444445,130.43424916666666,0,1,車両相互
2023,33.5437675,130.44511277777778,0,1,車両相互
2023,33.53545083333333,130.47710222222221,0,2,車両相互
2023,33.510176944444446,130.42171027777778,0,1,車両相互
2023,33.51061472222222,130.4809752777778,0,1,車両相互
2023,33.248311666666666,130.45291527777778,0,1,車両相互
2023,33.24740666666667,130.46439666666666,0,1,車両相互
2023,33.28428611111111,130.49116249999997,0,1,人対車両
2023,33.30184805555555,130.4925011111111,0,1,車両相互
2023,33.24751472222222,130.46007555555553,0,1,車両相互
2023,33.273153055555554,130.4310097222222,0,1,車両相互
2023,33.24614972222222,130.4640247222222,0,1,車両相互
2023,33.290126944444445,130.4918872222222,0,1,車両相互
2023,33.244080833333335,130.42752583333333,0,1,車両相互
2023,33.306425,130.49515694444443,0,1,車両相互
2023,33.29342555555555,130.49452444444444,0,1,車両相互
2023,33.324559444444446,130.4939286111111,0,1,車両相互
2023,33.200565000000005,130.49833222222222,0,2,車両相互
2023,33.21022972222222,130.4482377777778,0,1,車両相互
2023,33.20964361111111,130.45342416666665,0,1,車両相互
2023,33.22814527777778,130.43315277777776,0,2,車両相互
2023,33.216300555555556,130.49464333333333,0,3,車両相互
2023,33.19199166666667,130.38497805555554,0,1,車両相互
2023,33.209723333333336,130.3920811111111,0,1,車両相互
2023,33.19736472222222,130.38056444444445,0,1,車両相互
2023,33.22022138888889,130.44301166666668,0,2,車両相互
2023,33.188804999999995,130.47266861111112,0,3,車両相互
2023,33.21090388888889,130.40696472222223,0,1,車両相互
2023,33.23621972222222,130.38003444444445,0,2,車両相互
2023,33.20923222222223,130.38590083333332,0,1,車両相互
2023,33.2121325,130.37398666666667,0,1,車両相互
2023,33.19858,130.38002861111113,0,1,車両相互
2023,33.212047777777784,130.3861125,0,2,車両相互
2023,33.2076925,130.3804636111111,0,1,車両相互
2023,33.18879583333333,130.4724427777778,0,1,車両相互
2023,33.22184861111111,130.44524555555557,0,2,車両相互
2023,33.183437777777776,130.49372666666665,0,2,車両相互
2023,33.209228888888894,130.44746694444444,1,0,車両単独
2023,33.226554166666666,130.38048666666668,0,1,車両相互
2023,33.219098888888894,130.49601444444443,0,2,車両相互
2023,33.20530083333334,130.37562277777778,0,1,車両相互
2023,33.18944944444444,130.382845,0,1,車両相互
2023,33.191560555555554,130.36344833333334,0,1,車両相互
2023,33.17201222222222,130.44908972222223,0,1,車両相互
2023,33.16332083333333,130.42281083333333,0,1,車両相互
2023,33.12271194444445,130.42539444444444,0,2,車両相互
2023,33.17138222222222,130.41625333333334,0,2,車両相互
2023,33.14864194444444,130.40160444444444,0,1,人対車両
2023,33.16508638888889,130.43062777777777,0,1,車両相互
2023,33.12963111111111,130.44494944444446,0,2,車両相互
2023,33.177355,130.3986625,0,1,人対車両
2023,33.107553055555556,130.4595811111111,0,2,車両相互
2023,33.100662222222226,130.45818888888888,0,1,車両相互
2023,33.17449861111111,130.42274277777776,0,1,車両相互
2023,33.167206666666665,130.41198111111112,0,1,車両相互
2023,33.16629361111111,130.42006638888887,0,1,人対車両
2023,33.16948277777777,130.40477,0,1,車両相互
2023,33.139112777777775,130.47037277777778,0,2,人対車両
2023,33.167205833333334,130.41210361111112,0,1,車両相互
2023,33.175115,130.42206222222222,0,1,車両相互
2023,33.16432861111111,130.4489638888889,0,1,車両相互
2023,33.15188444444444,130.4489597222222,0,2,車両相互
2023,33.157849166666665,130.40340722222223,0,1,車両相互
2023,33.13632416666667,130.4689975,0,3,車両相互
2023,33.09637111111111,130.45864666666665,0,3,車両相互
2023,33.16126388888889,130.41667833333332,0,1,車両相互
2023,33.136183333333335,130.42353666666665,0,3,車両相互
2023,33.149591111111114,130.47539,0,1,車両相互
2023,33.15991722222222,130.40619444444445,0,1,車両相互
2023,33.15698472222222,130.48449527777777,0,1,人対車両
2023,33.15619083333333,130.39601916666666,0,1,人対車両
2022,33.07259277777778,130.4807252777778,0,1,人対車両
2023,33.02134888888889,130.45408388888887,0,1,車両相互
2023,33.04938111111111,130.44738944444444,0,1,車両相互
2023,33.0307475,130.44098722222222,0,1,車両相互
2023,33.01757388888889,130.4295225,0,1,車両相互
2023,33.03920722222222,130.4557786111111,0,1,車両相互
2023,33.02511888888889,130.4413225,0,8,車両相互
2023,33.04533694444444,130.4582661111111,0,1,車両相互
2023,33.04338611111111,130.47648416666667,0,2,車両相互
2023,33.025126388888886,130.43731083333333,0,1,車両相互
2023,33.31138138888888,130.40925361111113,0,1,車両相互
2023,33.30376472222222,130.36821305555557,0,1,車両相互
2023,33.307356666666664,130.3694352777778,0,1,車両相互
2023,33.26406222222222,130.35671305555556,0,2,車両相互
2023,33.293065,130.35651805555554,0,2,車両相互
2023,33.321198611111114,130.39710805555555,0,1,車両相互
2023,33.26219694444445,130.35109083333333,0,1,車両相互
2023,33.270442777777774,130.39601833333333,0,1,車両相互
2023,33.26389833333333,130.40436805555555,0,2,車両相互
2023,33.2837725,130.34716444444445,0,1,車両相互
2023,33.304603888888884,130.39556527777776,0,1,車両相互
2023,33.27001972222222,130.39395638888888,0,1,車両相互
2023,33.34880277777778,130.3999313888889,0,1,車両相互
2023,33.260238333333334,130.4161102777778,0,1,車両相互
2023,33.32120722222223,130.3911672222222,0,1,車両相互
2023,33.33150083333334,130.41241694444446,0,1,車両相互
2023,33.32411972222223,130.39172194444444,0,2,車両相互
2023,33.32623027777778,130.39219777777777,0,2,車両相互
2023,33.37777111111111,130.48816027777775,0,1,車両相互
2023,33.32449416666667,130.44518972222224,0,1,人対車両
2023,33.36879444444445,130.49905638888887,0,3,車両相互
2023,33.385222222222225,130.49959277777776,0,1,車両相互
2023,33.33788305555556,130.48107694444445,0,1,車両相互
2023,33.32166138888889,130.4140588888889,0,1,車両相互
2023,33.34681138888889,130.45504583333332,0,1,車両相互
2023,33.34031777777778,130.44274222222222,0,1,車両相互
2023,33.38158777777778,130.49922166666664,0,1,車両相互
2023,33.3471375,130.45585277777778,0,1,車両相互
2023,33.365006666666666,130.4626911111111,0,2,車両相互
2023,33.38350138888889,130.4994336111111,0,2,車両相互
2023,33.313205277777776,130.44254583333333,0,1,車両相互
2023,33.382015277777775,130.49925694444443,0,1,車両相互
2023,33.365318333333335,130.49449638888888,0,2,車両相互
2023,33.32573694444445,130.45866638888887,0,1,人対車両
2023,33.328387222222226,130.4697875,0,1,車両相互
2023,33.35849833333334,130.4497027777778,0,1,車両相互
2023,33.37377583333333,130.4918161111111,0,1,車両相互
2023,33.321668611111114,130.41409722222224,0,1,車両相互
2023,33.34742888888889,130.4957188888889,0,1,車両相互
2023,33.37377583333333,130.49197888888887,0,2,車両相互
2023,33.3370175,130.42181472222222,0,1,車両相互
2023,33.33961722222222,130.43818583333334,0,1,車両相互
2023,33.22167555555556,130.22587916666666,0,1,車両相互
2023,33.26804611111111,130.21609777777778,1,0,踏切
2023,33.24789805555556,130.19579916666666,0,2,車両相互
2023,33.25521111111111,130.20630416666665,0,2,車両相互
2023,33.25946388888889,130.21121083333333,0,1,車両相互
2023,33.24859861111111,130.19808777777777,0,2,車両相互
2023,33.26246472222222,130.2273925,0,1,車両相互
2023,33.243854722222224,130.1868825,0,1,車両相互
2023,33.288350277777774,130.09788666666668,0,1,車両相互
2023,33.43204444444444,129.9808975,0,1,車両相互
2023,33.439476111111105,129.83521027777778,0,1,車両相互
2023,33.43969499999999,129.96453027777775,0,1,車両相互
2023,33.44694833333333,129.96332249999998,0,1,車両相互
2023,33.41813777777777,129.9859075,0,1,車両相互
2023,33.432830833333334,129.99841166666664,0,1,車両相互
2023,33.43675277777778,130.02129222222223,0,3,車両相互
2023,33.412256666666664,129.982165,0,1,車両相互
2023,33.34847194444445,130.01448055555556,0,1,車両相互
2023,33.44013361111111,130.0363861111111,0,3,車両相互
2023,33.44815611111111,129.9877911111111,0,1,車両相互
2023,33.43863222222222,129.97528666666668,0,1,車両相互
2023,33.37572055555555,129.94409305555556,0,1,車両相互
2023,33.451394444444446,129.98011833333334,0,2,車両相互
2023,33.4406725,129.9596886111111,0,1,車両相互
2023,33.460948333333334,130.03690277777778,1,0,車両単独
2023,33.43458444444444,129.97976277777778,0,1,車両相互
2023,33.443889444444444,129.9807027777778,0,1,車両相互
2023,33.46803138888889,129.95663805555554,0,1,車両相互
2023,33.43234083333333,129.9838297222222,0,1,人対車両
2023,33.43735472222222,129.9747502777778,0,1,車両相互
2023,33.27037,129.88662916666667,0,1,車両相互
2023,33.21121027777778,129.84968222222224,0,2,車両相互
2023,33.281909722222224,129.8421163888889,0,1,車両相互
2023,33.27318861111111,129.8784811111111,0,1,人対車両
2023,33.23680138888889,129.8246175,0,2,車両相互
2023,33.326643611111116,129.8480938888889,0,2,車両相互
2023,33.2755375,129.8933361111111,0,5,車両相互
2023,33.27469694444444,129.86878666666667,0,1,車両相互
2023,33.27585083333333,129.878535,0,1,車両相互
2023,33.26072277777778,129.883425,0,1,車両相互
2023,33.19577333333333,129.85887555555556,0,1,車両相互
2023,33.34244777777778,129.92097333333334,0,3,車両相互
2023,33.26320666666667,129.86063333333334,0,2,車両相互
2023,33.32576416666667,129.84660444444447,0,2,車両相互
2023,33.26107777777778,129.92068,0,2,車両相互
2023,33.262480277777776,129.90583666666666,0,1,車両単独
2023,33.261673055555555,129.8947086111111,0,1,車両相互
2023,33.27811055555556,129.88119666666668,0,1,車両相互
2023,33.266418888888886,129.88345916666665,0,1,車両相互
2023,33.28192194444444,129.889345,0,1,車両単独
2023,33.27442527777778,129.8755538888889,0,1,車両相互
2023,33.18818583333333,129.86424333333332,0,1,車両相互
2023,33.193795277777774,130.02763805555557,0,1,車両相互
2023,33.188893888888884,130.00614555555555,0,1,車両相互
2023,33.1399425,129.97836777777778,0,3,車両相互
2023,33.19840305555555,130.02587222222223,0,1,人対車両
2023,33.19257222222222,129.96615055555554,0,1,車両相互
2023,33.19056388888889,130.0137863888889,0,2,車両単独
2023,33.194316388888886,130.0281927777778,0,2,車両相互
2023,33.195972777777776,129.97693666666666,0,3,車両相互
2023,33.19177583333333,130.01272444444444,0,1,車両相互
2023,33.16258888888889,130.0022025,0,1,車両単独
2023,33.20227888888889,130.05367972222223,0,1,車両相互
2023,33.237096944444446,130.01222277777777,0,2,車両相互
2023,33.22056638888889,130.152065,0,1,車両相互
2023,33.14532916666666,130.13161083333335,0,1,車両相互
2023,33.13909888888889,130.1219438888889,0,1,車両相互
2023,33.22434361111111,130.17535194444443,0,1,車両相互
2023,33.174685555555556,130.19982611111112,0,1,車両相互
2023,33.10012138888889,129.9977047222222,0,1,車両相互
2023,33.11223611111111,130.0868227777778,0,1,人対車両
2023,33.15074194444444,130.06425305555555,0,1,車両相互
2023,33.10801527777778,129.9844797222222,0,1,人対車両
2023,33.08262722222223,130.13768666666667,0,1,車両相互
2023,33.1400075,130.0706813888889,0,1,車両相互
2023,33.05759972222222,130.157845,0,1,車両相互
2023,33.102199722222224,129.99090694444442,0,1,人対車両
2023,32.97070333333333,130.20471972222222,0,1,車両相互
2023,33.128951944444445,130.06364972222224,0,1,車両相互
2023,33.108917777777776,129.972035,0,1,車両相互
2023,33.12245611111111,130.09543194444444,0,1,車両相互
2023,33.26084777777778,130.30386333333334,0,1,車両相互
2023,33.24715194444445,130.30999333333335,0,1,車両相互
2023,33.21091444444445,130.32234805555555,0,6,車両相互
2023,33.24512055555556,130.31230222222223,0,1,車両相互
2023,33.25459166666667,130.29321638888888,0,1,車両相互
2023,33.19691694444444,130.31932527777778,0,2,車両相互
2023,33.253458611111114,130.30116194444446,0,1,車両相互
2023,33.241570277777775,130.26785527777778,0,1,人対車両
2023,33.220086944444446,130.24533416666665,0,1,車両相互
2023,33.23835638888889,130.31017972222224,0,1,車両相互
2023,33.239255,130.30664583333333,0,1,車両相互
2023,33.24648083333334,130.2758327777778,0,1,車両相互
2023,33.227318333333336,130.2581561111111,0,2,車両相互
2023,33.212945833333336,130.3063413888889,0,2,車両相互
2023,33.24002111111111,130.28408277777777,0,1,車両相互
2023,33.23634722222222,130.32292388888888,0,1,車両相互
2023,33.24164527777778,130.3222497222222,0,1,車両相互
2023,33.231790833333335,130.25769527777777,0,1,車両相互
2023,33.253547777777776,130.27437944444446,0,1,車両相互
2023,33.25664305555556,130.30430222222225,0,1,車両相互
2023,33.24014638888889,130.28082944444446,0,2,車両相互
2023,33.2523775,130.30585361111113,0,2,車両相互
2023,33.223193333333334,130.36051777777777,0,1,車両相互
2023,33.2391075,130.23564194444444,0,1,車両相互
2023,33.260685555555554,130.30216694444445,0,1,人対車両
2023,33.25607083333333,130.2706188888889,0,1,車両相互
2023,33.23155305555556,130.2516361111111,0,2,車両相互
2023,33.24765194444444,130.31380083333335,0,2,車両相互
2023,33.2542225,130.31742472222223,0,1,車両相互
2023,33.24493944444445,130.26991055555555,0,1,車両相互
2023,33.25159861111111,130.3130463888889,0,1,人対車両
2023,33.22822638888889,130.30199833333336,0,2,車両相互
2023,33.24629138888889,130.2764625,0,1,車両相互
2023,33.26178888888889,130.30856083333333,0,1,車両相互
2023,33.24301666666667,130.24859166666664,0,1,車両相互
2023,33.23975527777778,130.2871788888889,0,1,車両相互
2023,33.23896527777778,130.30199194444447,0,1,車両相互
2023,33.25112611111111,130.30349194444446,0,4,車両相互
2023,33.233227500000005,130.27503361111113,0,1,車両相互
2023,33.24878833333334,130.27530472222224,0,2,車両相互
2023,33.29044444444444,130.29793527777778,0,1,車両相互
2023,33.275217222222224,130.29827944444443,0,1,車両相互
2023,33.27234333333333,130.27107111111113,0,4,車両相互
2023,33.282154166666665,130.26328361111112,0,1,車両相互
2023,33.26352694444444,130.317875,0,2,車両相互
2023,33.2748225,130.30613083333336,0,1,人対車両
2023,33.277345,130.2989275,0,1,車両相互
2023,33.32546888888889,130.32245833333332,0,1,車両相互
2023,33.27064722222222,130.27122,0,2,車両相互
2023,33.276533055555554,130.26169277777777,0,1,車両単独
2023,33.271523888888886,130.2688711111111,0,1,車両相互
2023,33.30983583333333,130.28509111111111,0,1,車両相互
2023,33.32113777777778,130.2725838888889,0,1,人対車両
2023,33.27633333333333,130.3044191666667,0,2,車両相互
2023,33.26613444444445,130.29782472222223,0,1,車両相互
2023,33.283472777777774,130.29171472222222,0,1,車両相互
2023,33.40725722222222,130.2721563888889,0,1,車両相互
2023,33.289296666666665,130.26802972222222,0,3,車両相互
2023,33.29062583333333,130.27869777777778,0,1,車両相互
2023,33.325385555555556,130.32690722222222,0,1,人対車両
2023,33.270201388888886,130.2884675,0,1,車両相互
2023,33.272173055555555,130.29406055555555,0,1,車両相互
2023,33.325342500000005,130.32737416666666,0,4,車両相互
2023,33.26694888888889,130.31556555555557,0,3,車両相互
2023,33.2646725,130.2766952777778,0,1,車両相互
2023,33.26925833333333,130.26158944444444,0,2,車両相互
2023,33.27598166666667,130.31688111111112,0,1,車両相互
2023,33.26916388888889,130.2758577777778,0,1,人対車両
2023,33.26546472222222,130.32877444444443,0,1,車両相互
2023,33.30703972222222,130.30916333333334,0,2,車両相互
2023,33.30432416666666,130.31958444444444,0,1,車両相互
2023,33.27090916666666,130.2978911111111,0,1,車両相互
2023,33.26552,130.30085083333336,0,1,車両相互
2023,33.26562333333333,130.30201305555556,0,1,人対車両
2023,33.26408138888889,130.29958805555555,0,1,車両相互
2023,33.27482972222222,130.29955805555556,0,1,車両相互
2023,33.27438583333333,130.29352333333333,0,1,車両相互
2023,33.273495555555556,130.2890788888889,0,2,車両相互
2023,33.29361222222222,130.29896805555555,0,1,車両相互
2023,33.27974833333333,130.2634588888889,0,1,車両相互
2023,33.266464722222224,130.3019525,0,1,車両相互
2023,33.26315888888889,130.29806527777777,0,1,車両相互
2023,33.2626,130.28207111111112,0,1,車両相互
2023,33.31509611111111,130.30109694444445,0,1,車両相互
2023,33.30908194444444,130.26376583333334,0,1,車両相互
2023,33.26318305555556,130.31799388888888,0,1,車両相互
2023,33.30871472222222,130.2595922222222,0,2,車両相互
2023,33.27176388888889,130.26967833333336,0,1,車両相互
2023,33.310067499999995,130.28551472222222,0,1,車両相互
2023,33.262843333333336,130.30084305555556,0,1,車両相互
2023,33.28685111111111,130.2632238888889,0,1,車両相互
2023,33.29929222222222,130.28085083333335,0,1,車両相互
2023,33.275396388888886,130.27060611111114,0,1,車両相互
2023,33.26799555555556,130.27600194444446,0,1,車両相互
2023,33.31040333333333,130.29911583333333,0,1,車両相互
2023,33.27647611111111,130.31661583333334,0,1,車両相互
2023,32.90254083333333,129.97966666666667,0,1,車両相互
2023,33.22617527777778,129.64590194444443,0,1,車両相互
2023,32.79365555555555,129.87407944444445,0,1,車両相互
2023,33.23021888888889,129.64543555555554,0,2,車両相互
2023,32.76257888888889,129.8886738888889,0,1,車両相互
2023,32.75856111111111,129.8682588888889,0,2,車両相互
2023,32.706406944444446,129.91048111111112,0,1,車両相互
2023,32.72362527777778,129.88557527777778,0,1,車両相互
2023,32.73505638888889,129.83848527777778,0,1,車両相互
2023,32.748291111111115,129.87128333333334,0,1,車両相互
2023,32.731318333333334,129.89269527777776,0,5,車両相互
2023,32.77031361111111,129.94977305555557,0,1,人対車両
2023,32.76511555555555,129.85848416666667,0,2,車両相互
2023,32.76537472222222,129.85860305555556,0,1,車両相互
2023,32.745847777777776,129.87235444444445,0,1,人対車両
2023,32.75624972222222,129.86872722222222,0,1,車両相互
2023,32.745174444444444,129.87254666666666,0,1,人対車両
2023,32.749228611111114,129.88071,0,1,人対車両
2023,32.74565611111111,129.87214055555557,0,3,車両相互
2023,32.76366888888889,129.863455,0,1,車両相互
2023,32.7580325,129.8866211111111,0,2,車両相互
2023,32.74573111111111,129.87952611111112,0,1,車両相互
2023,32.741667222222226,129.89447388888888,0,1,車両相互
2023,32.75262138888889,129.87198333333333,0,2,車両相互
2023,32.754983055555556,129.86220055555555,0,1,人対車両
2023,32.76181388888889,129.86552944444443,0,1,車両相互
2023,32.751165,129.86898027777778,0,1,人対車両
2020,32.75790972222222,129.8686588888889,0,1,車両単独
2023,32.749560555555554,129.87280805555557,0,5,車両相互
2023,32.76190666666667,129.86182722222222,0,1,車両相互
2023,32.765722777777775,129.867745,0,1,車両相互
2023,32.74762555555556,129.87254361111113,0,2,車両相互
2023,32.763423333333336,129.95135444444443,0,1,車両相互
2023,32.73062027777778,129.8424102777778,0,1,車両相互
2023,32.73164444444445,129.86504527777777,0,1,車両相互
2023,32.70165416666667,129.84717305555557,0,1,車両相互
2023,32.716168055555556,129.8704211111111,0,1,車両相互
2023,32.714440833333335,129.86829222222224,0,1,車両相互
2023,32.70124333333334,129.84738194444446,0,1,車両相互
2023,32.71818694444445,129.85562666666667,0,1,車両相互
2023,32.7258725,129.8644961111111,0,2,車両相互
2023,32.78267972222222,129.87085555555555,0,1,人対車両
2023,32.810205277777776,129.84521694444445,0,3,車両相互
2023,32.80460972222222,129.8506888888889,0,2,車両相互
2023,32.77918861111111,129.86412972222223,0,1,車両相互
2023,32.776311666666665,129.85872027777776,0,1,車両相互
2023,32.793836388888884,129.86230972222222,0,1,車両相互
2023,32.780366666666666,129.84536527777777,0,1,車両相互
2023,32.78397555555556,129.8814588888889,0,2,車両相互
2023,32.768792499999996,129.86425527777777,0,1,車両相互
2023,32.79407277777778,129.8571011111111,0,1,車両相互
2023,32.81392888888889,129.83568472222223,0,1,人対車両
2023,32.784910277777776,129.8623836111111,0,2,車両相互
2023,32.79383333333333,129.8623125,0,1,車両相互
2023,32.78405472222222,129.85861666666665,0,1,人対車両
2023,32.78366888888889,129.87242694444444,0,1,人対車両
2023,32.78399527777778,129.875655,0,1,人対車両
2023,32.78897861111111,129.8748463888889,0,1,人対車両
2023,32.768704166666666,129.8622536111111,0,1,車両相互
2023,32.79198777777778,129.87206361111112,0,1,車両相互
2023,32.81317166666666,129.8455027777778,0,1,車両相互
2023,32.83274416666667,129.85615277777777,0,1,車両相互
2023,32.86897694444445,129.78889083333334,0,2,車両相互
2023,32.83092527777778,129.84733055555557,0,1,車両相互
2023,32.937217777777775,129.7834725,0,2,車両単独
2023,32.85921444444445,129.81655111111112,0,1,車両相互
2023,32.817706944444446,129.8358925,0,2,車両相互
2023,32.84353,129.83544944444446,0,2,車両相互
2023,32.814721388888884,129.84991833333333,0,2,車両相互
2023,32.83345416666667,129.84105555555556,0,1,車両相互
2023,32.82168805555556,129.77397972222224,0,1,車両相互
2023,32.852398055555554,129.8259825,0,2,車両相互
2023,32.86011944444444,129.8035277777778,0,1,車両相互
2023,32.80661666666666,129.85308694444444,0,1,車両相互
2023,32.83386083333333,129.8427188888889,0,1,車両相互
2023,32.835168888888894,130.09158194444444,0,1,車両相互
2023,32.83347027777778,130.08584333333334,0,2,車両相互
2023,32.84357194444445,130.03895583333332,0,1,車両相互
2023,32.852961111111114,130.04372416666666,0,1,車両相互
2023,32.84008166666667,130.01346555555557,0,1,車両相互
2023,32.906439999999996,130.15109833333335,0,2,車両相互
2023,32.834990000000005,130.0758625,0,1,車両相互
2023,32.84250138888889,130.06373444444446,0,1,車両相互
2023,32.85188333333333,130.04342666666668,0,1,車両相互
2023,32.834473055555556,130.01421555555555,0,3,車両相互
2023,32.83720916666667,130.0102361111111,0,2,車両相互
2023,32.830333611111115,130.04350027777778,0,1,車両相互
2023,32.87983027777778,130.02074750000003,0,2,車両相互
2023,32.834163333333336,130.00300222222222,0,1,車両相互
2023,32.84637416666667,130.05279750000003,0,1,車両相互
2023,32.82060527777778,129.97099111111112,0,1,車両相互
2023,32.83310055555556,130.0751461111111,0,1,車両相互
2023,32.91601111111111,130.17002888888888,0,1,車両相互
2023,32.8235,130.00882027777777,0,2,車両相互
2023,32.835321944444445,130.09209333333334,0,2,車両相互
2023,32.84931111111111,130.04367472222222,0,1,車両相互
2023,32.84963638888889,130.0290975,0,1,車両相互
2023,32.84695527777778,130.02006416666669,0,1,車両相互
2023,32.791176944444445,130.36978916666666,0,4,車両相互
2023,32.85915111111111,130.33097666666666,0,1,車両相互
2023,32.798253055555556,130.36152444444443,0,2,車両相互
2023,32.75637666666667,130.3720063888889,0,1,車両相互
2023,32.70065555555556,130.33082249999998,0,1,車両相互
2023,32.68675666666666,130.35171527777777,0,2,車両相互
2023,32.68503305555555,130.28216055555558,0,1,車両相互
2023,32.66262833333333,130.31016583333334,0,1,人対車両
2023,32.66407861111111,130.31327472222225,0,1,車両相互
2023,32.84086111111111,130.1912063888889,0,1,車両相互
2023,32.82988777777778,130.17237027777776,0,1,車両相互
2023,32.735016944444446,130.26060722222223,1,0,車両単独
2023,32.722845,130.2029947222222,0,1,人対車両
2023,32.74507666666667,130.21046944444444,0,1,車両相互
2023,32.94064722222222,129.94848611111112,0,1,車両相互
2023,32.89162916666667,129.96967166666667,0,2,車両相互
2023,32.93470527777777,129.96007083333333,0,1,車両相互
2023,32.90000527777778,129.9723363888889,0,1,車両相互
2023,32.89215611111111,129.97737916666668,0,1,車両相互
2023,32.92371055555555,129.93816611111112,0,1,車両相互
2023,32.860371666666666,129.98981194444443,0,1,車両相互
2023,32.93940111111111,129.95279722222222,0,1,車両相互
2023,32.92223027777778,129.94249194444444,0,1,車両相互
2023,32.899705555555556,129.95932833333333,0,1,人対車両
2023,32.9031725,129.95792277777775,0,1,車両相互
2023,32.92881666666666,129.9511022222222,0,1,車両相互
2023,32.89319916666667,129.97563055555557,0,1,車両相互
2023,32.93472472222222,129.94858833333333,0,1,車両相互
2023,32.93076666666666,129.95392666666666,0,2,車両相互
2023,32.847861388888894,130.00187833333334,0,2,車両相互
2023,32.92272722222222,129.9696025,0,1,人対車両
2023,32.93709722222222,129.96700694444445,0,1,車両相互
2023,32.89207472222222,129.97630916666668,0,2,車両相互
2023,32.891178333333336,129.969805,0,1,車両相互
2023,33.00438694444444,129.94871805555556,0,1,車両相互
2023,33.00725833333333,129.94725166666666,0,1,人対車両
2023,33.138820555555554,129.92550527777777,0,1,車両相互
2023,33.07000361111111,129.86574666666667,0,1,人対車両
2023,33.17420666666666,129.81678583333334,0,1,車両相互
2023,33.12531138888889,129.80416333333335,0,1,車両相互
2023,33.13104555555556,129.80052194444445,0,1,車両相互
2023,33.14923944444445,129.7815827777778,0,1,車両相互
2023,33.05971805555555,129.76275916666665,0,1,車両相互
2023,33.141401944444446,129.79578333333333,0,1,車両相互
2023,33.16332722222222,129.82082777777777,0,1,車両相互
2023,33.12739916666667,129.80095305555557,0,1,人対車両
2023,33.14919166666667,129.7807413888889,0,1,車両相互
2023,33.15870805555556,129.7620263888889,0,1,車両相互
2023,33.16714916666666,129.72154166666667,0,1,車両相互
2023,33.15836861111111,129.73398805555553,0,1,車両相互
2023,33.16103333333333,129.69467944444446,0,1,車両相互
2023,33.1701975,129.7231338888889,0,1,車両相互
2023,33.16051888888889,129.74276388888887,0,3,車両相互
2023,33.17212166666666,129.72155722222223,0,1,車両相互
2023,33.157914444444444,129.76566694444443,0,1,車両相互
2023,33.17533944444444,129.71978972222223,0,1,人対車両
2023,33.15844861111111,129.73394638888888,0,1,車両相互
2023,33.20730555555556,129.73130666666668,0,1,人対車両
2023,33.17238138888889,129.71938111111112,0,1,車両相互
2023,33.16399472222222,129.7270925,0,1,車両相互
2023,33.16196166666666,129.7682925,0,1,人対車両
2023,33.156395277777776,129.7319611111111,0,2,車両相互
2023,33.17454722222222,129.67165,0,1,車両相互
2023,33.20926361111111,129.69453972222223,0,1,車両相互
2023,33.17216583333333,129.67429194444443,0,5,車両相互
2023,33.26831305555555,129.71303388888887,0,1,車両相互
2023,33.23966888888889,129.6483361111111,0,1,車両相互
2023,33.24459027777778,129.6516425,0,2,車両相互
2023,33.31820833333334,129.6104858333333,0,4,車両相互
2023,33.27992305555556,129.69142555555555,0,1,車両相互
2023,33.222326111111116,129.64256361111111,0,1,人対車両
2023,33.27209166666667,129.68781611111112,0,1,車両相互
2023,33.22812833333334,129.65093222222222,0,3,車両相互
2023,33.29427916666666,129.69650805555557,0,2,車両相互
2023,33.34842944444445,129.70126666666667,0,1,人対車両
2023,33.35161,129.76917305555557,0,1,人対車両
2023,33.35978638888889,129.4286463888889,0,1,車両単独
2023,33.34690888888889,129.6146675,0,1,車両相互
2023,33.35887972222223,129.43054999999998,0,2,車両相互
2023,33.35160027777778,129.58481083333334,0,3,車両相互
2023,32.68811916666667,128.84971805555557,0,1,車両相互
2023,32.694356666666664,128.84971611111112,0,1,車両相互
2023,33.79687388888889,129.71799333333334,0,3,車両相互
2023,33.822454722222226,129.69018916666667,0,1,車両相互
2023,33.792165555555556,129.70418416666666,0,1,車両相互
2022,34.23386527777778,129.3087663888889,0,1,車両相互
2023,32.89771777777778,130.4898472222222,0,2,車両相互
2023,33.00433805555556,130.43862722222224,0,1,車両相互
2023,32.99068055555556,130.48164472222223,0,1,車両相互
2023,32.95946222222223,130.47975472222222,0,2,車両相互
2023,32.98550361111111,130.4642972222222,0,1,車両相互
2023,32.96771888888889,130.4468811111111,0,1,車両相互
2023,32.504802777777776,130.11189444444443,1,0,車両単独
2023,32.41737111111111,130.2676475,0,1,車両相互
2023,32.45519388888889,130.1918175,0,1,車両相互
2023,32.45402777777778,130.19374194444444,0,2,車両単独
2023,33.57906444444445,130.44498666666667,0,2,車両相互
2023,33.53142861111111,130.495565,0,2,車両相互
2023,33.56934444444445,130.29483249999998,0,1,車両相互
2023,33.55458888888889,130.4745661111111,0,1,車両相互
2023,33.56906222222223,130.30302361111112,0,4,車両相互
2023,33.52101222222222,130.49557472222222,0,2,車両相互
2023,33.54339361111111,130.48468499999998,0,1,車両相互
2023,33.63116222222222,130.43651583333335,0,5,車両相互
2023,33.551695277777775,130.47842222222224,0,3,車両相互
2023,33.60715611111111,130.40860333333333,0,1,車両相互
2023,33.57864555555556,130.32695638888887,1,0,人対車両
2023,33.562956388888885,130.46096444444444,0,1,車両相互
2023,33.53126388888889,130.49480416666665,0,3,車両相互
2023,33.560739999999996,130.4596063888889,0,3,車両単独
2023,33.59142722222222,130.34558583333333,0,1,車両相互
2023,33.60553,130.4089938888889,0,2,車両相互
2023,33.63764416666667,130.49020138888886,0,1,車両相互
2023,33.64207722222222,130.4860961111111,0,1,車両相互
2023,33.584995,130.39073222222223,0,1,車両相互
2023,33.58397305555556,130.3881172222222,0,1,車両相互
2023,33.59130805555556,130.38555916666667,0,1,車両相互
2023,33.57657833333334,130.40363611111113,0,1,車両相互
2023,33.57192888888889,130.40061416666668,0,1,車両相互
2023,33.58837722222223,130.37029833333335,0,1,車両相互
2023,33.58501944444445,130.40459222222222,0,1,車両相互
2022,33.58110305555556,130.37309000000002,0,1,車両相互
2023,33.58880277777778,130.3893813888889,0,1,車両相互
2023,33.58283027777778,130.37299694444445,0,1,車両相互
2023,33.59023805555556,130.3715136111111,0,2,車両相互
2023,33.593449722222225,130.36218888888888,0,1,人対車両
2023,33.56456222222222,130.3899361111111,0,1,人対車両
2023,33.59030916666667,130.37706333333335,0,1,車両相互
2023,33.58311722222223,130.38910555555555,0,1,車両相互
2023,33.59216083333334,130.39815472222222,0,1,車両相互
2023,33.59471472222222,130.39426583333332,0,1,車両相互
2023,33.567482777777784,130.39447055555556,0,1,車両相互
2023,33.57702944444445,130.37604416666667,0,1,車両相互
2023,33.57962833333334,130.40851305555557,0,1,車両相互
2023,33.56857222222222,130.37799055555556,0,1,人対車両
2023,33.57831138888889,130.37564527777778,0,1,車両相互
2023,33.56643944444444,130.39317333333332,0,1,車両相互
2023,33.5749725,130.40237638888888,0,1,車両相互
2023,33.58729138888889,130.3671952777778,0,2,車両相互
2023,33.57793305555556,130.40807166666667,0,1,人対車両
2023,33.58243666666667,130.38114305555555,0,1,車両相互
2023,33.565710555555555,130.38958527777777,0,1,車両相互
2023,33.586263611111114,130.3970572222222,0,1,車両相互
2023,33.5862775,130.40819416666668,0,1,車両相互
2023,33.57658611111111,130.40390944444445,0,1,車両相互
2023,33.579438888888895,130.3806338888889,0,2,車両相互
2023,33.58691805555556,130.4024777777778,0,2,車両相互
2023,33.58078305555556,130.40742222222224,0,1,人対車両
2023,33.58506277777778,130.3924972222222,0,1,車両相互
2023,33.57456305555556,130.4023388888889,0,1,人対車両
2023,33.588768055555555,130.4059588888889,0,1,車両相互
2023,33.58770444444445,130.39235666666667,0,1,人対車両
2023,33.5885575,130.3936286111111,0,1,車両相互
2023,33.59257777777778,130.386745,0,1,車両相互
2023,33.57231,130.402125,0,2,車両相互
2023,33.57754444444445,130.38413416666666,0,1,車両相互
2023,33.58318944444445,130.4056486111111,0,2,車両相互
2023,33.58978777777778,130.38276194444444,0,1,車両相互
2023,33.590001666666666,130.38043305555556,0,1,車両相互
2023,33.58792833333334,130.40155583333333,0,1,車両相互
2023,33.56211805555555,130.3894225,0,2,車両相互
2023,33.59177694444445,130.38754749999998,0,1,車両相互
2023,33.590297500000005,130.40651916666667,0,1,車両相互
2023,33.57477111111111,130.40676416666668,0,1,車両相互
2023,33.580055,130.40085638888888,0,2,車両相互
2023,33.59232638888889,130.39656722222222,0,1,車両相互
2023,33.59244666666667,130.37831166666666,0,1,車両相互
2023,33.570506944444446,130.38669805555554,0,1,人対車両
2023,33.58996555555556,130.36937277777778,0,1,車両相互
2023,33.591686111111116,130.38668916666666,0,1,人対車両
2023,33.58600333333334,130.39625388888888,0,1,車両相互
2023,33.59378277777778,130.36470055555554,0,1,車両相互
2023,33.590834722222226,130.3928225,0,1,車両相互
2023,33.59159777777778,130.39400166666667,0,1,車両単独
2023,33.58482444444445,130.40125805555556,0,1,人対車両
2023,33.59663194444445,130.37879777777778,0,1,車両相互
2023,33.5878175,130.40154361111112,0,1,車両相互
2023,33.59459777777778,130.39721749999998,0,1,車両相互
2023,33.583177222222226,130.3892186111111,0,1,人対車両
2023,33.581321388888895,130.3988325,0,4,車両相互
2023,33.58777833333333,130.40385194444445,0,1,車両相互
2023,33.58235861111111,130.40926000000002,0,1,人対車両
2023,33.56646694444444,130.3906811111111,0,1,車両相互
2023,33.58529555555556,130.37099111111112,0,1,人対車両
2023,33.589870000000005,130.3605761111111,0,2,車両相互
2023,33.59536472222222,130.3928125,0,1,車両相互
2023,33.579572500000005,130.40860722222223,0,1,車両相互
2023,33.585328611111116,130.40499527777777,0,1,車両相互
2023,33.585576111111116,130.40307,0,1,車両相互
2023,33.577267222222225,130.40484944444444,0,1,人対車両
2023,33.592205,130.3984125,0,1,車両相互
2023,33.59124027777778,130.4224375,0,2,車両相互
2023,33.55564833333333,130.45348555555555,0,1,車両相互
2023,33.59026638888889,130.4174211111111,0,1,人対車両
2023,33.59444388888889,130.41364194444446,0,1,車両相互
2023,33.591324444444446,130.41377944444446,0,1,車両相互
2023,33.59240444444445,130.42670583333333,0,1,車両相互
2023,33.588055555555556,130.4151241666667,0,1,車両相互
2023,33.59666888888889,130.42040166666666,0,1,車両相互
2023,33.57553111111111,130.42129916666667,0,1,車両相互
2023,33.53906694444444,130.46183944444442,0,1,人対車両
2023,33.601198611111116,130.4370288888889,0,1,車両相互
2023,33.592616944444444,130.40524333333335,0,1,人対車両
2023,33.60172027777778,130.4105086111111,0,1,車両相互
2023,33.565079999999995,130.44313666666667,0,2,車両相互
2023,33.58696166666667,130.41754694444444,0,1,車両相互
2023,33.60178138888889,130.43726194444446,0,1,車両相互
2023,33.60104944444445,130.44946861111112,0,1,人対車両
2023,33.59622111111111,130.4049038888889,0,1,車両相互
2023,33.60505722222222,130.43749666666668,0,1,車両相互
2023,33.585769722222224,130.43801472222222,0,1,車両相互
2023,33.563378611111105,130.44131805555557,0,1,車両相互
2023,33.56852000000001,130.44017277777778,0,1,人対車両
2023,33.589846388888894,130.41019555555556,0,1,車両相互
2023,33.59191916666667,130.41041111111113,0,1,車両相互
2023,33.57457916666667,130.44679055555557,0,2,車両相互
2023,33.5466,130.46074249999998,0,1,人対車両
2023,33.538826388888886,130.46353027777778,0,1,車両相互
2023,33.57158916666667,130.45373944444444,0,1,車両相互
2023,33.592865833333335,130.41228,0,1,車両相互
2023,33.56805916666667,130.46740166666666,0,1,車両相互
2023,33.5442825,130.46467388888888,0,1,車両相互
2023,33.585058333333336,130.4379413888889,0,1,車両相互
2023,33.54132472222222,130.46154249999998,0,1,車両相互
2023,33.60339638888889,130.42169166666665,0,1,車両相互
2023,33.58694555555556,130.4127575,0,1,車両相互
2023,33.579929722222225,130.4197822222222,0,1,車両相互
2023,33.5644425,130.46440777777778,0,2,車両相互
2023,33.558479999999996,130.47178583333334,0,1,車両相互
2023,33.59450694444445,130.43377916666668,0,2,車両相互
2023,33.59292222222223,130.41225500000002,0,1,車両相互
2023,33.56865666666667,130.43010666666666,0,1,人対車両
2023,33.57947888888889,130.4327711111111,0,1,車両相互
2023,33.57380305555556,130.44181805555556,0,1,人対車両
2023,33.59776138888889,130.44849555555555,0,1,車両相互
2023,33.55206194444444,130.45027916666666,0,2,車両相互
2023,33.58349611111112,130.45672249999998,0,1,車両相互
2023,33.59771305555556,130.4096525,0,1,車両相互
2023,33.60670527777778,130.42562416666667,0,1,車両相互
2023,33.59747388888889,130.41839777777776,0,1,車両相互
2023,33.60687444444444,130.4365036111111,0,1,車両相互
2023,33.56846138888889,130.4681825,0,2,車両相互
2023,33.58364777777778,130.43719583333333,0,1,車両相互
2023,33.60476638888889,130.40882666666667,0,2,車両相互
2023,33.564947777777775,130.4561336111111,0,1,車両相互
2023,33.58920611111111,130.45900305555554,0,1,車両相互
2023,33.583975,130.42603833333334,0,1,車両相互
2023,33.572814722222226,130.43803055555557,0,1,車両相互
2023,33.5644175,130.4677063888889,0,1,車両相互
2023,33.57978055555556,130.43314972222223,0,2,車両相互
2023,33.60559055555556,130.43752833333335,0,1,車両相互
2023,33.578449444444445,130.43990666666667,0,1,車両相互
2023,33.588658333333335,130.4178486111111,0,1,人対車両
2023,33.58353027777778,130.4405436111111,0,1,車両相互
2023,33.58761444444445,130.41942666666665,0,1,車両相互
2023,33.607194166666666,130.42347527777775,0,2,車両相互
2023,33.5883425,130.41272777777777,0,1,人対車両
2023,33.58778916666667,130.4542225,0,1,車両相互
2023,33.59303972222222,130.43314277777776,0,1,車両相互
2023,33.54362388888889,130.45770472222222,0,2,車両相互
2023,33.58327111111112,130.45673527777777,0,1,車両相互
2023,33.55526111111111,130.45356916666665,0,1,車両相互
2023,33.594929722222226,130.40371666666667,0,1,人対車両
2023,33.59144611111111,130.45162888888888,0,1,車両相互
2023,33.55631833333333,130.4731125,0,1,車両相互
2023,33.57539305555556,130.4214108333333,0,1,車両相互
2023,33.56890777777778,130.43239166666666,0,2,車両相互
2023,33.582346388888894,130.4572586111111,0,1,車両相互
2023,33.541959444444444,130.4645397222222,0,1,車両相互
2023,33.607818333333334,130.41759166666665,0,1,車両相互
2023,33.5967375,130.41745083333333,0,1,車両相互
2023,33.57686666666667,130.41577138888888,0,1,車両相互
2023,33.578121388888896,130.4183222222222,0,1,車両相互
2023,33.59723416666667,130.41757277777776,0,1,車両相互
2023,33.595553611111114,130.42211694444444,0,1,車両相互
2023,33.59155416666667,130.4080463888889,0,1,人対車両
2023,33.54376277777778,130.46947777777777,0,1,車両相互
2023,33.60205,130.41413055555557,0,1,車両相互
2023,33.563222777777774,130.44135944444446,0,1,車両相互
2023,33.57528416666667,130.4212111111111,0,2,車両相互
2023,33.57998083333334,130.46715138888888,0,1,車両相互
2023,33.58130027777778,130.42224638888888,0,2,車両相互
2023,33.554401666666664,130.47509916666667,0,1,車両相互
2023,33.57670138888889,130.4488127777778,0,2,車両相互
2023,33.60633638888889,130.42238694444444,0,1,車両相互
2023,33.60523444444445,130.43767416666668,1,1,人対車両
2023,33.59122472222222,130.4149538888889,0,1,人対車両
2023,33.58789305555556,130.4233186111111,0,1,車両相互
2023,33.551916388888884,130.449765,0,1,車両相互
2023,33.57383138888889,130.4392611111111,0,1,車両相互
2023,33.59471527777778,130.42401277777776,0,1,車両相互
2023,33.59235833333334,130.42676055555555,0,2,車両相互
2023,33.58911305555556,130.4306125,0,1,車両相互
2023,33.576425,130.4486486111111,0,1,車両相互
2023,33.59877111111111,130.45159694444445,0,1,車両相互
2023,33.60208277777778,130.41387500000002,0,1,車両相互
2023,33.56968888888889,130.4514286111111,0,1,車両相互
2023,33.59314944444445,130.41240916666666,0,1,車両相互
2023,33.57609361111111,130.44954027777777,0,1,車両相互
2023,33.54805611111111,130.46836916666666,0,1,人対車両
2023,33.588256111111114,130.41025833333333,0,1,車両相互
2023,33.586625833333336,130.41447694444446,0,2,車両相互
2023,33.58767,130.42211944444443,0,1,車両相互
2023,33.58721666666667,130.41525805555557,0,1,人対車両
2023,33.583754444444445,130.4409388888889,0,1,車両相互
2023,33.60944305555556,130.4110202777778,0,1,車両相互
2023,33.58670305555556,130.4145425,0,1,車両相互
2023,33.59600527777778,130.42783166666666,0,1,車両相互
2023,33.60197527777778,130.4370536111111,0,1,車両相互
2023,33.60280361111111,130.4133713888889,0,1,車両相互
2023,33.60091666666667,130.40938972222222,0,1,車両相互
2023,33.60302,130.42003527777777,0,2,車両相互
2023,33.606878333333334,130.4363152777778,0,1,車両相互
2023,33.56497583333333,130.4560936111111,0,1,車両相互
2023,33.58002583333334,130.4743188888889,0,1,車両相互
2023,33.58758888888889,130.41923888888888,0,1,車両相互
2023,33.59189666666667,130.41026277777777,0,2,車両相互
2023,33.57031722222222,130.4530911111111,0,2,車両相互
2023,33.65109333333333,130.4341736111111,0,1,車両相互
2023,33.65830861111111,130.4394761111111,0,1,車両相互
2023,33.6201675,130.42402166666665,0,1,車両相互
2023,33.626377500000004,130.42884527777778,0,2,車両相互
2023,33.65252722222222,130.41585222222224,0,1,車両相互
2023,33.62031833333334,130.44877694444446,0,1,車両相互
2023,33.65877222222222,130.43294388888887,0,1,車両相互
2023,33.65564638888889,130.44308527777778,0,1,車両相互
2023,33.670942499999995,130.44252333333333,0,1,車両相互
2023,33.661098333333335,130.45133083333332,0,1,車両相互
2023,33.66580138888889,130.4510161111111,0,1,車両相互
2023,33.62998944444445,130.4410202777778,0,1,車両相互
2022,33.62907916666667,130.43474472222223,0,1,車両相互
2023,33.659120277777774,130.42775194444442,0,1,車両相互
2023,33.650103611111106,130.43274888888888,0,1,車両相互
2023,33.653841666666665,130.43889777777778,0,2,車両相互
2023,33.61883916666667,130.4324372222222,0,1,車両相互
2023,33.694984166666664,130.42040527777777,0,1,車両相互
2023,33.638288055555556,130.42155083333333,0,1,車両相互
2023,33.63367861111111,130.47871305555554,0,2,車両相互
2023,33.663846666666664,130.41527222222223,0,1,車両相互
2023,33.66025833333333,130.41693972222222,0,1,車両相互
2023,33.637545833333334,130.44899194444446,0,1,車両相互
2023,33.65656111111111,130.43994194444446,0,1,車両相互
2023,33.636293333333334,130.4246286111111,0,1,車両相互
2023,33.637634444444444,130.42486777777776,0,1,車両相互
2023,33.66128333333333,130.4391263888889,0,1,車両相互
2023,33.60702638888889,130.4376675,0,1,車両相互
2023,33.616662222222224,130.41347611111112,0,1,車両相互
2023,33.63744472222222,130.4811061111111,0,1,車両相互
2023,33.6796625,130.4375388888889,0,1,人対車両
2023,33.61388888888889,130.4138636111111,0,1,車両相互
2023,33.62424277777778,130.45059916666665,0,1,車両相互
2023,33.634145833333335,130.43822500000002,0,1,車両相互
2023,33.70046305555556,130.435565,0,1,車両相互
2023,33.60937,130.4242808333333,0,1,人対車両
2023,33.64099944444445,130.42866027777777,0,1,車両相互
2023,33.636699722222225,130.45330694444442,0,2,人対車両
2023,33.64286972222222,130.44111805555556,0,1,車両相互
2023,33.61589472222222,130.41536583333334,0,1,車両相互
2023,33.633649444444444,130.46232333333333,0,1,車両相互
2023,33.62665027777778,130.44178472222222,0,1,車両相互
2023,33.61718138888889,130.4280063888889,0,1,車両単独
2023,33.67302222222222,130.44144888888889,0,2,車両相互
2023,33.63078027777778,130.41795583333334,0,1,車両相互
2023,33.69930861111111,130.43827361111113,0,1,車両相互
2023,33.62979527777778,130.4400475,0,1,車両相互
2023,33.63489583333333,130.4244575,0,1,車両相互
2023,33.69092361111111,130.42177333333333,0,3,車両相互
2023,33.65031305555556,130.41390222222222,0,1,車両相互
2023,33.63051611111111,130.4397277777778,0,2,車両相互
2023,33.69979472222222,130.4213947222222,0,1,車両相互
2023,33.668545277777774,130.45336333333333,0,1,人対車両
2023,33.642965277777776,130.43100027777777,0,1,車両相互
2023,33.62657055555555,130.43216611111112,0,1,車両相互
2023,33.63091611111111,130.42303222222222,0,1,車両相互
2023,33.6312775,130.4233197222222,0,4,車両相互
2023,33.63522833333333,130.4622811111111,0,1,車両相互
2023,33.65689027777778,130.44908361111112,0,1,車両相互
2023,33.6161425,130.42872277777778,0,2,人対車両
2023,33.62529222222222,130.42069555555554,0,1,車両相互
2023,33.645088055555554,130.43360805555557,0,4,車両相互
2023,33.6558,130.44088944444445,0,1,車両相互
2023,33.64845472222222,130.42642444444442,0,1,車両相互
2023,33.681174444444444,130.435885,0,1,車両相互
2023,33.62888861111111,130.4464688888889,0,1,車両相互
2023,33.68977611111111,130.43394138888888,0,1,人対車両
2023,33.66987333333333,130.4558825,0,1,車両相互
2023,33.62838388888889,130.44848222222222,0,1,車両相互
2023,33.69931555555555,130.43831916666667,0,1,車両相互
2023,33.69792222222222,130.42082083333332,0,2,車両相互
2023,33.687801388888886,130.43414305555555,0,1,人対車両
2023,33.644330277777776,130.4243197222222,0,1,車両相互
2023,33.637730833333336,130.44093166666667,0,2,車両相互
2023,33.6489,130.4405213888889,0,1,車両相互
2023,33.61576166666667,130.41121027777777,0,1,車両相互
2023,33.64756416666667,130.43997444444446,0,1,人対車両
2023,33.66216166666666,130.42472166666667,0,1,車両相互
2023,33.65011972222222,130.4327625,0,1,車両相互
2023,33.681647777777776,130.43569222222223,0,1,車両相互
2023,33.68861333333333,130.4430088888889,0,1,車両相互
2023,33.63569777777778,130.42021111111112,0,1,車両相互
2023,33.65601777777778,130.43995583333333,0,1,車両相互
2023,33.60792861111111,130.43775583333334,0,1,車両相互
2023,33.64507722222222,130.44060277777777,0,1,車両相互
2023,33.622592222222224,130.4375375,0,1,車両相互
2023,33.638282777777775,130.42169166666665,0,1,車両相互
2023,33.63293027777778,130.43638472222221,0,1,車両相互
2023,33.697042499999995,130.41614388888888,0,1,車両相互
2023,33.686568055555554,130.3044802777778,0,1,車両相互
2023,33.6183525,130.43834305555555,0,1,車両相互
2023,33.620331666666665,130.4356627777778,0,1,車両相互
2023,33.62799777777778,130.4446888888889,0,1,車両相互
2023,33.63653055555555,130.42629666666664,0,1,車両相互
2023,33.62576972222222,130.44067555555557,0,1,車両相互
2023,33.66071111111111,130.44238555555555,0,1,車両相互
2023,33.60947166666667,130.43811444444444,0,2,車両相互
2023,33.607225,130.41669166666665,0,1,人対車両
2023,33.645766944444446,130.4428863888889,0,2,車両相互
2023,33.613798333333335,130.42078416666666,0,1,車両相互
2023,33.56843972222222,130.33148972222222,0,1,車両相互
2023,33.54691944444444,130.34682333333333,0,1,車両相互
2023,33.56727222222223,130.34027361111112,0,1,車両相互
2023,33.53220694444445,130.32519555555555,0,1,車両相互
2023,33.51967472222222,130.33577277777778,0,3,車両相互
2023,33.57768472222222,130.36211416666666,0,1,車両相互
2023,33.578971388888895,130.3367291666667,0,1,車両相互
2023,33.59021916666667,130.3482686111111,0,1,人対車両
2023,33.581632500000005,130.34991666666667,0,1,車両相互
2023,33.568775,130.35270083333333,0,1,車両相互
2023,33.57826027777778,130.35907555555556,0,1,車両相互
2023,33.55246611111111,130.32946277777776,0,2,車両相互
2023,33.57465555555556,130.35596833333332,0,1,車両相互
2023,33.58200277777778,130.35158083333332,0,3,車両相互
2023,33.53273305555555,130.33985361111112,0,1,車両相互
2023,33.55108805555555,130.33571222222224,0,1,車両相互
2023,33.566833611111115,130.34292222222223,0,1,車両相互
2023,33.59256416666667,130.3557461111111,0,3,車両相互
2023,33.523558055555554,130.3308463888889,0,2,車両相互
2023,33.54475083333333,130.34613555555558,0,1,人対車両
2023,33.54664666666667,130.34683555555557,0,1,車両相互
2023,33.56821361111111,130.32934527777778,0,1,車両相互
2023,33.49144805555556,130.3320388888889,0,1,車両相互
2023,33.54797611111111,130.3273136111111,0,1,人対車両
2023,33.53876944444444,130.32526388888888,0,1,車両相互
2023,33.54255388888889,130.3316213888889,0,1,車両相互
2023,33.57888527777778,130.33663333333334,0,1,車両相互
2023,33.567593611111114,130.3370975,0,1,車両相互
2023,33.54864,130.3448075,0,1,人対車両
2023,33.54838722222222,130.34611444444445,0,2,車両相互
2023,33.54358472222222,130.33788194444446,0,1,車両相互
2023,33.58790333333334,130.3481827777778,0,1,車両相互
2023,33.56775416666667,130.34858305555557,0,1,車両相互
2023,33.578920833333335,130.35457555555556,0,1,人対車両
2023,33.56801111111111,130.35015611111112,0,1,車両相互
2023,33.57510861111111,130.34194555555555,0,1,車両相互
2023,33.51870527777778,130.33534194444445,0,2,車両相互
2023,33.550799166666664,130.32810555555554,0,1,車両相互
2023,33.579280000000004,130.34619583333335,0,1,車両相互
2023,33.58920916666667,130.34815194444445,0,1,車両相互
2023,33.54071694444444,130.34555083333333,0,1,車両相互
2023,33.5673575,130.33955111111112,0,2,車両相互
2023,33.57883972222223,130.34692416666667,0,2,車両相互
2023,33.57176527777778,130.34298305555558,0,1,車両相互
2023,33.567012777777784,130.34274000000002,0,1,車両相互
2023,33.56935055555556,130.3548536111111,0,1,人対車両
2023,33.636175277777774,130.41432111111112,0,1,車両相互
2023,33.624830833333334,130.40985583333335,0,1,車両相互
2023,33.624159444444444,130.41230777777778,0,1,車両相互
2023,33.59807277777778,130.39529555555555,0,1,車両相互
2023,33.596791111111116,130.39471444444445,0,1,車両相互
2023,33.634723055555554,130.41866833333333,0,1,車両相互
2023,33.582061111111116,130.44474027777778,0,1,車両相互
2023,33.5950225,130.44998416666667,0,1,車両相互
2023,33.538331388888885,130.3952913888889,0,1,車両相互
2023,33.55338916666666,130.4283272222222,0,1,車両相互
2023,33.572612500000005,130.40535527777777,0,1,車両相互
2023,33.57413694444445,130.41502555555556,0,2,車両相互
2023,33.551026388888886,130.43881861111112,0,1,車両相互
2023,33.539698888888886,130.40176472222223,0,1,人対車両
2023,33.53955472222222,130.40176833333334,0,1,車両相互
2023,33.57038527777778,130.42408638888887,0,1,人対車両
2023,33.57475527777778,130.41262555555556,0,1,車両相互
2023,33.57615277777778,130.4131413888889,0,1,車両相互
2023,33.53575138888889,130.39573527777776,0,1,車両相互
2023,33.542967499999996,130.43801611111112,0,1,車両相互
2023,33.5420225,130.42750694444445,0,1,車両相互
2023,33.55339472222222,130.42666499999999,0,1,車両相互
2023,33.55560666666666,130.40673527777778,0,1,車両相互
2023,33.56014527777778,130.40797166666667,0,1,車両相互
2023,33.550825277777776,130.4285397222222,0,1,車両相互
2023,33.536273333333334,130.42693333333332,0,1,車両相互
2023,33.55609444444444,130.40794916666667,0,1,車両相互
2023,33.55144305555555,130.42732388888888,0,1,人対車両
2023,33.5418425,130.42555944444445,0,1,車両相互
2023,33.57083277777778,130.4213286111111,0,1,車両相互
2023,33.549169166666665,130.43472027777779,0,1,車両相互
2023,33.556576388888885,130.40948777777777,0,2,車両相互
2023,33.57235777777778,130.41479361111112,0,1,人対車両
2023,33.54032722222222,130.42764805555555,0,1,車両相互
2023,33.57441527777778,130.41072888888888,0,1,車両相互
2023,33.559189999999994,130.4239313888889,0,1,車両相互
2023,33.54088972222222,130.40267722222222,0,1,車両相互
2023,33.54901777777778,130.42845194444445,0,3,車両相互
2023,33.54859083333333,130.44207527777777,0,1,車両相互
2023,33.56482916666666,130.4229638888889,0,1,車両相互
2023,33.540973055555554,130.41890777777778,0,1,車両相互
2023,33.527770555555556,130.42151416666667,0,1,車両相互
2023,33.55594,130.4080252777778,0,1,車両相互
2023,33.540459999999996,130.38797694444443,0,1,車両相互
2023,33.53863,130.42746083333333,0,1,車両相互
2023,33.56254555555555,130.41563833333333,0,1,車両相互
2023,33.54118361111111,130.39599222222222,0,1,人対車両
2023,33.56142333333333,130.4352452777778,0,1,車両相互
2023,33.54909722222222,130.44715666666667,0,2,車両相互
2023,33.52565027777778,130.41163305555557,0,1,車両相互
2023,33.56550361111111,130.41661333333334,0,1,車両相互
2023,33.53884166666666,130.40557111111113,0,1,車両相互
2023,33.57217194444445,130.40211333333335,0,1,人対車両
2023,33.559286944444445,130.4286483333333,0,2,車両相互
2023,33.537948888888884,130.41610277777778,0,1,車両相互
2023,33.56909138888889,130.41869444444444,0,1,車両相互
2023,33.53892027777778,130.43801444444443,0,1,車両相互
2023,33.55216055555555,130.44648444444445,0,2,車両相互
2023,33.56874555555556,130.4118136111111,0,1,車両相互
2023,33.57465777777778,130.41203388888889,0,1,車両相互
2023,33.560787499999996,130.41367222222223,0,2,車両相互
2023,33.541198055555554,130.40690916666668,0,1,車両相互
2023,33.54850722222222,130.43573555555557,0,2,車両相互
2023,33.543729166666665,130.42796777777778,0,1,車両相互
2023,33.542134999999995,130.42567527777777,0,1,車両相互
2023,33.5482975,130.44593305555557,0,2,車両相互
2023,33.54307027777777,130.42803638888887,0,1,車両相互
2023,33.553466944444445,130.4359986111111,0,1,車両相互
2023,33.54135333333333,130.43946,0,1,人対車両
2023,33.568580833333336,130.4181011111111,0,1,車両相互
2023,33.54736611111111,130.40994305555557,0,1,車両相互
2023,33.54120833333333,130.41821416666664,0,2,車両相互
2023,33.53024694444444,130.4376677777778,0,1,車両相互
2023,33.54484444444444,130.44175666666666,0,2,車両相互
2023,33.537509166666666,130.43285638888887,0,1,車両相互
2023,33.56047972222222,130.3992375,0,2,人対車両
2023,33.562890555555555,130.42257583333333,0,1,車両相互
2023,33.55832861111111,130.42608333333334,0,1,車両相互
2023,33.568286944444445,130.4183661111111,0,1,車両相互
2023,33.560378888888884,130.42734583333333,0,1,車両相互
2023,33.52928444444444,130.43261305555555,0,1,車両相互
2023,33.55778972222222,130.4267186111111,0,1,車両相互
2023,33.541935555555554,130.404725,0,1,車両相互
2023,33.56055277777777,130.4278158333333,0,1,車両相互
2023,33.54167666666667,130.42174166666666,0,1,車両相互
2023,33.57474083333334,130.42028472222222,0,1,人対車両
2023,33.540505277777775,130.4144002777778,0,1,車両相互
2023,33.54432,130.44085555555557,0,1,車両相互
2023,33.555590555555554,130.4319138888889,0,1,車両相互
2023,33.55560083333333,130.32162722222222,0,1,人対車両
2023,33.553444166666665,130.32185222222222,0,1,車両相互
2023,33.558972777777775,130.3144575,0,1,人対車両
2023,33.57630555555556,130.3146313888889,0,1,車両相互
2023,33.55956972222222,130.31829305555556,0,2,車両相互
2023,33.57329722222222,130.25728944444444,0,1,車両相互
2023,33.58565,130.31333555555557,0,1,車両相互
2023,33.58833,130.2443147222222,0,1,車両相互
2023,33.57275027777778,130.27706972222222,0,1,車両相互
2023,33.57729166666667,130.3165588888889,0,1,車両相互
2023,33.572316944444445,130.24540194444444,0,1,人対車両
2023,33.569072500000004,130.30551944444446,0,1,車両相互
2023,33.598556111111115,130.22433583333333,0,1,人対車両
2023,33.56438361111111,130.24321444444442,0,1,車両相互
2023,33.581609722222225,130.27133444444445,0,1,車両相互
2023,33.58716583333334,130.31767916666666,0,1,車両相互
2023,33.587555,130.32692444444444,0,2,車両相互
2023,33.58101555555556,130.25862777777778,0,1,車両相互
2023,33.58010388888889,130.26055027777778,0,3,車両相互
2023,33.565287777777776,130.2410588888889,0,1,車両相互
2023,33.56859638888889,130.31733694444443,0,1,車両相互
2023,33.59394888888889,130.32001555555556,0,2,車両相互
2023,33.58408138888889,130.2682613888889,0,1,車両相互
2023,33.57221833333334,130.27367833333335,0,1,車両相互
2023,33.58927222222223,130.21840777777777,0,1,車両相互
2023,33.58180555555556,130.2462383333333,0,1,車両相互
2023,33.568918888888895,130.30531305555556,0,2,車両相互
2023,33.57852638888889,130.2577125,0,1,車両相互
2023,33.55547277777777,130.32040138888888,0,1,車両相互
2023,33.592957500000004,130.22933777777777,0,1,車両相互
2023,33.576163333333334,130.26458305555556,0,2,車両相互
2023,33.552771111111106,130.31197305555557,0,1,車両相互
2023,33.58065416666667,130.23840055555553,0,1,車両相互
2023,33.55482694444444,130.32219555555554,0,2,車両相互
2023,33.55121638888889,130.30755083333335,0,1,車両相互
2023,33.57625111111111,130.26436194444443,0,1,車両相互
2023,33.56825111111112,130.3181788888889,0,1,車両相互
2023,33.556625,130.31905916666668,0,1,車両相互
2023,33.5941625,130.2283725,0,1,車両相互
2023,33.580198611111115,130.277835,0,1,車両相互
2023,33.56297194444444,130.31830277777777,0,1,車両相互
2023,33.590923333333336,130.3202961111111,0,1,車両相互
2023,33.55863444444444,130.3202122222222,0,1,車両相互
2023,33.57823583333334,130.3245938888889,0,1,車両相互
2023,33.572584444444445,130.2752513888889,0,2,車両相互
2023,33.57152222222223,130.2431411111111,0,1,車両相互
2023,33.57743972222222,130.24181861111109,0,2,車両相互
2023,33.593540000000004,130.26451722222222,0,1,車両相互
2023,33.580556111111115,130.33413861111111,0,1,車両相互
2023,33.577913611111114,130.25556,0,1,人対車両
2023,33.58662527777778,130.31645250000003,0,1,車両相互
2023,33.58206361111112,130.33679444444445,0,1,車両相互
2023,33.58346805555556,130.3243488888889,0,1,人対車両
2023,33.580108055555556,130.27846583333334,0,1,車両相互
2023,33.558323333333334,130.3186186111111,0,1,車両相互
2023,33.568125,130.24696527777778,0,1,車両相互
2023,33.577513888888895,130.31508000000002,0,1,車両相互
2023,33.58180527777778,130.26472222222222,0,1,車両相互
2023,33.582025,130.24719833333333,0,2,車両相互
2023,33.569560833333334,130.2907261111111,0,1,車両相互
2023,33.568177777777784,130.32598527777776,0,1,車両相互
2023,33.565641388888885,130.32315055555554,0,1,車両相互
2023,33.575904722222226,130.307475,0,1,車両相互
2023,33.595508611111114,130.22666138888889,0,1,車両相互
2023,33.58334638888889,130.2692477777778,0,1,車両相互
2023,33.572473888888894,130.27533555555556,0,1,車両相互
2023,33.57754388888889,130.25277333333332,0,1,車両相互
2023,33.58546666666667,130.3128552777778,0,1,車両相互
2023,33.57230805555556,130.27424972222224,0,1,車両相互
2023,33.577647777777784,130.24165694444443,0,1,人対車両
2023,33.57241305555556,130.2727927777778,0,1,車両相互
2023,33.56418055555555,130.2379308333333,0,1,車両相互
2023,33.57306277777778,130.28404749999999,0,1,車両相互
2023,33.56816444444445,130.32588277777776,0,1,車両相互
2023,33.58363277777778,130.32739444444445,0,1,車両相互
2023,33.58359888888889,130.31629333333333,0,1,車両相互
2023,33.58826861111111,130.33461944444446,0,1,車両相互
2023,33.57515666666667,130.25041833333333,0,1,車両相互
2023,33.55781694444444,130.31999555555555,0,1,車両相互
2023,33.56796805555556,130.31601361111112,0,1,人対車両
2023,33.55313361111111,130.31474833333334,0,1,人対車両
2023,33.62907361111111,130.22656583333332,0,3,車両相互
2023,33.58588,130.3140513888889,0,1,人対車両
2023,33.593363611111116,130.32247777777778,0,1,車両相互
2023,33.572383333333335,130.27268,0,1,車両相互
2023,33.58670861111111,130.32986444444444,0,1,車両相互
2023,33.57418611111112,130.26564583333334,0,1,車両相互
2023,33.57302722222222,130.36734166666668,0,2,車両単独
2023,33.561485,130.37836333333334,0,1,車両相互
2023,33.552929999999996,130.36291055555554,0,1,車両相互
2023,33.55752138888889,130.38600499999998,0,1,車両相互
2023,33.54363055555555,130.36030083333333,0,1,車両相互
2023,33.54844222222222,130.38970138888888,0,1,車両相互
2023,33.572118055555556,130.36347999999998,0,1,車両相互
2023,33.558656666666664,130.37883638888889,0,1,車両相互
2023,33.567258611111114,130.36654388888888,0,1,車両相互
2023,33.57592166666667,130.37407861111112,0,1,車両相互
2023,33.55920138888889,130.3878436111111,0,3,車両単独
2023,33.558926666666665,130.37721944444445,0,1,車両相互
2023,33.57624611111112,130.37420472222223,0,1,車両相互
2023,33.546078055555554,130.36716305555555,0,1,車両相互
2023,33.54647138888889,130.36997916666667,0,1,車両相互
2023,33.569922222222225,130.3573072222222,0,1,車両相互
2023,33.56368611111111,130.36766583333335,0,1,車両相互
2023,33.547665555555554,130.37165833333333,0,1,車両相互
2023,33.55261222222222,130.37806194444445,0,2,人対車両
2023,33.576216388888895,130.37395416666666,0,1,車両相互
2023,33.75498277777778,130.49677694444443,0,2,車両相互
2023,33.760038055555555,130.48940472222222,0,2,車両相互
2023,33.75335638888889,130.47443583333333,0,2,車両相互
2023,33.77178,130.48414416666665,0,2,車両相互
2023,33.76069527777778,130.48680083333332,0,1,車両相互
2023,33.78433527777778,130.47436694444445,0,1,車両相互
2023,33.761336388888886,130.4931947222222,0,1,車両相互
2023,33.84648472222222,130.4891811111111,0,1,車両相互
2023,33.760800555555555,130.48688777777775,0,1,車両相互
2023,33.758765833333335,130.476065,0,2,車両相互
2023,33.498491666666666,130.48985055555553,0,1,車両相互
2023,33.525238888888886,130.49469888888888,0,1,車両相互
2023,33.507551944444444,130.4960172222222,0,1,車両相互
2023,33.50277472222222,130.49954277777778,0,1,車両相互
2023,33.5037825,130.49781277777777,0,1,車両相互
2023,33.49901111111111,130.48747999999998,0,1,人対車両
2023,33.51097305555555,130.49395805555554,0,1,車両相互
2023,33.524521944444444,130.49536805555553,0,1,車両相互
2023,33.56183222222222,130.20249055555556,0,1,車両相互
2023,33.53371277777777,130.18195444444444,0,2,人対車両
2023,33.56590027777777,130.22811222222222,0,1,車両相互
2023,33.51681972222222,130.15369583333333,0,2,車両相互
2023,33.56059611111111,130.20688916666666,0,1,車両相互
2023,33.50858861111111,130.12547833333335,0,1,車両相互
2023,33.541914444444444,130.19885222222223,0,2,車両相互
2023,33.57269083333334,130.21813111111112,0,2,車両相互
2023,33.531103888888886,130.15982277777778,0,1,車両相互
2023,33.56361,130.21878583333333,0,1,車両相互
2023,33.542699444444445,130.21859333333333,0,3,車両相互
2023,33.504760833333336,130.09171166666667,0,1,車両相互
2023,33.55313444444444,130.217165,0,1,車両相互
2023,33.52131694444444,130.22757222222222,0,1,車両相互
2023,33.54479833333333,130.20544166666664,0,1,車両相互
2023,33.548385555555555,130.18293277777778,0,1,車両相互
2023,33.562756944444445,130.22619944444443,0,1,車両相互
2023,33.572700555555556,130.21812333333332,0,1,車両相互
2023,33.606765,130.20482277777776,1,0,車両単独
2023,33.56062277777777,130.20684805555555,0,1,車両相互
2023,33.62619888888889,130.45799305555553,0,1,車両相互
2023,33.60461472222222,130.45559666666665,0,1,車両相互
2023,33.60919472222222,130.4512863888889,0,1,車両相互
2023,33.60120083333334,130.46516722222222,0,1,車両相互
2023,33.60461166666667,130.45797416666665,0,1,車両相互
2023,33.72627194444445,130.46577027777778,0,1,車両相互
2023,33.585147500000005,130.49818138888887,0,1,車両相互
2023,33.58939166666667,130.4808675,0,1,車両相互
2023,33.60035222222222,130.47120027777777,0,1,車両相互
2023,33.594770555555556,130.4787525,0,1,車両相互
2023,33.72857472222223,130.47187444444444,0,1,車両相互
2023,33.61433277777778,130.464845,0,1,車両相互
2023,33.69371805555555,130.45351305555553,0,1,車両相互
2023,33.62956138888889,130.4779861111111,0,1,車両相互
2023,33.62428,130.4947283333333,0,1,車両相互
2023,33.62273138888889,130.4599072222222,0,1,人対車両
2023,33.61302111111111,130.48781388888887,0,1,車両相互
2023,33.605628333333335,130.4666272222222,0,1,車両相互
2023,33.669132777777776,130.48496805555556,0,1,車両相互
2023,33.61476833333334,130.47691361111112,0,1,車両相互
2023,33.60336388888889,130.48173222222223,0,4,車両相互
2023,33.64036888888889,130.49473055555555,0,2,車両相互
2023,33.74259194444445,130.47172166666667,0,2,車両相互
2023,33.628926666666665,130.4962011111111,0,2,車両相互
2023,33.5997825,130.47861444444445,0,2,車両相互
2023,33.70301277777778,130.45402388888888,0,1,車両相互
2023,33.62056527777778,130.46914777777778,0,1,車両相互
2023,33.570997222222225,130.4946408333333,0,1,車両相互
2023,33.709942500000004,130.45605416666666,0,1,車両相互
2023,33.59651111111111,130.4796736111111,0,2,車両相互
2023,33.711222500000005,130.45910972222222,0,1,車両相互
2023,33.72184138888889,130.47170444444444,0,3,車両相互
2023,33.719549444444446,130.4631586111111,0,2,車両相互
2023,33.59942388888889,130.46697416666666,0,2,車両相互
2023,33.65463277777778,130.4873186111111,0,1,車両相互
2023,33.59698138888889,130.4724202777778,0,1,車両相互
2023,33.73453222222222,130.47078638888888,0,1,車両相互
2023,33.69922833333333,130.44052250000001,0,1,人対車両
2023,33.71389444444445,130.4506297222222,0,1,車両相互
2023,33.596044722222224,130.47496333333333,0,1,車両相互
2023,33.704591944444445,130.44109,0,3,車両相互
2023,33.607550833333335,130.47316222222221,0,1,車両相互
2023,33.62941361111111,130.47799833333335,0,1,車両相互
2023,33.605156944444445,130.44864388888888,0,1,車両相互
2023,33.7511575,130.47353694444445,0,5,車両相互
2023,33.6035425,130.4541233333333,0,2,車両相互
2023,33.5997825,130.47861833333334,0,2,車両相互
2023,33.605155833333335,130.44848666666667,0,2,車両相互
2023,33.58300222222223,130.4992361111111,0,1,人対車両
2023,33.70989361111111,130.44261111111112,0,1,車両相互
2023,33.61260083333333,130.4708511111111,0,1,車両相互
2023,33.73493861111111,130.47657,0,1,車両相互
2023,33.65577638888889,130.49014416666665,1,1,車両相互
2023,33.59153277777778,130.47747027777777,0,1,車両相互
2023,33.693531388888886,130.4534561111111,0,1,車両相互
2023,33.73023083333334,130.46510777777777,0,1,車両相互
2023,33.6666975,130.4853386111111,0,1,車両相互
2023,33.70729805555556,130.45140277777776,0,1,車両相互
2023,33.69842944444444,130.44673277777778,0,1,車両相互
2023,33.60230277777778,130.45783527777778,0,1,車両相互
2023,33.59881861111111,130.47536694444446,0,1,車両相互
2023,33.69062083333333,130.45213833333332,0,1,車両相互
2023,33.60520527777778,130.49389499999998,0,1,車両相互
2023,33.58836083333333,130.48835416666665,0,1,車両相互
2023,33.60244222222222,130.4692677777778,0,1,車両相互
2023,33.51499361111111,130.44239194444444,0,1,人対車両
2023,33.51609722222222,130.43538722222223,0,1,車両相互
2023,33.529919166666666,130.47479666666666,0,2,車両相互
2023,33.51830833333333,130.47179888888888,0,1,車両相互
2023,33.54776972222222,130.47453638888888,0,1,車両相互
2023,33.518569444444445,130.435785,0,1,車両相互
2023,33.546374166666666,130.44493277777778,0,1,車両相互
2023,33.532178888888886,130.45583666666664,0,1,車両相互
2023,33.545694166666664,130.44276222222223,0,1,車両相互
2023,33.532855,130.45980055555555,0,1,車両相互
2023,33.53448111111111,130.49095444444444,0,1,車両相互
2023,33.52630111111111,130.44013194444446,0,2,車両相互
2023,33.531597222222224,130.48541277777775,0,1,車両相互
2023,33.553800833333334,130.46854555555555,0,1,車両相互
2023,33.53679972222222,130.4553711111111,0,1,車両相互
2023,33.516445,130.48932,0,1,車両相互
2023,33.54221083333333,130.44381222222222,0,1,車両相互
2023,33.543055555555554,130.44351361111111,0,1,車両相互
2023,33.51763805555555,130.47131222222222,0,2,車両相互
2023,33.520288888888885,130.42305222222222,0,2,車両相互
2023,33.50432194444444,130.4776711111111,0,2,車両相互
2023,33.519173333333335,130.4240311111111,0,1,車両相互
2023,33.51918666666666,130.44349444444444,1,0,人対車両
2023,33.52688583333333,130.467225,0,1,車両相互
2023,33.53190861111111,130.4470127777778,0,1,車両相互
2023,33.53678972222222,130.48646138888887,0,1,車両相互
2023,33.54940361111111,130.47745805555556,0,1,車両相互
2023,33.5279275,130.48332222222223,0,1,人対車両
2023,33.53746972222222,130.46585944444442,0,1,車両相互
2023,33.51382777777778,130.46901472222223,0,1,人対車両
2023,33.53473722222222,130.461695,0,1,車両相互
2023,33.534262777777776,130.45805083333332,0,1,車両相互
2023,33.51931666666667,130.47314444444444,0,1,車両相互
2023,33.53691277777778,130.47527694444446,0,1,人対車両
2023,33.530321944444445,130.4625961111111,0,1,車両相互
2023,33.50449888888889,130.48091277777777,0,1,車両相互
2023,33.50611861111111,130.43661944444446,0,2,車両相互
2023,33.52993861111111,130.47476944444443,0,1,車両相互
2023,33.520399166666664,130.4877072222222,0,1,車両相互
2023,33.535985555555555,130.4740938888889,0,1,車両相互
2023,33.533161944444444,130.48449194444444,0,1,人対車両
2023,33.53927611111111,130.45270638888888,0,3,車両相互
2023,33.52841027777778,130.44008,0,1,車両相互
2023,33.518569722222225,130.42199055555554,0,1,車両単独
2023,33.529935,130.4748297222222,0,1,車両相互
2023,33.52676638888889,130.44445944444445,0,1,車両相互
2023,33.55016166666666,130.47839666666667,0,1,車両相互
2023,33.55199888888889,130.48178666666666,0,1,車両相互
2023,33.5077,130.47230444444443,0,1,車両相互
2023,33.511203611111114,130.42638499999998,0,1,車両相互
2023,33.50531027777778,130.4554408333333,0,1,車両相互
2023,33.51579805555556,130.43493361111112,0,1,車両相互
2023,33.533140833333334,130.48840194444443,0,1,車両相互
2023,33.517625,130.41552194444446,0,1,車両単独
2023,33.511628611111114,130.4622875,0,4,車両相互
2023,33.51833805555555,130.44418277777777,0,1,車両相互
2023,33.51590138888889,130.4352536111111,0,1,車両相互
2023,33.537234444444444,130.49181666666667,0,1,車両相互
2023,33.535690555555554,130.45601249999999,0,1,車両相互
2023,33.53865583333333,130.4726572222222,0,2,人対車両
2023,33.54553166666666,130.4459461111111,0,1,車両相互
2023,33.53460805555555,130.46714194444445,0,1,車両相互
2023,33.54388083333333,130.4792338888889,0,1,車両相互
2023,33.5109575,130.42178694444445,0,2,車両相互
2023,33.516554166666666,130.46752527777778,0,1,車両相互
2023,33.52221222222222,130.49156749999997,0,1,人対車両
2023,33.546480277777775,130.4508483333333,0,1,車両相互
2023,33.43765166666666,130.42654249999998,0,1,車両相互
2023,33.53188166666666,130.4907686111111,0,1,車両相互
2023,33.556984166666666,130.49842666666666,0,1,車両相互
2023,33.526676944444446,130.4441713888889,0,1,車両相互
2023,33.53615138888889,130.47950305555557,0,1,人対車両
2023,33.54299805555555,130.44361194444446,0,1,車両相互
2023,33.53507333333333,130.45912527777776,0,2,車両相互
2023,33.52612027777778,130.47642694444446,0,1,車両相互
2023,33.51833722222222,130.42961,0,1,車両相互
2023,33.52983444444445,130.42515,0,1,車両相互
2023,33.53338194444444,130.4591761111111,0,1,車両相互
2023,33.509080555555556,130.47939694444446,0,1,車両相互
2023,33.542966111111106,130.44899666666666,0,1,車両相互
2023,33.488706944444445,130.41289972222222,0,1,車両相互
2023,33.51451111111111,130.47661166666666,0,1,車両相互
2023,33.54700361111111,130.4824175,0,1,車両相互
2023,33.51559527777778,130.47317527777778,0,1,車両相互
2023,33.506864444444446,130.43951361111112,0,1,車両相互
2023,33.525192777777775,130.46753388888888,0,1,車両相互
2023,33.485642222222225,130.3996111111111,0,1,車両相互
2023,33.523759444444444,130.43602333333334,0,1,車両相互
2023,33.52135416666667,130.4893363888889,0,1,車両相互
2023,33.53858222222222,130.4856175,0,1,車両相互
2023,33.30970611111111,130.49239027777776,0,1,車両相互
2023,33.28737972222222,130.4725525,0,2,車両相互
2023,33.2618625,130.46832833333335,0,1,人対車両
2023,33.29160972222222,130.47483861111112,0,1,車両相互
2023,33.276493333333335,130.49731,0,1,車両相互
2023,33.276471388888886,130.49731055555554,0,1,車両相互
2023,33.301807222222216,130.48850083333332,0,1,車両相互
2023,33.254405,130.46426305555553,0,1,車両相互
2023,33.274681666666666,130.49824249999998,0,1,車両相互
2023,33.28904,130.47365305555556,0,1,車両相互
2023,33.273826944444444,130.4737963888889,0,1,車両相互
2023,33.32967138888889,130.48404694444443,0,1,車両相互
2023,33.23093138888889,130.42186194444443,0,1,車両相互
2023,33.215538333333335,130.3701066666667,0,1,車両相互
2023,33.230380555555556,130.4811488888889,0,1,車両相互
2023,33.205776944444445,130.38413916666667,0,1,車両相互
2023,33.21575527777778,130.41124861111112,0,3,車両相互
2023,33.188828888888885,130.47264194444443,0,1,車両相互
2023,33.21299277777778,130.4928247222222,0,1,車両相互
2023,33.19246361111111,130.36349277777776,0,1,車両相互
2023,33.230335000000004,130.49327333333332,0,3,車両相互
2023,33.198611944444444,130.48387499999998,0,1,車両相互
2023,33.21062611111111,130.36445944444444,0,1,車両相互
2023,33.21727777777778,130.43625055555555,0,1,車両相互
2023,33.20052472222223,130.37017944444446,0,1,車両相互
2023,33.21951777777778,130.4490438888889,0,1,車両相互
2023,33.21071888888889,130.4067163888889,0,2,車両相互
2023,33.21912444444445,130.44908611111111,0,1,車両相互
2023,33.218068333333335,130.49947138888888,0,1,車両相互
2023,33.20605583333334,130.38080444444446,0,2,車両相互
2023,33.21280083333333,130.43872694444445,0,1,車両相互
2023,33.20948805555556,130.37702055555556,0,4,車両相互
2023,33.20384916666667,130.47317555555557,0,1,車両相互
2023,33.224939444444445,130.4877286111111,0,1,車両相互
2023,33.22670638888889,130.4458261111111,0,1,車両相互
2023,33.217283333333334,130.43622583333334,0,1,車両相互
2023,33.21287166666667,130.4387636111111,0,1,車両相互
2023,33.20128972222223,130.43975583333335,0,1,車両相互
2023,33.20854416666667,130.47764666666666,0,1,車両相互
2023,33.21904777777778,130.44916,0,1,車両相互
2023,33.219816388888894,130.49449027777777,0,1,車両相互
2023,33.2107375,130.4096888888889,0,3,車両相互
2023,33.201796388888894,130.38852722222222,0,2,車両相互
2023,33.219814166666666,130.49449583333333,0,1,車両相互
2023,33.1864925,130.4172147222222,0,1,車両相互
2023,33.17715861111111,130.4005313888889,0,1,車両相互
2023,33.16471277777778,130.44897083333333,0,1,車両相互
2023,33.1933125,130.40013000000002,0,1,車両相互
2023,33.16908722222222,130.41655666666668,0,1,車両相互
2023,33.18398194444444,130.40478333333334,0,1,車両相互
2023,33.17075555555555,130.423265,0,2,車両相互
2023,33.12269944444444,130.42528305555555,0,2,車両相互
2023,33.10871361111111,130.4599747222222,0,1,車両相互
2023,33.16654583333333,130.4164477777778,0,1,車両相互
2023,33.17865444444444,130.39869305555555,0,1,車両相互
2023,33.16245055555555,130.39087027777776,0,2,車両相互
2023,33.16779472222222,130.4113413888889,0,1,車両相互
2023,33.137322222222224,130.4692725,0,3,車両相互
2023,33.16706166666666,130.4045602777778,0,1,車両相互
2023,33.15262666666666,130.40266583333334,0,1,車両相互
2023,33.17486916666667,130.40436333333335,0,1,車両相互
2023,33.099539166666666,130.45551416666666,0,1,車両相互
2023,33.08220527777778,130.44787166666666,0,2,車両相互
2023,33.15730305555555,130.485165,0,1,車両相互
2023,33.166424166666665,130.41831027777778,0,1,人対車両
2023,33.11367138888889,130.40294666666668,0,3,車両相互
2023,33.09834388888889,130.45728333333332,0,1,車両相互
2023,33.03487333333333,130.44411694444446,0,1,車両相互
2023,33.02972305555556,130.43529361111112,0,1,車両相互
2023,33.058073611111105,130.44953472222224,0,1,車両相互
2023,33.04002916666666,130.44714944444445,0,1,車両相互
2023,33.05676333333333,130.44642666666667,0,1,人対車両
2023,33.083418611111114,130.4612111111111,0,2,車両相互
2023,33.044246944444446,130.48140027777777,0,1,車両相互
2023,33.036885,130.44984583333334,0,1,車両相互
2023,33.06117916666666,130.4788888888889,0,1,車両相互
2023,33.00605222222222,130.43868416666666,0,1,車両相互
2023,33.03442388888889,130.43930527777778,0,1,車両相互
2023,33.015658888888886,130.4392375,0,1,車両相互
2023,33.02364305555555,130.4366338888889,0,1,車両相互
2023,33.05035694444444,130.4418325,0,1,車両相互
2023,33.02358111111111,130.4522075,0,1,車両相互
2023,33.00624861111111,130.43535972222222,0,1,車両相互
2023,33.016509722222224,130.47198805555556,0,1,車両相互
2023,33.02514166666666,130.44294305555556,0,1,車両相互
2023,33.073970833333334,130.48107222222222,0,1,車両相互
2023,33.048700833333335,130.47934111111113,0,1,人対車両
2023,33.04993583333333,130.46180444444443,0,1,車両相互
2023,33.05773277777777,130.4285461111111,0,2,車両相互
2023,33.0327525,130.42903222222222,0,2,車両相互
2023,33.03406638888889,130.44778666666667,0,1,車両相互
2023,33.0417275,130.48930638888888,0,1,車両相互
2023,33.03412055555555,130.4402386111111,0,1,車両相互
2023,33.0154975,130.46703166666666,0,1,車両相互
2023,33.02159722222222,130.4536561111111,0,1,人対車両
2023,33.054673611111106,130.4730211111111,0,1,車両相互
2023,33.02763888888889,130.4454938888889,0,1,車両相互
2023,33.03796222222222,130.45334499999998,0,3,車両相互
2023,33.33835222222223,130.34564722222223,0,3,車両相互
2023,33.29340944444444,130.11692666666667,0,3,車両相互
2023,33.34258416666667,130.3585725,0,2,車両相互
2023,33.29336055555555,130.11689805555557,0,1,車両単独
2023,33.332572500000005,130.3222561111111,0,1,車両相互
2023,33.28415444444444,130.40229861111112,0,2,車両相互
2023,33.327040000000004,130.35299416666666,0,2,車両相互
2023,33.2806975,130.39204055555555,0,1,車両相互
2023,33.395514166666665,130.37213416666668,0,1,車両相互
2023,33.330805277777785,130.3930436111111,0,1,車両相互
2023,33.275145277777774,130.37450583333333,0,1,車両相互
2023,33.320801388888896,130.3950236111111,0,1,車両相互
2023,33.32111583333334,130.3719388888889,0,2,車両相互
2023,33.33519722222223,130.39386666666667,0,2,車両相互
2023,33.307545,130.37670500000002,0,1,車両相互
2023,33.30932222222222,130.37073472222224,0,2,車両相互
2023,33.27625277777778,130.35891805555556,0,2,車両相互
2023,33.326011388888894,130.4061675,0,1,車両相互
2023,33.30702861111111,130.37008055555557,0,1,車両相互
2023,33.30730333333333,130.36669666666668,0,1,車両相互
2023,33.33804972222222,130.42871499999998,0,1,車両相互
2023,33.38525,130.4995775,0,1,車両相互
2023,33.29731888888889,130.44413416666666,0,2,車両相互
2023,33.31583166666666,130.480545,0,1,車両相互
2023,33.33239888888889,130.41494500000002,0,1,車両相互
2023,33.33985055555556,130.45535638888887,0,1,車両相互
2023,33.351153333333336,130.46299,0,1,人対車両
2023,33.378709722222226,130.49783138888887,0,1,車両相互
2023,33.32669388888889,130.46350527777776,0,2,車両相互
2023,33.34623694444445,130.45292194444443,0,1,車両相互
2023,33.36410472222222,130.49304555555554,0,1,車両相互
2023,33.317596111111115,130.48784388888888,0,1,人対車両
2023,33.34316805555556,130.44667805555557,0,1,車両相互
2023,33.32864777777778,130.47610083333333,0,2,車両相互
2023,33.3737775,130.49342916666666,0,4,車両相互
2023,33.31773527777778,130.41571666666667,0,1,人対車両
2023,33.356205833333334,130.48161194444444,0,1,車両相互
2023,33.322359444444444,130.46164555555555,0,1,車両相互
2023,33.32076916666667,130.426605,0,1,車両相互
2023,33.28328444444444,130.1134113888889,0,2,車両相互
2023,33.26096027777778,130.2208752777778,0,1,車両相互
2023,33.283498611111106,130.14080694444445,0,1,人対車両
2023,33.2763375,130.2106397222222,0,1,車両相互
2023,33.29298194444444,130.1899713888889,0,1,車両相互
2023,33.244151111111115,130.21356444444444,0,2,車両相互
2023,33.28847694444444,130.10783583333333,0,2,車両相互
2023,33.29872638888889,130.20309638888887,0,1,車両相互
2023,33.288867777777774,130.1811361111111,0,1,車両相互
2023,33.24836416666667,130.20755972222221,0,1,車両相互
2023,33.25899638888889,130.22980194444443,0,1,車両相互
2023,33.28431555555555,130.13839916666666,0,1,人対車両
2023,33.28684666666666,130.2073461111111,0,1,車両相互
2023,33.28455583333333,130.20070222222222,0,1,車両相互
2023,33.28185166666667,130.21144527777776,0,1,車両相互
2023,33.26094861111111,130.22080944444446,0,3,車両相互
2023,33.24250583333333,130.18539361111112,0,1,人対車両
2023,33.26182388888889,130.17060555555554,0,1,車両相互
2023,33.26301111111111,130.2319875,0,1,車両相互
2023,33.28742333333333,130.23341527777777,0,1,車両相互
2023,33.248602500000004,130.1974238888889,0,1,車両相互
2023,33.38239,129.9503272222222,0,1,車両相互
2023,33.43617055555555,130.01493583333334,0,1,車両相互
2023,33.44815472222222,129.97299055555555,0,1,車両相互
2023,33.532855,129.89830638888887,0,3,車両相互
2023,33.44248083333333,129.9704027777778,0,1,人対車両
2023,33.41749444444444,129.98588027777777,0,1,車両相互
2023,33.373960833333335,129.94849166666668,0,2,車両相互
2023,33.44027611111111,130.04836527777778,0,3,車両相互
2023,33.4359975,129.98494777777776,0,1,車両相互
2023,33.43468083333333,130.00659583333334,0,1,車両相互
2023,33.435987499999996,130.01416555555556,0,1,車両相互
2023,33.44694166666666,129.97274388888889,0,1,車両相互
2023,33.44901194444444,129.97329805555555,0,1,車両相互
2023,33.42890444444444,129.98462999999998,0,1,車両相互
2023,33.318248888888895,130.06578416666667,0,1,車両相互
2023,33.507464722222224,129.95651777777778,0,3,車両相互
2023,33.44092666666666,129.97010555555556,0,1,車両相互
2023,33.41620666666667,129.9942811111111,0,1,車両相互
2023,33.44394472222222,130.01564638888888,0,2,車両相互
2023,33.43814555555555,129.9700102777778,0,1,車両相互
2023,33.43617305555555,130.0156163888889,0,1,車両相互
2023,33.44873972222222,129.96937416666668,0,1,車両相互
2023,33.41733,129.98131083333334,0,1,車両相互
2023,33.42285,130.00008527777777,0,2,車両相互
2023,33.34502861111111,130.02524305555556,0,1,車両相互
2023,33.41366055555555,129.87103027777778,0,1,車両相互
2023,33.4391325,129.96649305555553,0,1,車両相互
2023,33.46991472222222,129.95250555555555,0,1,車両相互
2023,33.44573,129.98963972222222,0,1,車両相互
2023,33.44295194444444,129.95840055555556,0,1,人対車両
2023,33.412259444444445,129.98203777777778,0,2,車両相互
2023,33.42451444444444,129.98729972222222,0,1,車両相互
2023,33.38796972222222,129.98340194444444,0,1,車両相互
2023,33.43519583333333,130.0063252777778,0,1,車両相互
2023,33.396523055555555,129.97847916666666,0,1,車両相互
2023,33.22064805555556,129.85699333333332,0,1,車両相互
2023,33.28613555555555,129.90139472222222,0,1,車両相互
2023,33.29469833333333,129.82715,0,2,車両相互
2023,33.26542166666667,129.86488888888888,0,1,車両相互
2023,33.27086194444444,129.85505305555554,0,1,車両相互
2023,33.281639166666665,129.84160694444446,0,1,車両相互
2023,33.28006583333333,129.84444555555555,0,1,車両相互
2023,33.281370833333334,129.86888027777778,0,1,車両相互
2023,33.26976583333333,129.878735,0,1,車両相互
2023,33.272308055555555,129.89199888888888,0,1,車両相互
2023,33.36585,129.85859333333332,0,1,車両相互
2023,33.292653333333334,129.8307811111111,0,1,車両相互
2023,33.27176027777778,129.86779722222224,0,1,車両相互
2023,33.26151111111111,129.88470444444442,0,1,車両相互
2023,33.18204,129.87731027777778,0,3,車両相互
2023,33.27202055555556,129.88446527777776,0,3,車両相互
2023,33.29459027777778,129.82778888888888,0,1,車両相互
2023,33.297871666666666,129.91348472222222,0,2,車両相互
2023,33.195611666666665,129.85063805555555,0,1,車両相互
2023,33.275868333333335,129.91296944444446,0,1,車両相互
2023,33.29324138888889,129.91107055555557,0,1,車両相互
2023,33.30105083333333,129.8172911111111,0,1,車両相互
2023,33.29176333333333,129.90901416666668,0,1,車両相互
2023,33.30056833333333,129.85642583333333,0,1,車両相互
2023,33.28743333333333,129.90257888888888,0,1,車両相互
2023,33.285919166666666,129.83653694444445,0,1,車両相互
2023,33.26670333333333,129.87494527777778,0,1,車両相互
2023,33.19705611111111,130.02360666666667,0,1,車両相互
2023,33.16716694444444,130.05424027777778,0,1,車両相互
2023,33.229528055555555,130.01898500000001,0,1,車両相互
2023,33.19426055555555,130.02811361111114,0,1,車両相互
2023,33.19654722222222,130.02776305555557,0,1,車両相互
2023,33.192097499999996,130.0201702777778,0,1,車両相互
2023,33.21006388888889,130.0439086111111,0,1,車両単独
2023,33.19143527777778,130.0171691666667,0,1,車両相互
2023,33.20799027777778,130.05879944444445,0,1,車両相互
2023,33.19034305555555,130.01299805555556,0,2,車両相互
2023,33.19157416666666,129.94359888888889,0,1,車両相互
2023,33.1959525,129.96027638888887,0,1,車両相互
2023,33.226713611111116,129.96390749999998,0,1,人対車両
2023,33.19214583333333,129.95656805555555,0,1,車両相互
2023,33.19449333333333,130.02992194444445,0,3,車両相互
2023,33.206629722222225,130.02967777777778,0,1,人対車両
2023,33.25390027777778,129.99952805555554,0,2,車両相互
2023,33.189769444444444,130.0131927777778,0,1,車両相互
2023,33.19646083333333,130.02274833333334,0,1,車両相互
2023,33.19441777777777,130.01887944444445,0,1,人対車両
2023,33.182604166666664,130.18140722222222,0,1,車両相互
2023,33.21868833333333,130.1068925,0,1,車両相互
2023,33.20247611111111,130.09508027777778,0,2,車両相互
2023,33.21868361111111,130.1694886111111,0,3,車両相互
2023,33.16617472222222,130.1764661111111,0,2,車両相互
2023,33.19911083333333,130.18125305555554,0,1,車両相互
2023,33.18833944444444,130.14045861111111,0,1,車両相互
2023,33.17473583333333,130.137905,0,2,車両相互
2023,33.18127861111111,130.18953972222224,0,2,車両相互
2023,33.10794027777778,129.97645055555554,0,2,車両相互
2023,33.10282388888889,129.99554583333332,0,1,車両相互
2023,33.11434666666667,130.00137222222222,0,1,車両相互
2023,33.13448638888889,130.06245444444446,0,1,車両相互
2023,33.0889025,130.10543972222223,0,1,車両相互
2023,33.10622083333333,129.98494055555554,0,2,車両相互
2023,33.10514305555556,130.1007038888889,0,2,車両相互
2023,33.02011861111111,130.17884222222222,0,2,車両単独
2023,33.10337444444445,130.10453166666667,0,2,車両相互
2023,33.0986325,129.9876736111111,0,1,人対車両
2023,33.09921305555556,129.9862322222222,0,2,車両単独
2023,33.104189444444444,130.09110833333335,0,2,車両相互
2023,33.22759888888889,130.32609472222222,0,1,車両相互
2023,33.21937833333334,130.31807694444444,0,1,車両相互
2023,33.24153277777778,130.31123583333334,0,1,車両相互
2023,33.26117638888889,130.30381805555555,0,1,車両相互
2023,33.250818055555555,130.30033694444447,0,1,車両相互
2023,33.21935055555556,130.3344125,0,1,車両相互
2023,33.25040027777778,130.320695,0,1,車両相互
2023,33.21899416666667,130.30583194444446,0,1,車両相互
2023,33.23182722222222,130.2575197222222,0,1,車両相互
2023,33.21403,130.35141027777777,0,1,車両相互
2023,33.25384833333333,130.31973305555556,0,1,車両相互
2023,33.24919972222222,130.22881222222222,0,1,車両相互
2023,33.22049333333334,130.23259638888888,0,2,車両相互
2023,33.2562625,130.27253583333334,0,1,車両相互
2023,33.245270833333336,130.32249083333332,0,1,車両相互
2023,33.2515675,130.2903475,0,1,車両相互
2023,33.239111944444446,130.29693555555556,0,1,車両相互
2023,33.2280175,130.27069694444447,0,1,車両相互
2023,33.2316625,130.3334988888889,0,1,車両相互
2023,33.24045138888889,130.3138316666667,0,1,車両相互
2023,33.21638444444445,130.30564305555558,0,1,車両相互
2023,33.24409583333333,130.2645961111111,0,1,車両相互
2023,33.247300833333334,130.27566972222223,0,1,車両相互
2023,33.24123083333333,130.3222827777778,0,1,車両相互
2023,33.24771138888889,130.3226011111111,0,1,車両相互
2023,33.247915,130.3526222222222,0,1,車両相互
2023,33.247527777777776,130.28194666666667,0,1,人対車両
2023,33.253147222222225,130.29906583333334,0,1,人対車両
2023,33.24964972222222,130.3134325,0,1,車両相互
2023,33.19751333333333,130.33478861111112,0,1,車両相互
2023,33.25459111111111,130.31493111111112,0,1,車両相互
2023,33.219659722222225,130.2518411111111,0,1,車両相互
2023,33.25844861111111,130.30452972222224,0,2,車両相互
2023,33.241321666666664,130.2778738888889,0,1,車両相互
2023,33.262050277777774,130.31019972222222,0,2,車両相互
2023,33.24216694444444,130.25807055555555,0,1,車両相互
2023,33.25608694444445,130.27133055555558,0,1,車両相互
2023,33.24505388888889,130.29325694444444,0,1,車両相互
2023,33.23881083333333,130.27873305555556,0,1,車両相互
2023,33.268208888888886,130.2893086111111,0,1,車両相互
2023,33.26618888888889,130.32731611111112,0,1,車両相互
2023,33.26315722222222,130.31582555555556,0,1,車両相互
2023,33.31818194444445,130.26675805555556,0,1,車両相互
2023,33.278054166666664,130.29592472222222,0,1,車両相互
2023,33.27037305555555,130.30561166666666,0,1,車両相互
2023,33.306308888888886,130.28279666666668,0,1,車両相互
2023,33.27597305555555,130.3032863888889,0,1,車両相互
2023,33.29075916666667,130.28664972222222,0,1,車両相互
2023,33.26534638888889,130.3112263888889,0,1,車両相互
2023,33.432717499999995,130.27515555555556,0,1,車両相互
2023,33.31238472222222,130.27593611111112,0,2,車両相互
2023,33.273537499999996,130.28909333333334,0,2,車両相互
2023,33.30824,130.2556111111111,0,1,車両相互
2023,33.293386388888884,130.2847261111111,0,1,車両相互
2023,33.30992916666666,130.27721250000002,0,1,車両相互
2023,33.30821833333333,130.30671750000002,0,1,車両相互
2023,33.26342805555556,130.2936125,0,1,車両相互
2023,33.322004444444445,130.3089116666667,0,1,車両相互
2023,33.29266833333333,130.28308083333334,0,1,車両相互
2023,33.271343333333334,130.2711227777778,0,2,車両相互
2023,33.26385,130.3192325,0,1,車両相互
2023,33.264781944444444,130.2443061111111,0,1,車両相互
2023,33.268145277777776,130.27717805555557,0,1,車両相互
2023,33.291891944444444,130.28590166666666,0,1,車両相互
2023,33.27722611111111,130.29298777777777,0,1,車両相互
2023,33.30887611111111,130.26732194444446,0,2,車両相互
2023,33.27460972222222,130.32800083333333,0,4,車両相互
2023,33.321035,130.27243944444444,0,1,車両相互
2023,33.33948027777778,130.24152555555554,0,1,車両単独
2023,33.27281194444444,130.31128083333334,0,1,車両相互
2023,33.278840833333334,130.2849163888889,0,1,車両相互
2023,33.26807888888889,130.30242111111113,0,1,車両相互
2023,33.28321111111111,130.2632277777778,0,1,車両相互
2023,33.27189722222222,130.2946761111111,0,1,車両相互
2023,33.26183611111111,130.27489833333334,0,2,車両相互
2023,33.27553611111111,130.27051472222223,0,1,車両相互
2023,33.2664775,130.31332055555558,0,1,車両相互
2023,33.320615000000004,130.28748555555555,0,1,車両相互
2023,33.30260583333333,130.27806472222224,0,1,車両相互
2023,33.277680277777776,130.2988711111111,0,1,車両相互
2023,33.27411277777777,130.27722944444446,0,1,車両相互
2023,33.27261277777777,130.27677333333335,0,3,車両相互
2023,33.32201861111111,130.30894361111112,0,1,車両相互
2023,33.30976611111111,130.28481555555555,0,1,車両相互
2023,33.26542472222222,130.32821555555554,0,2,車両相互
2023,33.33922333333334,130.25780111111112,0,1,人対車両
2023,33.276785833333335,130.2862275,0,1,人対車両
2023,33.26195,130.26306805555555,0,1,車両相互
2023,33.27198194444444,130.2753991666667,0,1,人対車両
2023,33.27462833333333,130.26075472222223,0,2,車両相互
2023,33.289181388888885,130.2690125,0,2,車両相互
2023,33.29218861111111,130.280245,0,1,車両相互
2023,33.290431388888884,130.29784916666665,0,1,車両相互
2023,33.30226777777777,130.27936916666667,0,1,車両相互
2023,33.26475194444444,130.30126416666667,0,1,車両相互
2023,33.29264722222222,130.3345177777778,0,1,車両相互
2023,33.263150555555555,130.31530166666667,0,1,車両相互
2023,33.26221916666667,130.29337777777778,0,1,車両相互
2023,33.28638361111111,130.31423527777778,0,1,車両相互
2023,33.275353333333335,130.2990311111111,0,1,車両相互
2023,33.30296638888888,130.27984583333335,0,1,車両相互
2023,33.276307777777774,130.30437111111112,0,1,車両相互
2023,33.2631775,130.3157913888889,0,2,車両相互
2023,33.15051694444444,129.74339916666665,0,1,車両相互
2023,33.00804027777778,129.95361972222221,0,4,車両相互
2023,32.70404055555556,129.91017083333332,0,1,車両相互
2023,32.74657138888889,129.8270761111111,0,1,車両単独
2023,32.75184083333333,129.87424111111113,0,1,車両単独
2023,32.74643138888889,129.87776833333334,0,1,車両相互
2023,32.74595055555556,129.82974666666667,0,1,車両相互
2023,32.77441583333333,129.95169444444443,0,1,車両相互
2023,32.752545,129.8872336111111,0,1,車両相互
2023,32.74843888888889,129.87999333333335,0,1,車両相互
2023,32.73542055555556,129.89159166666667,0,1,車両相互
2023,32.759373333333336,129.88681666666665,0,1,車両相互
2023,32.79705694444444,129.95461916666665,0,1,車両相互
2023,32.75380333333333,129.88412027777778,0,1,車両単独
2023,32.768721388888885,129.86160166666667,0,1,車両相互
2023,32.740453333333335,129.88361749999999,0,1,車両相互
2023,32.75017027777778,129.87212666666667,0,2,車両相互
2023,32.73925861111111,129.8851038888889,0,1,人対車両
2023,32.719030555555555,129.8278136111111,0,3,車両相互
2023,32.75556527777778,129.86218027777778,0,1,車両相互
2023,32.74530861111111,129.8588497222222,0,1,車両相互
2023,32.78203666666666,129.94978111111112,0,1,車両相互
2023,32.72769027777778,129.9041025,0,1,車両相互
2023,32.79007444444444,129.94828166666667,0,2,車両相互
2023,32.75133638888889,129.87347888888888,0,1,車両相互
2023,32.75837055555556,129.86801027777778,0,1,人対車両
2023,32.752251111111114,129.88504361111112,0,1,車両相互
2023,32.74894472222222,129.87242916666668,0,1,車両相互
2023,32.76898944444444,129.86166749999998,0,1,車両相互
2023,32.74350861111111,129.87782722222224,0,1,車両相互
2023,32.750971944444444,129.89406694444443,0,1,車両相互
2023,32.74739916666667,129.87737333333334,0,1,車両相互
2023,32.76746361111111,129.85321805555554,0,1,車両相互
2023,32.761295833333335,129.94765583333333,0,1,人対車両
2023,32.74589861111111,129.83149166666666,0,1,人対車両
2023,32.78371416666666,129.9517588888889,0,1,人対車両
2023,32.77638805555556,129.95203944444444,0,1,車両相互
2023,32.70218833333334,129.85899055555555,0,2,車両相互
2023,32.69032333333333,129.83870805555557,0,1,車両相互
2023,32.724605000000004,129.86469499999998,0,1,車両相互
2023,32.7118825,129.86683166666668,0,2,車両相互
2023,32.72282194444445,129.86152222222222,0,1,車両相互
2023,32.73316388888889,129.86668472222223,0,1,人対車両
2023,32.688223888888885,129.84705277777778,0,1,車両相互
2023,32.740634166666666,129.87233916666668,0,1,車両相互
2023,32.68516305555555,129.8376488888889,0,3,車両相互
2023,32.78326777777778,129.86099249999998,0,1,人対車両
2023,32.809706388888884,129.84531111111113,0,1,車両相互
2023,32.788600833333334,129.87347583333334,0,1,人対車両
2023,32.79016583333333,129.86085333333332,0,1,車両相互
2023,32.78274722222222,129.8623247222222,0,2,車両相互
2023,32.76588944444445,129.86370166666666,0,1,人対車両
2023,32.808032499999996,129.83807194444447,0,1,車両相互
2023,32.794553055555554,129.8792427777778,0,1,車両相互
2023,32.76665527777778,129.86431416666667,0,1,車両相互
2023,32.79082944444444,129.86046777777779,0,1,車両相互
2023,32.77488972222222,129.86424305555556,0,1,車両相互
2023,32.787304999999996,129.86169166666667,0,1,車両相互
2023,32.783408611111106,129.87084055555556,0,1,人対車両
2023,32.78365194444444,129.8614961111111,0,1,人対車両
2023,32.76824305555555,129.84814111111112,0,1,人対車両
2023,32.77500222222222,129.85481805555554,0,1,車両相互
2023,32.79064777777778,129.8591236111111,0,1,車両相互
2023,32.78268666666666,129.87155388888888,0,1,人対車両
2023,32.79390111111111,129.87751972222222,0,1,車両相互
2023,32.823973333333335,129.763835,0,2,車両相互
2023,32.82477333333334,129.84837777777778,0,1,車両相互
2023,32.83132694444445,129.8721627777778,0,1,車両相互
2023,32.82519833333334,129.84833111111112,0,2,車両相互
2023,32.83306166666667,129.85617,0,1,車両相互
2023,32.836800555555556,129.83773333333335,0,1,車両相互
2023,32.89340166666667,129.80456111111113,0,1,車両相互
2023,32.81046472222222,129.85539277777778,0,1,車両相互
2023,32.814546944444444,129.87787194444445,0,1,車両相互
2023,32.819293611111114,129.84721861111112,0,1,車両相互
2023,32.85473972222222,129.82221222222222,0,1,車両相互
2023,32.83462083333333,129.7171688888889,0,4,車両相互
2023,32.82636333333333,129.849365,0,2,車両相互
2023,32.81176444444444,129.8476077777778,0,1,車両相互
2023,32.832390000000004,129.8708491666667,0,1,人対車両
2023,32.82582305555556,129.84521444444445,0,1,車両相互
2023,32.833486944444445,129.8434611111111,0,2,車両相互
2023,32.8308625,129.85055583333332,0,1,車両相互
2023,32.838932222222226,129.78407333333334,0,1,車両相互
2023,32.82696388888889,129.77193861111112,0,1,車両相互
2023,32.860080277777776,129.785565,0,1,人対車両
2023,33.066896944444444,129.68344861111112,0,4,車両相互
2023,33.04645333333333,129.75065555555557,0,1,車両相互
2023,32.987434444444446,129.7744213888889,0,1,人対車両
2023,33.027770555555556,129.57788333333332,0,1,車両相互
2023,32.82697277777778,129.97887972222222,0,1,車両相互
2023,32.83729666666667,130.0095638888889,0,1,車両相互
2023,32.822205000000004,129.9963286111111,0,1,車両相互
2023,32.84963305555556,130.04698055555556,0,1,車両相互
2023,32.844209166666666,130.0643575,0,1,人対車両
2023,32.826753333333336,130.07207,0,1,車両相互
2023,32.84841361111111,130.05955916666667,0,1,人対車両
2023,32.8485625,130.04683694444444,0,2,車両相互
2023,32.84544805555556,130.02427583333335,0,1,人対車両
2023,32.83766388888889,130.01905694444446,0,2,車両相互
2023,32.86590861111111,130.03553194444444,0,1,車両相互
2023,32.85248388888889,130.04382805555557,0,1,車両相互
2023,32.86933861111111,130.09048555555557,0,1,車両相互
2023,32.829949722222224,129.9860911111111,0,1,車両相互
2023,32.79911388888889,130.10517166666665,0,1,車両相互
2023,32.83384,130.05870472222225,0,1,車両相互
2023,32.84190138888889,130.05527444444445,0,1,車両相互
2023,32.85165055555556,129.9569363888889,0,1,車両相互
2023,32.89866222222222,130.12460722222224,0,2,車両相互
2023,32.84167444444444,130.06815277777778,0,1,車両相互
2023,32.85338277777778,130.0400361111111,0,2,車両相互
2023,32.83729944444445,130.01524666666666,0,1,車両相互
2023,32.83195972222222,130.0556763888889,0,1,車両相互
2023,32.83334194444445,130.07299194444445,0,1,車両相互
2023,32.843830555555556,130.0488775,0,2,車両相互
2023,32.83920055555556,130.02379722222224,0,1,車両相互
2023,32.83928527777778,130.02341444444446,0,1,車両相互
2023,32.84544833333334,130.05249861111113,0,1,人対車両
2023,32.82909111111111,129.99518388888887,0,1,車両相互
2023,32.85328638888889,130.04172027777778,0,1,車両相互
2023,32.86929527777778,130.02718361111113,0,1,車両相互
2023,32.835504722222225,130.0564402777778,0,1,車両相互
2023,32.81908694444445,130.0097288888889,0,1,車両相互
2023,32.84378888888889,130.03914972222222,0,1,車両相互
2023,32.83924527777778,130.02342305555558,0,1,車両相互
2023,32.87265638888889,130.0262541666667,0,1,車両相互
2023,32.837851111111114,130.0670411111111,0,1,車両相互
2023,32.899414722222225,130.1271788888889,0,3,車両相互
2023,32.74516583333333,130.36996305555556,0,1,車両相互
2023,32.79019222222222,130.37104333333335,0,1,車両相互
2023,32.77892111111111,130.35848305555555,0,1,人対車両
2023,32.75803777777778,130.37227833333333,0,1,車両相互
2023,32.65833527777777,130.29412666666667,0,2,車両相互
2023,32.654585555555556,130.2570375,1,0,車両単独
2023,32.664654444444444,130.30432111111114,0,1,車両相互
2023,32.61201944444445,130.18702055555556,0,1,車両相互
2023,32.80904638888889,130.1494911111111,0,3,車両相互
2023,32.818356944444446,130.15782972222223,0,2,車両相互
2023,32.85189416666667,130.2662836111111,0,1,車両相互
2023,32.81773944444445,130.15346333333335,0,1,車両相互
2023,32.820033888888894,130.186545,0,2,車両相互
2023,32.84973638888889,130.2811266666667,0,3,車両相互
2023,32.869775555555556,130.3127288888889,0,1,車両相互
2023,32.8532,130.2711838888889,0,1,車両相互
2023,32.85186138888889,130.26601833333334,0,2,車両相互
2023,32.83587527777778,130.1859838888889,0,1,車両相互
2023,32.896411111111114,129.96088388888887,0,1,車両相互
2023,32.913648055555555,129.97919805555557,0,1,車両相互
2023,32.95552583333333,129.94342194444445,0,3,車両相互
2023,32.90979083333333,129.95961194444445,0,1,車両相互
2023,32.90151,129.96738722222221,0,2,車両相互
2023,32.91663222222222,129.95419333333334,0,1,車両相互
2023,32.91424694444444,129.9466952777778,0,1,車両相互
2023,32.93868638888888,129.95829805555553,0,1,人対車両
2023,32.93358833333333,129.94053944444445,0,1,人対車両
2023,32.88615472222222,129.97358444444444,0,1,車両相互
2023,32.93060305555555,129.96229055555554,0,3,車両相互
2023,32.91368305555555,129.94740305555555,0,1,車両相互
2023,32.92358055555555,129.93816805555556,0,1,車両相互
2023,32.93154666666666,129.96177527777778,0,1,車両相互
2023,32.916980277777775,129.95186694444445,0,1,車両相互
2023,32.907379999999996,129.96234055555556,0,2,車両相互
2023,32.911473888888885,129.95186027777777,0,3,車両相互
2023,32.940710277777775,129.97026416666668,0,1,車両相互
2023,32.970893333333336,129.94314305555557,0,1,人対車両
2023,32.88863083333333,129.9886936111111,0,1,車両相互
2023,32.8934175,129.97580194444444,0,1,車両相互
2023,33.060270277777775,129.85138666666666,0,1,車両相互
2023,33.035826944444445,129.92063666666667,0,2,車両相互
2023,32.990317222222224,129.9504061111111,0,1,車両相互
2023,33.061519999999994,129.8828675,0,1,車両相互
2023,33.07780694444445,129.75575527777778,0,1,車両単独
2023,33.146119166666665,129.78442388888888,0,2,車両相互
2023,33.090873333333334,129.79007333333334,0,1,人対車両
2023,33.12689527777778,129.78859527777777,0,1,車両相互
2023,33.14969527777778,129.78036444444444,0,1,人対車両
2023,33.15241861111111,129.77793805555558,0,1,車両相互
2023,33.15056638888889,129.7805577777778,0,1,車両相互
2023,33.109947777777776,129.79384694444445,0,1,車両相互
2023,33.150059444444445,129.7808777777778,0,1,車両相互
2023,33.126289722222225,129.79225805555555,0,1,車両相互
2023,33.16113361111111,129.7490636111111,0,1,車両相互
2023,33.157875,129.76576916666667,0,1,車両相互
2023,33.16910222222222,129.7222975,0,1,人対車両
2023,33.1660225,129.77371916666667,0,2,車両相互
2023,33.182789444444445,129.71716527777778,0,1,車両相互
2023,33.163825555555555,129.74089833333332,0,1,人対車両
2023,33.15436861111111,129.75214666666668,0,1,車両相互
2023,33.1784725,129.71626666666666,0,1,車両相互
2023,33.161499722222224,129.73051388888888,0,1,車両相互
2023,33.15277138888889,129.69367083333333,0,2,車両相互
2023,33.16232222222222,129.7273988888889,0,3,車両相互
2023,33.15666861111111,129.75588805555554,0,3,車両相互
2023,33.160781944444444,129.76689472222225,0,1,人対車両
2023,33.155696666666664,129.6943327777778,0,1,人対車両
2023,33.16023416666666,129.76522305555557,0,1,車両相互
2023,33.16581583333333,129.72521916666668,0,1,人対車両
2023,33.15620888888889,129.7549563888889,0,2,車両相互
2023,33.166261388888884,129.72247194444444,0,1,車両相互
2023,33.158321666666666,129.7332927777778,0,1,車両相互
2023,33.17375972222222,129.7292813888889,0,1,車両相互
2023,33.17639055555556,129.71561972222221,0,1,人対車両
2023,33.17635166666666,129.70835722222222,0,1,車両相互
2023,33.21013444444445,129.66692305555554,0,1,車両相互
2023,33.21143888888889,129.70059055555555,0,1,車両相互
2023,33.168775555555555,129.679285,0,1,車両相互
2023,33.31069055555555,129.61801250000002,0,1,車両相互
2023,33.29530666666666,129.6407386111111,0,1,車両相互
2023,33.3104125,129.62012194444446,0,1,車両相互
2023,33.23178222222222,129.64353333333332,0,1,車両相互
2023,33.32665527777778,129.70574722222221,0,1,車両相互
2023,33.363237500000004,129.66794222222222,0,1,車両相互
2023,33.34725138888889,129.7181111111111,0,1,車両相互
2023,33.367984722222225,129.43459972222223,0,1,車両相互
2023,33.35519583333333,129.5537838888889,0,2,車両相互
2023,33.35753972222222,129.5772963888889,0,1,車両相互
2023,32.65976944444444,128.823485,0,1,人対車両
2023,33.792944722222224,129.7577897222222,0,1,車両相互
2023,34.20156222222222,129.29088083333332,0,1,車両単独
2023,34.21831805555556,129.28791611111112,0,2,車両相互
2023,34.20125222222222,129.2909613888889,0,4,車両相互
2023,32.98519777777778,130.45039694444444,0,1,車両相互
2023,32.99689222222222,130.43207527777776,0,1,車両相互
2023,32.93401861111111,130.47444861111111,0,1,人対車両
2023,32.960682500000004,130.46043972222222,0,1,人対車両
2023,32.921275277777774,130.4618136111111,0,1,車両相互
2023,32.99101861111111,130.43466333333333,0,1,車両相互
2023,32.98027694444445,130.46903111111112,0,1,車両相互
2023,32.61176805555556,130.46513249999998,0,1,車両相互
2023,32.46369472222222,130.19732194444444,0,1,車両相互
2023,32.40566138888889,130.12347916666667,0,1,車両相互
2023,32.500815833333334,130.42609638888888,0,1,車両相互
2023,32.54789861111111,130.42200194444445,0,1,車両相互
2023,32.57964583333334,130.42514555555556,0,1,人対車両
2023,32.577043333333336,130.42066333333332,0,4,車両相互
2023,32.51663722222222,130.43150777777777,0,1,車両相互
2023,33.62638777777778,130.4161575,0,1,車両相互
2023,33.6251775,130.4156802777778,0,1,車両相互
2023,33.57283277777778,130.27785,0,1,車両相互
2023,33.59847972222222,130.41734749999998,0,1,車両相互
2023,33.59685694444445,130.361405,0,3,車両相互
2023,33.626532222222224,130.45676666666665,0,1,車両相互
2023,33.639955,130.4224233333333,0,1,車両相互
2023,33.59698138888889,130.41955583333333,0,1,車両相互
2023,33.61598638888889,130.48639638888886,0,8,車両相互
2023,33.62482388888889,130.48719972222221,0,6,車両相互
2023,33.63321138888889,130.41896138888887,0,1,車両相互
2023,33.71957638888889,130.49187555555554,0,1,車両相互
2023,33.69764361111111,130.48542666666665,0,1,車両相互
2023,33.70825583333334,130.48721305555554,0,2,車両相互
2023,33.57823472222223,130.3784627777778,0,1,車両相互
2023,33.590940555555555,130.39921277777776,0,1,車両相互
2023,33.58519722222223,130.39303694444445,0,2,車両相互
2023,33.57208361111111,130.39995277777777,0,1,人対車両
2023,33.56155111111111,130.38930555555555,0,1,車両相互
2023,33.589241111111114,130.40234666666666,0,3,車両単独
2023,33.595126944444445,130.39679638888887,0,1,車両相互
2023,33.59392833333334,130.3596425,0,3,車両相互
2023,33.5925275,130.39977833333333,0,2,車両相互
2023,33.566402777777775,130.37634277777778,1,1,車両単独
2023,33.59330027777778,130.3979511111111,0,1,車両相互
2023,33.592436944444444,130.3980386111111,0,1,車両相互
2023,33.59308888888889,130.3798211111111,0,1,車両相互
2023,33.57604555555556,130.40587972222224,0,1,車両相互
2023,33.56759416666667,130.39654,0,1,車両相互
2023,33.58725027777778,130.39327777777777,0,1,人対車両
2023,33.59545472222222,130.39668333333333,0,5,車両相互
2023,33.58913527777778,130.38263111111112,0,1,車両相互
2023,33.5918575,130.3968297222222,0,1,車両相互
2023,33.57947,130.4108275,0,1,車両相互
2023,33.59191583333334,130.39691277777777,0,1,車両相互
2023,33.578265,130.3788288888889,0,1,車両相互
2023,33.592016388888894,130.39836111111111,0,1,車両相互
2023,33.58562888888889,130.37155472222224,0,1,車両相互
2023,33.58266305555556,130.40658083333335,0,1,車両相互
2023,33.58783666666667,130.40118,0,2,車両相互
2023,33.578276111111116,130.3790927777778,0,2,車両相互
2023,33.58764666666667,130.40133222222224,0,1,車両相互
2023,33.58177361111112,130.40416361111113,0,2,車両相互
2023,33.58714444444445,130.4005838888889,0,1,人対車両
2023,33.57981083333333,130.39448555555555,0,1,車両相互
2023,33.589036944444445,130.39059083333333,0,1,車両相互
2023,33.57578222222222,130.40399,0,1,車両相互
2023,33.59917138888889,130.38050416666667,0,1,車両相互
2023,33.58691638888889,130.36428805555556,0,1,車両相互
2023,33.59548277777778,130.396045,0,1,車両相互
2023,33.57439638888889,130.40572305555557,0,1,車両相互
2023,33.582185,130.4081213888889,0,1,車両相互
2023,33.59320138888889,130.37918472222222,0,1,車両相互
2023,33.564839444444445,130.37611666666666,0,1,車両相互
2023,33.589553611111114,130.40481972222221,0,4,車両相互
2023,33.58212027777778,130.4063138888889,0,1,車両相互
2023,33.58774527777778,130.40134305555557,0,1,車両相互
2023,33.56441611111111,130.38525777777778,0,1,車両相互
2023,33.59274027777778,130.37660833333334,0,1,車両相互
2023,33.58951777777778,130.40081111111112,0,2,車両相互
2023,33.58619083333333,130.3915972222222,0,1,人対車両
2023,33.57394305555556,130.40211805555555,0,1,人対車両
2023,33.580064444444446,130.4007863888889,0,2,車両相互
2023,33.59144972222222,130.39876777777778,0,1,車両相互
2023,33.58891472222223,130.39638833333333,0,1,車両相互
2023,33.58095138888889,130.40115722222222,0,1,車両相互
2023,33.58733111111111,130.40873916666666,0,2,車両相互
2023,33.579259722222226,130.39845083333333,0,1,車両相互
2023,33.59035416666667,130.40677,0,2,車両相互
2023,33.57991527777778,130.41162916666667,0,1,車両相互
2023,33.573551944444446,130.40200777777778,0,1,車両相互
2023,33.56080972222222,130.38831805555554,0,2,車両相互
2023,33.59346861111111,130.40153166666667,0,1,車両相互
2023,33.56518694444444,130.37690833333335,0,1,人対車両
2023,33.5855775,130.4026188888889,0,1,車両相互
2023,33.57959277777778,130.3961608333333,0,1,車両相互
2023,33.58470222222223,130.39009083333332,0,1,車両相互
2023,33.58501833333334,130.40440361111112,0,1,車両相互
2023,33.5781125,130.41337972222223,0,1,車両相互
2023,33.58784444444445,130.4012363888889,0,2,車両相互
2023,33.59332916666667,130.4011727777778,0,1,車両単独
2023,33.58667916666667,130.40133555555556,0,1,車両相互
2023,33.58236472222222,130.3687875,0,1,車両相互
2023,33.590342222222226,130.4067736111111,0,1,車両相互
2023,33.581051111111115,130.40245861111111,0,1,車両相互
2023,33.58209027777778,130.3968261111111,0,1,車両相互
2023,33.58208777777778,130.39619944444445,0,1,人対車両
2023,33.591279166666666,130.39262722222222,0,1,人対車両
2023,33.59339638888889,130.36513527777777,0,1,車両相互
2023,33.59006333333333,130.37895444444445,1,0,車両相互
2023,33.58139250000001,130.373875,0,1,車両相互
2023,33.58271888888889,130.3950422222222,0,1,車両相互
2023,33.589889166666666,130.38281083333334,1,1,人対車両
2023,33.5930525,130.4062252777778,0,1,人対車両
2023,33.58323861111111,130.42179777777775,0,1,車両相互
2023,33.59433444444445,130.40353277777777,0,1,車両相互
2023,33.58998388888889,130.43145555555554,0,1,車両相互
2023,33.5975375,130.41854666666666,0,1,車両相互
2023,33.55954638888888,130.45797805555554,0,2,車両相互
2023,33.60032777777778,130.4340077777778,0,1,車両相互
2023,33.583835,130.43900250000002,0,1,人対車両
2023,33.57322833333334,130.42756777777777,0,1,車両相互
2023,33.574021944444446,130.42929444444442,0,1,車両相互
2023,33.5898975,130.43139166666666,0,3,車両相互
2023,33.57804027777778,130.44575055555555,0,1,車両相互
2023,33.55108194444444,130.45792083333333,0,1,車両相互
2023,33.5886325,130.43762111111113,0,1,車両相互
2023,33.5906125,130.40785027777778,0,1,車両相互
2023,33.57381527777778,130.4390011111111,0,1,車両相互
2023,33.565425,130.4426163888889,0,2,車両相互
2023,33.59173583333334,130.41410694444446,0,1,車両相互
2023,33.598509166666666,130.40744750000002,0,1,車両単独
2023,33.55330333333333,130.47830444444443,0,1,車両相互
2023,33.56510166666666,130.44318222222222,0,1,車両相互
2023,33.589553888888894,130.43110527777776,0,1,車両相互
2023,33.56942222222222,130.44523944444444,0,1,車両相互
2023,33.60393222222223,130.42174916666664,0,1,車両相互
2023,33.575590000000005,130.45087611111109,0,1,車両相互
2023,33.59542805555556,130.41278416666668,0,3,車両相互
2023,33.60534166666667,130.4220586111111,0,1,車両相互
2023,33.60212055555556,130.41050611111112,0,1,車両相互
2023,33.57294805555556,130.43799944444444,0,1,車両相互
2023,33.573817500000004,130.44597583333334,0,1,車両相互
2023,33.584199444444444,130.4300086111111,0,1,車両相互
2023,33.56150361111111,130.4428488888889,0,1,人対車両
2023,33.59400361111111,130.42485888888888,0,1,車両相互
2023,33.59831055555556,130.43064999999999,0,1,車両相互
2023,33.578586388888894,130.42140555555554,0,1,車両相互
2023,33.59192277777778,130.42734527777776,0,1,人対車両
2023,33.589418055555555,130.43025305555554,0,2,車両相互
2023,33.57203472222223,130.42873194444442,0,1,車両相互
2023,33.60230277777778,130.4373236111111,0,1,車両相互
2023,33.59207527777778,130.4145777777778,0,1,車両相互
2023,33.60138583333333,130.40982250000002,0,1,人対車両
2023,33.58397527777778,130.41054027777778,0,2,車両相互
2023,33.598711111111115,130.40724833333334,0,1,車両相互
2023,33.57125194444445,130.4566186111111,0,2,車両相互
2023,33.55206388888889,130.45006277777776,0,2,車両相互
2023,33.59194166666667,130.41017194444444,0,1,車両相互
2023,33.60346083333334,130.4095963888889,0,1,車両相互
2023,33.56004027777777,130.47056666666666,0,2,車両相互
2023,33.587341111111115,130.41827944444444,0,3,車両相互
2023,33.58557694444445,130.42408666666665,0,2,車両相互
2023,33.57586250000001,130.4203147222222,0,1,車両相互
2023,33.60108861111111,130.44947027777778,0,1,車両相互
2023,33.59598888888889,130.40766305555556,0,1,車両相互
2023,33.60359972222222,130.42176583333332,0,1,車両相互
2023,33.582141944444444,130.4389275,0,1,車両相互
2023,33.59564027777778,130.45733583333333,0,1,人対車両
2023,33.57531666666667,130.42797249999998,0,1,車両相互
2023,33.58907666666667,130.4383113888889,0,1,車両相互
2023,33.56174333333333,130.44668472222222,0,1,車両相互
2023,33.544335555555556,130.46463972222222,0,1,人対車両
2023,33.57591722222222,130.43601944444444,0,1,車両相互
2023,33.55907722222222,130.45146416666665,0,2,人対車両
2023,33.6015925,130.41318055555556,0,1,車両相互
2023,33.58245111111111,130.42435666666665,0,1,車両相互
2023,33.58341222222222,130.419895,0,1,車両相互
2023,33.59133555555556,130.4168447222222,0,1,車両相互
2023,33.56192083333333,130.4464947222222,0,1,車両相互
2023,33.59147194444445,130.41806305555554,0,1,車両相互
2023,33.599271111111115,130.40762694444444,0,1,車両相互
2023,33.60721083333333,130.41719999999998,0,1,人対車両
2023,33.56379638888889,130.46766916666667,0,1,車両相互
2023,33.59397611111111,130.4144411111111,0,1,車両相互
2023,33.591321944444445,130.4322311111111,0,1,車両相互
2023,33.56848472222222,130.4391322222222,0,1,車両相互
2023,33.601683333333334,130.43711027777778,0,1,車両相互
2023,33.5756625,130.429535,0,1,車両相互
2023,33.57264555555556,130.43893861111113,0,1,車両相互
2023,33.60563861111111,130.42227555555556,0,1,車両相互
2023,33.57998555555556,130.46704027777778,0,1,車両相互
2023,33.57893416666667,130.41998166666664,0,1,車両相互
2023,33.57828777777778,130.43412,0,1,人対車両
2023,33.58779055555556,130.42958833333333,0,1,車両相互
2023,33.58500333333333,130.41454666666667,0,2,車両相互
2023,33.58128083333334,130.44311,0,1,人対車両
2023,33.58665666666667,130.4137438888889,0,1,人対車両
2023,33.56757861111112,130.46573805555553,0,1,車両相互
2023,33.58985833333334,130.41555611111113,0,1,車両相互
2023,33.59258444444445,130.41604138888889,0,1,人対車両
2023,33.58321111111111,130.41073583333335,0,1,車両相互
2023,33.60619333333334,130.43266694444443,0,1,車両相互
2023,33.58347055555556,130.4405363888889,0,1,車両相互
2023,33.560068055555554,130.4481211111111,0,1,車両相互
2023,33.581944722222225,130.42100833333333,0,1,人対車両
2023,33.60364333333334,130.40534250000002,0,1,車両相互
2023,33.60287916666667,130.40610972222223,0,3,車両相互
2023,33.57935194444445,130.47150527777777,0,1,車両相互
2023,33.57556666666667,130.4618133333333,0,3,車両相互
2023,33.60653333333333,130.42222583333333,0,1,車両相互
2023,33.559580277777776,130.44915722222223,0,1,車両相互
2023,33.58153111111111,130.42696444444442,0,1,人対車両
2023,33.597340555555554,130.42999361111112,0,1,人対車両
2023,33.592346944444444,130.41930888888888,0,1,車両相互
2023,33.58753666666667,130.42657694444443,0,1,車両相互
2023,33.587804444444444,130.42967055555553,0,1,車両相互
2023,33.57891194444445,130.43012888888887,0,1,車両相互
2023,33.60974,130.41043583333334,0,2,車両相互
2023,33.56603694444444,130.43992416666666,0,1,車両相互
2023,33.598309722222226,130.43477194444444,0,1,車両相互
2023,33.584833055555556,130.45962638888886,0,1,車両相互
2023,33.59060277777778,130.4133727777778,0,1,車両相互
2023,33.577757500000004,130.44352805555556,0,1,車両相互
2023,33.583422500000005,130.4371663888889,0,1,車両相互
2023,33.561785,130.44322222222223,0,1,人対車両
2023,33.60722222222223,130.4271736111111,0,1,車両相互
2023,33.585996944444446,130.42456027777777,0,1,車両相互
2023,33.57792194444445,130.4347088888889,0,1,車両相互
2023,33.571200833333336,130.45657416666666,0,1,車両相互
2023,33.58321777777778,130.42705666666666,0,1,車両相互
2023,33.54591527777777,130.46996611111112,0,1,車両相互
2023,33.58361888888889,130.42094,0,1,車両相互
2023,33.63546861111111,130.46172805555554,0,1,車両相互
2023,33.61897777777778,130.4263858333333,0,2,車両相互
2023,33.61266361111111,130.43839722222222,0,3,車両相互
2023,33.62264611111111,130.41980972222223,0,1,車両相互
2023,33.66607083333333,130.44086472222222,0,2,車両相互
2023,33.65644555555556,130.43838083333333,0,1,車両相互
2022,33.68330833333333,130.43637361111112,0,1,人対車両
2023,33.66094583333333,130.439395,0,1,車両相互
2023,33.671794444444444,130.44228194444446,0,1,車両相互
2023,33.648380277777775,130.43603055555556,0,2,車両相互
2023,33.65502111111111,130.43940750000002,0,1,車両相互
2023,33.65430694444444,130.44845111111113,0,1,車両相互
2023,33.65215416666666,130.4250013888889,0,1,車両相互
2023,33.68357333333333,130.29016916666666,0,1,車両相互
2023,33.63643388888889,130.45514583333332,0,1,車両相互
2023,33.69081472222222,130.43247027777778,0,1,車両相互
2023,33.69047805555555,130.42240194444443,0,1,人対車両
2023,33.655053333333335,130.4395175,0,1,車両相互
2023,33.661948333333335,130.43889388888888,0,1,車両相互
2023,33.63490083333333,130.48229472222224,0,1,車両相互
2023,33.62318027777778,130.43935944444445,0,1,車両相互
2023,33.70235944444445,130.42582694444442,0,1,車両相互
2023,33.66028138888889,130.4392902777778,0,1,車両相互
2023,33.67366138888889,130.44085194444446,0,1,車両相互
2023,33.66359416666666,130.4395127777778,0,1,車両相互
2023,33.68908944444444,130.43413361111112,0,1,車両相互
2023,33.61577194444445,130.41314888888888,0,2,車両相互
2023,33.648405,130.4386661111111,0,2,車両相互
2023,33.66940916666666,130.41144,0,1,車両相互
2023,33.62791083333333,130.43988583333334,0,1,車両相互
2023,33.626313333333336,130.4520797222222,0,1,車両相互
2023,33.69754694444444,130.41927944444444,0,1,車両相互
2023,33.67418083333333,130.4372713888889,0,2,車両相互
2023,33.62104333333333,130.42025888888887,0,1,人対車両
2023,33.61340861111111,130.41338666666667,0,1,車両相互
2023,33.675912777777775,130.4549338888889,0,1,車両相互
2023,33.625528333333335,130.43110222222222,0,1,車両相互
2023,33.611085833333334,130.42028277777777,0,1,車両相互
2023,33.661276944444445,130.43441472222221,0,1,車両相互
2023,33.61846722222222,130.44796583333334,0,1,車両相互
2023,33.64683,130.4407725,0,1,車両相互
2023,33.67325611111111,130.44127444444445,0,3,車両相互
2023,33.63856027777778,130.42577416666666,0,1,車両相互
2023,33.63061611111111,130.43935555555555,0,1,車両相互
2023,33.64874388888889,130.43620694444445,0,1,車両相互
2023,33.62105916666667,130.45108805555554,0,1,車両相互
2023,33.690526388888884,130.42210944444443,0,1,車両相互
2023,33.647219722222225,130.44078777777779,0,1,車両相互
2023,33.67256083333333,130.45214388888888,0,3,車両相互
2023,33.64945138888889,130.43680916666668,0,1,車両相互
2023,33.62523027777778,130.44934527777778,0,1,車両相互
2023,33.681571388888884,130.43567583333333,0,1,車両相互
2023,33.68762861111111,130.43422972222223,0,1,車両相互
2023,33.630223055555554,130.4356325,0,1,車両相互
2023,33.61852388888889,130.42213777777778,0,3,車両相互
2023,33.65248916666666,130.43449361111112,0,1,車両相互
2023,33.61632222222222,130.4114125,0,1,車両相互
2023,33.655766666666665,130.4422113888889,0,1,車両相互
2023,33.622836666666664,130.41977666666665,0,1,車両相互
2023,33.616065,130.4209138888889,0,1,車両相互
2023,33.646074166666665,130.44241222222223,0,1,車両相互
2023,33.66082111111111,130.43927805555555,0,1,車両相互
2023,33.6261825,130.44116861111112,0,1,車両相互
2023,33.655678888888886,130.44223861111112,0,2,車両相互
2023,33.61732166666667,130.41182,0,1,車両相互
2023,33.69248916666666,130.4364872222222,0,3,車両相互
2023,33.66947861111111,130.41158916666666,0,1,車両相互
2023,33.615655277777776,130.411315,0,1,車両相互
2023,33.68159083333333,130.39606833333332,0,1,車両相互
2023,33.6096375,130.4399202777778,0,1,車両相互
2023,33.63884916666667,130.45020333333332,0,2,車両相互
2023,33.61442388888889,130.42605166666667,0,1,人対車両
2023,33.6507025,130.45490694444445,0,1,車両相互
2023,33.670178888888884,130.44999694444445,0,2,車両相互
2023,33.60814444444445,130.43786055555555,0,1,車両相互
2023,33.66537888888889,130.41439944444446,0,1,車両相互
2023,33.618125,130.43915222222222,0,1,車両相互
2023,33.626152777777776,130.42913666666666,0,1,車両相互
2023,33.64810638888889,130.44247388888888,0,1,車両単独
2023,33.62129388888889,130.4286197222222,0,1,車両相互
2023,33.64747916666666,130.4419638888889,0,1,車両相互
2023,33.62864027777778,130.4469386111111,0,3,車両相互
2023,33.65877694444444,130.43959805555556,0,1,車両相互
2023,33.68861972222222,130.4338463888889,0,1,車両相互
2023,33.61814861111111,130.4386372222222,0,5,車両相互
2023,33.66063083333333,130.4422377777778,0,1,車両相互
2023,33.64769833333333,130.4264347222222,0,1,車両相互
2023,33.69132666666666,130.42627027777777,0,1,車両相互
2023,33.577068888888896,130.3589386111111,0,1,車両相互
2023,33.567709444444446,130.33758333333336,0,2,車両相互
2023,33.54885,130.34465,0,1,車両相互
2023,33.56386583333333,130.3511486111111,0,1,車両相互
2023,33.56979888888889,130.3433688888889,0,1,人対車両
2023,33.58155916666667,130.36441722222222,0,1,車両相互
2023,33.566403055555554,130.3399077777778,0,2,車両相互
2023,33.52946388888889,130.3392888888889,0,1,車両相互
2023,33.5488375,130.34518888888888,0,1,車両相互
2023,33.49545166666667,130.35569944444444,0,1,車両相互
2023,33.575182222222224,130.358395,0,1,車両相互
2023,33.54694305555555,130.34697333333335,0,1,車両相互
2023,33.56836722222223,130.33110805555555,0,1,車両相互
2023,33.53238388888889,130.34126166666667,0,2,車両相互
2023,33.51861833333333,130.33165833333334,0,2,車両相互
2023,33.568201944444446,130.32950916666667,0,2,車両相互
2023,33.564722499999995,130.354165,0,1,車両相互
2023,33.56019833333333,130.34097055555557,0,1,車両相互
2023,33.543728333333334,130.3462138888889,0,1,車両相互
2023,33.581094444444446,130.35696694444445,0,1,車両相互
2023,33.536114999999995,130.3248238888889,0,1,車両相互
2023,33.587580833333334,130.3525561111111,0,1,車両相互
2023,33.55249472222222,130.32940722222222,0,1,車両相互
2023,33.55039194444444,130.33885833333335,0,1,人対車両
2023,33.56072722222222,130.35200833333332,0,1,人対車両
2023,33.55074111111111,130.33647666666667,0,1,車両相互
2023,33.57853361111111,130.35411472222222,0,1,車両相互
2023,33.49881583333333,130.29865611111111,0,1,車両相互
2023,33.56733833333334,130.34338861111112,0,1,車両相互
2023,33.58267222222223,130.36115138888889,0,1,人対車両
2023,33.57514666666667,130.3583138888889,0,1,車両相互
2023,33.568754722222224,130.35277694444443,0,1,車両相互
2023,33.52358111111111,130.33084277777778,0,1,車両相互
2023,33.550778611111106,130.33592944444445,0,1,車両相互
2023,33.542413055555556,130.32961,0,1,車両相互
2023,33.53561583333333,130.34288416666666,0,1,車両相互
2023,33.5397275,130.34822305555556,0,1,人対車両
2023,33.56702361111111,130.34238694444446,0,1,車両相互
2023,33.574806388888895,130.34893611111113,0,1,車両相互
2023,33.51256083333333,130.33616361111112,0,1,車両相互
2023,33.583263333333335,130.35845916666665,0,2,車両相互
2023,33.53682305555555,130.3434327777778,0,1,車両相互
2023,33.562842777777774,130.34050916666666,0,1,車両相互
2023,33.518613333333334,130.33165444444444,0,1,車両相互
2023,33.57975444444445,130.34471055555557,0,1,車両相互
2023,33.58127666666667,130.3486863888889,0,1,車両相互
2023,33.58540888888889,130.3625847222222,0,1,車両単独
2023,33.553238888888885,130.3270388888889,0,1,人対車両
2023,33.54671305555556,130.33128416666668,0,1,車両相互
2023,33.534324999999995,130.32263777777777,0,1,車両相互
2023,33.54884694444444,130.3446536111111,0,2,車両相互
2023,33.528280555555554,130.32275472222221,0,1,車両相互
2023,33.56818083333334,130.3344152777778,0,1,車両相互
2023,33.57435944444445,130.349075,0,1,車両相互
2023,33.54404972222222,130.34614916666666,0,1,車両相互
2023,33.538671388888886,130.34696027777778,0,3,人対車両
2023,33.62951527777778,130.41139333333334,1,0,人対車両
2023,33.63830611111111,130.4061536111111,0,2,車両相互
2023,33.606613333333335,130.4049475,0,2,車両相互
2023,33.635446944444446,130.41699138888887,0,1,車両相互
2023,33.59706888888889,130.39438027777777,0,1,車両相互
2023,33.63612194444445,130.41393722222222,0,1,車両相互
2023,33.63473611111111,130.4186947222222,0,1,車両相互
2023,33.60167944444444,130.39091638888888,0,1,車両相互
2023,33.533405555555554,130.43240805555556,0,1,車両相互
2023,33.537234444444444,130.39012777777776,0,1,人対車両
2023,33.53671722222222,130.3902897222222,0,1,人対車両
2023,33.576435000000004,130.4152263888889,0,1,車両相互
2023,33.533098055555556,130.4348888888889,0,1,車両相互
2023,33.52791583333333,130.40998666666667,0,1,車両相互
2023,33.54707833333333,130.44445638888888,0,3,車両相互
2023,33.55727944444444,130.40285833333334,0,1,人対車両
2023,33.565648055555556,130.4163613888889,0,1,車両相互
2023,33.571717500000005,130.4110611111111,0,1,車両相互
2023,33.539854444444444,130.40173916666666,0,1,車両相互
2023,33.55571861111111,130.40760916666667,0,1,車両相互
2023,33.55050333333333,130.44272194444446,0,1,車両相互
2023,33.564045,130.430565,0,1,車両相互
2023,33.55318027777778,130.4362827777778,0,1,車両相互
2023,33.54754666666666,130.43487944444445,0,6,車両相互
2023,33.55272111111111,130.39923166666665,0,1,車両相互
2023,33.53258833333333,130.43267138888888,0,3,車両相互
2023,33.57263861111112,130.40698777777777,0,1,車両相互
2023,33.55075305555555,130.44840250000001,1,0,車両相互
2023,33.556265555555555,130.40904583333335,0,1,車両相互
2023,33.54506972222222,130.44203083333335,0,5,車両相互
2023,33.557248055555554,130.40302027777778,0,1,車両相互
2023,33.57026277777778,130.42422777777776,0,1,車両相互
2023,33.544808055555556,130.4279136111111,0,1,車両相互
2023,33.54235722222222,130.4276722222222,0,3,車両相互
2023,33.561881111111106,130.40915944444444,0,1,車両相互
2023,33.53826222222222,130.4344725,0,1,車両相互
2023,33.539335277777774,130.43942805555557,0,1,車両相互
2023,33.57030916666667,130.42044166666665,0,1,車両相互
2023,33.56963833333334,130.41958694444443,0,1,車両相互
2023,33.56015583333333,130.43626055555555,0,1,車両相互
2023,33.54196555555556,130.42640972222222,0,2,車両相互
2023,33.53391416666666,130.4261813888889,0,1,車両相互
2023,33.56366222222222,130.42344527777777,0,1,車両相互
2023,33.54238833333333,130.43863333333334,0,1,車両相互
2023,33.54786361111111,130.42717583333334,0,1,車両相互
2023,33.53399888888889,130.43239555555556,0,1,車両相互
2023,33.55178111111111,130.44395583333335,0,1,車両相互
2023,33.542474444444444,130.4291783333333,0,1,車両相互
2023,33.56878416666667,130.41806305555554,0,1,車両相互
2023,33.557608888888886,130.42544388888888,0,1,車両相互
2023,33.546053055555554,130.43420361111112,0,1,車両相互
2023,33.548635,130.42422499999998,0,1,車両相互
2023,33.561547777777776,130.41393611111113,0,1,車両相互
2023,33.526494722222225,130.43415861111112,0,1,車両相互
2023,33.560743055555555,130.42046805555555,0,1,車両相互
2023,33.53861972222222,130.40660611111113,0,1,車両相互
2023,33.5383725,130.40137361111113,0,1,車両相互
2023,33.557043888888884,130.42776027777776,0,1,人対車両
2023,33.555949999999996,130.40824222222224,0,1,車両相互
2023,33.548071944444445,130.4456525,0,1,車両相互
2023,33.556374444444444,130.4003475,0,2,車両相互
2023,33.56382305555555,130.41548055555558,0,1,車両相互
2023,33.56623722222222,130.42811555555554,0,1,車両相互
2023,33.55717111111111,130.4398136111111,0,1,車両相互
2023,33.55056777777777,130.42830527777778,0,1,車両相互
2023,33.54763,130.44315111111112,0,2,車両相互
2023,33.541336666666666,130.41903944444442,0,1,車両相互
2023,33.551741111111106,130.4475338888889,0,1,車両相互
2023,33.55269694444444,130.39933694444443,0,1,車両相互
2023,33.56812611111111,130.41953694444445,0,1,車両相互
2023,33.53518222222222,130.40580583333335,0,1,車両相互
2023,33.55774583333333,130.4263672222222,0,1,車両相互
2023,33.532377499999996,130.41205055555557,0,1,車両相互
2023,33.539653611111106,130.41148388888888,0,1,車両相互
2023,33.545788333333334,130.43380972222224,0,1,車両相互
2023,33.54174694444444,130.42853027777778,0,1,車両相互
2023,33.562379166666666,130.31033861111112,0,1,車両相互
2023,33.56794277777778,130.28943166666667,0,1,車両相互
2023,33.55898944444444,130.3246722222222,0,2,車両相互
2023,33.566558055555554,130.31694027777777,0,1,車両相互
2023,33.55833722222222,130.31843722222223,0,2,車両相互
2023,33.58555972222222,130.2669975,0,2,車両相互
2023,33.56686166666667,130.29532,0,1,車両相互
2023,33.55285111111111,130.31215500000002,0,1,車両相互
2023,33.582860555555555,130.25941527777778,0,1,人対車両
2023,33.590248611111114,130.31757888888887,0,1,車両相互
2023,33.573619722222226,130.2492763888889,0,1,車両相互
2023,33.57233111111111,130.2726477777778,0,3,車両相互
2023,33.575028888888895,130.3190686111111,0,3,車両相互
2023,33.59061611111111,130.32032833333332,0,1,車両相互
2023,33.55396777777778,130.3219986111111,0,1,車両相互
2023,33.585680555555555,130.3136652777778,0,1,車両相互
2023,33.56802750000001,130.24688444444442,0,1,車両相互
2023,33.56877027777778,130.314285,0,1,車両相互
2023,33.56740111111112,130.30996000000002,0,1,車両相互
2023,33.57618388888889,130.2575302777778,0,1,車両相互
2023,33.566675555555555,130.31786444444444,0,1,車両相互
2023,33.57159083333334,130.31679722222222,0,1,人対車両
2023,33.58124916666667,130.3228488888889,0,1,人対車両
2023,33.58692555555556,130.31724333333332,0,1,車両相互
2023,33.5741675,130.24456888888886,0,1,車両相互
2023,33.571562500000006,130.24296999999999,0,1,車両相互
2023,33.58417444444445,130.30919,0,1,車両相互
2023,33.57235805555556,130.27378611111112,0,1,車両相互
2023,33.5652025,130.2406188888889,0,1,車両相互
2023,33.58585083333334,130.31398166666668,0,1,車両相互
2023,33.55889972222222,130.31126361111112,0,1,人対車両
2023,33.55828916666666,130.31953555555555,0,1,車両相互
2023,33.58208777777778,130.33712250000002,0,1,車両相互
2023,33.56535083333333,130.310425,0,1,車両相互
2023,33.562330555555555,130.30007694444447,0,1,車両相互
2023,33.58327694444445,130.3338402777778,0,1,車両相互
2023,33.55611388888889,130.3205361111111,0,1,車両相互
2023,33.58294444444445,130.2599813888889,0,3,車両相互
2023,33.58195416666667,130.2704602777778,0,1,車両相互
2023,33.58748583333333,130.32338083333332,0,1,車両相互
2023,33.592417222222224,130.31742194444445,0,1,車両相互
2023,33.564432499999995,130.23892888888886,0,1,車両相互
2023,33.574334722222225,130.26382416666667,0,2,車両相互
2023,33.568982500000004,130.2610475,0,2,車両相互
2023,33.56866666666667,130.31751,0,3,車両相互
2023,33.58309055555556,130.306555,0,1,車両相互
2023,33.568354444444445,130.31497861111112,0,1,車両相互
2023,33.57312138888889,130.24117999999999,0,1,車両相互
2023,33.58029611111112,130.2950277777778,0,2,車両相互
2023,33.57237555555556,130.2760861111111,0,1,車両相互
2023,33.58004583333334,130.25387777777777,0,1,車両相互
2023,33.53112222222222,130.31683611111112,0,1,車両相互
2023,33.579079722222225,130.3232425,0,1,車両相互
2023,33.57210250000001,130.24165916666666,0,1,人対車両
2023,33.56940388888889,130.29971166666667,0,2,車両相互
2023,33.56812916666667,130.32502694444443,0,1,車両相互
2023,33.58151333333333,130.31423305555558,0,1,車両相互
2023,33.587155,130.25434333333334,0,1,人対車両
2023,33.57935944444445,130.25442305555555,0,1,車両相互
2023,33.56901194444445,130.30415916666666,0,1,車両相互
2023,33.56602722222222,130.2435258333333,0,1,車両相互
2023,33.56534722222222,130.24113527777777,0,1,車両相互
2023,33.55948222222222,130.31915388888888,0,1,車両相互
2023,33.587567500000006,130.34143583333335,0,1,車両相互
2023,33.575877222222225,130.32677805555556,0,1,車両相互
2023,33.55867388888888,130.3035436111111,0,1,車両相互
2023,33.56838555555556,130.3194575,0,1,人対車両
2023,33.5698975,130.37163166666667,0,1,車両相互
2023,33.5529175,130.3825527777778,0,1,車両相互
2023,33.57377916666667,130.36898250000002,0,3,車両相互
2023,33.57741861111111,130.37025,0,1,人対車両
2023,33.54542333333333,130.36320805555556,0,1,車両相互
2023,33.55282638888889,130.35206333333332,0,1,車両相互
2023,33.57781694444445,130.37320666666668,0,1,車両相互
2023,33.54539361111111,130.35638111111112,0,1,車両相互
2023,33.55927138888889,130.38789777777777,0,1,人対車両
2023,33.579366944444445,130.36998083333333,0,1,車両相互
2023,33.546081666666666,130.37370694444445,0,1,車両相互
2023,33.56724555555556,130.36648694444443,0,2,車両相互
2023,33.57481027777778,130.35886638888888,0,1,車両相互
2023,33.574717222222226,130.37116861111113,0,1,車両相互
2023,33.5433725,130.38097583333334,0,1,車両相互
2023,33.54834805555555,130.35730944444444,0,1,人対車両
2023,33.55886472222222,130.36114805555556,0,1,人対車両
2023,33.53888472222222,130.3801811111111,0,1,車両相互
2023,33.54589222222222,130.35678,0,1,車両相互
2023,33.57052361111111,130.36958444444446,0,1,車両相互
2023,33.543119999999995,130.38329666666667,0,1,車両相互
2023,33.56980333333334,130.37427027777778,0,1,車両相互
2023,33.56102333333333,130.36292305555554,0,1,車両相互
2023,33.54622527777778,130.36932861111111,0,1,車両相互
2023,33.559189999999994,130.36165277777778,0,1,人対車両
2023,33.54526361111111,130.35648555555554,0,1,人対車両
2023,33.558550555555556,130.3820088888889,0,1,車両相互
2023,33.546285555555556,130.37379833333335,0,1,車両相互
2023,33.57248027777778,130.36428416666666,0,1,車両相互
2023,33.5699175,130.37170944444446,0,1,車両相互
2023,33.55699333333333,130.36654416666667,0,2,車両相互
2023,33.78773333333333,130.4693902777778,0,2,車両相互
2023,33.78780472222222,130.4693697222222,0,2,車両相互
2022,33.76761722222222,130.49125611111108,0,1,車両単独
2023,33.753593611111114,130.48960138888887,0,1,車両相互
2023,33.76938416666667,130.48469694444444,0,1,車両相互
2023,33.75116527777778,130.49373999999997,0,1,車両相互
2023,33.76061694444444,130.47694555555555,0,1,車両相互
2023,33.504597777777775,130.49810333333332,0,1,車両相互
2023,33.500591944444444,130.48683444444444,0,1,人対車両
2023,33.45531444444445,130.47187833333334,0,1,車両相互
2023,33.51041305555555,130.4942286111111,1,0,車両相互
2023,33.51289583333333,130.48925722222222,0,1,車両相互
2023,33.50352777777778,130.49965916666665,0,1,車両相互
2023,33.4986825,130.48969055555554,0,1,車両相互
2023,33.5024375,130.49967416666667,0,1,車両相互
2023,33.51350722222222,130.48934944444443,0,1,車両相互
2023,33.508087777777774,130.49508777777777,0,1,車両相互
2023,33.4991875,130.49241833333332,0,1,車両相互
2023,33.55136916666667,130.19706722222222,0,1,車両相互
2023,33.56132083333333,130.210695,0,4,車両相互
2023,33.57051138888889,130.23605805555553,0,1,車両相互
2023,33.54764222222222,130.1945661111111,0,1,車両相互
2023,33.5454375,130.2152386111111,0,1,車両相互
2023,33.560896666666665,130.2081111111111,0,1,車両相互
2023,33.58253472222223,130.18699555555557,0,1,車両相互
2023,33.56128388888889,130.2094675,0,1,車両相互
2023,33.53138583333333,130.18787138888888,0,1,車両相互
2023,33.54184444444444,130.19883416666667,0,2,車両相互
2023,33.55430055555555,130.2249038888889,0,1,車両相互
2023,33.536143055555556,130.18004416666665,0,3,車両相互
2023,33.56578555555555,130.18614972222224,0,1,車両相互
2023,33.556670555555556,130.21557055555553,0,1,車両相互
2023,33.538937499999996,130.2563722222222,0,1,車両相互
2023,33.51230916666667,130.1951427777778,0,1,車両相互
2023,33.549096666666664,130.1974238888889,0,1,人対車両
2023,33.55959277777777,130.20122638888887,0,2,車両相互
2023,33.55628166666666,130.22830916666666,0,1,人対車両
2023,33.49686138888889,130.07981999999998,0,2,車両相互
2023,33.56477694444444,130.2240925,0,1,車両相互
2023,33.5057975,130.1151847222222,0,1,車両相互
2023,33.58087444444445,130.47599944444445,0,1,車両相互
2023,33.747320555555554,130.4718797222222,0,1,車両相互
2023,33.703475555555556,130.44827694444444,0,1,人対車両
2023,33.70951111111111,130.4558875,0,1,車両相互
2023,33.588169722222226,130.48021333333332,0,1,車両相互
2023,33.71047194444445,130.45652222222222,0,2,車両相互
2023,33.73202833333333,130.46314416666667,0,1,人対車両
2023,33.59556388888889,130.4783527777778,0,2,人対車両
2023,33.61960611111111,130.45809944444443,0,1,車両相互
2023,33.59417444444445,130.4767463888889,0,2,車両相互
2023,33.696475,130.4507436111111,0,1,車両相互
2023,33.58811194444445,130.48775833333332,0,1,人対車両
2023,33.64044305555556,130.49459249999998,0,1,車両相互
2023,33.602893055555555,130.45383277777776,0,1,車両相互
2023,33.707792500000004,130.45482416666667,0,2,車両相互
2023,33.59422388888889,130.48279722222222,0,1,車両相互
2023,33.61200916666667,130.46982083333333,0,1,人対車両
2023,33.60107777777778,130.465285,0,2,車両相互
2023,33.61118027777778,130.45940805555554,0,1,車両相互
2023,33.7064425,130.4408036111111,0,1,車両相互
2023,33.682073055555556,130.49053138888888,0,1,人対車両
2023,33.59699388888889,130.47242833333334,0,1,車両相互
2023,33.59981611111111,130.47864055555556,0,1,車両相互
2023,33.60231111111111,130.45203638888887,0,1,車両相互
2023,33.72814027777778,130.4669775,0,1,車両相互
2023,33.590812222222226,130.4958161111111,0,1,車両相互
2023,33.72287222222222,130.47471611111112,0,1,車両相互
2023,33.59151611111111,130.48849916666666,0,1,車両相互
2023,33.61469833333334,130.45314638888888,0,1,車両相互
2023,33.73864138888889,130.48063861111112,0,1,車両相互
2023,33.59545305555556,130.48150416666667,0,3,車両相互
2023,33.750570277777776,130.47315083333334,0,2,車両相互
2023,33.691918611111106,130.4516036111111,0,2,車両相互
2023,33.578205555555556,130.48207944444445,0,3,車両相互
2023,33.62618916666667,130.46764666666667,0,2,車両相互
2023,33.71479777777778,130.484715,0,1,車両相互
2023,33.59724361111111,130.48183277777778,0,1,車両相互
2023,33.626945,130.49632166666666,0,1,車両相互
2023,33.62970638888889,130.4798025,0,1,車両相互
2023,33.59390333333334,130.495165,0,1,車両相互
2023,33.73280694444445,130.46363194444444,0,2,車両相互
2023,33.63241444444444,130.4701163888889,0,1,車両相互
2023,33.60226,130.45220999999998,0,1,車両相互
2023,33.650281388888885,130.48068055555555,0,1,車両相互
2023,33.59927555555556,130.4670225,0,1,車両相互
2023,33.62640972222222,130.47640305555555,0,2,車両相互
2023,33.592685,130.4770263888889,0,2,車両相互
2023,33.61148388888889,130.46139888888888,0,1,車両相互
2023,33.724135555555556,130.47595694444445,0,1,車両相互
2023,33.587469722222224,130.47880305555555,0,1,車両相互
2023,33.60662527777778,130.4755375,0,1,車両相互
2023,33.640593055555556,130.49660749999998,0,3,車両相互
2023,33.701192222222225,130.4847497222222,0,2,車両相互
2023,33.585373611111116,130.47102333333333,0,4,車両相互
2023,33.58538277777778,130.48484305555553,0,3,車両相互
2023,33.70968444444445,130.45602888888888,0,2,車両相互
2023,33.610980833333336,130.45756333333333,0,1,車両相互
2023,33.61521833333333,130.45421694444443,0,1,車両相互
2023,33.58977638888889,130.47485583333332,0,2,車両相互
2023,33.72029305555556,130.46652,0,1,車両相互
2023,33.58352,130.48107583333334,0,4,車両相互
2023,33.62264527777778,130.45916138888887,0,1,車両相互
2023,33.683094999999994,130.45372777777777,0,2,車両相互
2023,33.721853611111115,130.45573555555555,0,4,車両相互
2023,33.7287325,130.4768825,0,2,車両相互
2023,33.73735305555556,130.4655225,0,1,人対車両
2023,33.63337083333333,130.4945383333333,0,1,車両相互
2023,33.7411,130.48509277777777,0,1,車両相互
2023,33.70393277777778,130.45406499999999,0,1,車両相互
2023,33.6009875,130.46693472222222,0,1,車両相互
2023,33.61124777777778,130.45904249999998,0,2,車両相互
2023,33.65922583333333,130.4880208333333,0,3,車両相互
2023,33.707186944444445,130.4544575,0,1,車両相互
2023,33.71438694444445,130.46900527777777,0,1,車両相互
2023,33.61257305555556,130.44892722222224,0,1,車両相互
2023,33.62547166666667,130.4622408333333,0,1,車両相互
2023,33.73686333333333,130.46607638888887,0,1,車両相互
2023,33.663893055555555,130.48402527777776,0,1,車両相互
2023,33.711043611111116,130.44632666666666,0,1,人対車両
2023,33.62625138888889,130.48286861111112,0,1,車両相互
2023,33.62351916666667,130.45943944444443,0,1,車両相互
2023,33.69537444444444,130.4504661111111,0,1,車両相互
2023,33.60679722222223,130.44449555555556,0,1,車両相互
2023,33.61966861111111,130.4582022222222,0,3,車両相互
2023,33.71575388888889,130.4846122222222,0,1,車両相互
2023,33.73440888888889,130.47644333333332,0,1,車両相互
2023,33.59291777777778,130.4763075,0,1,車両相互
2023,33.580621111111114,130.49460916666666,0,1,車両相互
2023,33.68933138888889,130.45329555555554,0,1,車両相互
2023,33.71886694444444,130.46912,0,1,車両相互
2023,33.60989777777778,130.45160416666667,0,1,車両相互
2023,33.73343222222222,130.47627305555557,0,3,車両相互
2023,33.74434388888889,130.4700736111111,0,3,車両相互
2023,33.5884,130.48045333333334,0,1,車両相互
2023,33.53856666666667,130.47338444444443,0,1,人対車両
2023,33.52184277777778,130.4320013888889,0,1,車両相互
2023,33.51232666666667,130.4624986111111,0,1,車両相互
2023,33.53384805555555,130.45851333333331,0,1,車両相互
2023,33.53514611111111,130.45716555555555,0,4,車両相互
2023,33.507110833333336,130.47309805555557,0,1,車両相互
2023,33.523292777777776,130.45809333333332,0,1,車両相互
2023,33.53202611111111,130.49061972222222,0,2,車両相互
2023,33.53899361111111,130.47590472222223,0,1,車両相互
2023,33.54883777777778,130.48820527777775,1,3,車両相互
2023,33.54392472222222,130.48409805555553,0,1,車両相互
2023,33.49333277777778,130.47981416666667,0,2,車両相互
2023,33.54210944444444,130.45447,0,1,車両相互
2023,33.506503055555555,130.41353527777778,0,1,車両相互
2023,33.53344,130.4915536111111,0,1,車両相互
2023,33.513893333333336,130.47633972222224,0,1,車両相互
2023,33.512279166666666,130.4628625,0,1,車両相互
2023,33.52532861111111,130.46766055555557,0,1,車両相互
2023,33.526496944444446,130.44353083333334,0,2,車両相互
2023,33.53789638888889,130.45413277777777,0,1,車両相互
2023,33.517269722222224,130.45080638888888,0,1,車両相互
2023,33.54026361111111,130.48429944444442,0,1,車両相互
2023,33.55678666666666,130.49756416666665,0,1,車両相互
2023,33.5441575,130.45307194444445,0,1,車両相互
2023,33.54012833333333,130.45186805555554,0,1,車両相互
2023,33.53574472222222,130.49161166666664,0,1,車両相互
2023,33.545854166666665,130.45315083333332,0,1,車両相互
2023,33.53460555555555,130.47628,0,1,車両相互
2023,33.5088625,130.4478936111111,0,1,車両相互
2023,33.50752388888889,130.43911555555556,0,1,車両相互
2023,33.51837916666666,130.45610694444443,0,1,車両相互
2023,33.537234166666664,130.47031944444444,0,1,車両相互
2023,33.51109972222222,130.46748805555555,0,1,車両相互
2023,33.545026111111106,130.44672944444446,0,3,車両相互
2023,33.5487575,130.48817555555553,0,1,車両相互
2023,33.511763055555555,130.4622,0,2,車両相互
2023,33.51459444444444,130.42405555555555,0,1,車両相互
2023,33.54020583333333,130.45115916666666,0,1,車両相互
2023,33.52768277777778,130.49065777777776,0,1,車両相互
2023,33.51553916666667,130.4766338888889,0,1,人対車両
2023,33.53103,130.46193749999998,0,2,車両相互
2023,33.53591472222222,130.45623388888887,0,1,車両相互
2023,33.54181055555556,130.4501036111111,0,1,車両相互
2023,33.48671222222222,130.40830222222223,0,1,車両相互
2023,33.54571305555555,130.44271777777777,0,1,車両相互
2023,33.53413277777778,130.48855166666667,0,1,車両相互
2023,33.519259166666664,130.42269916666666,0,1,車両相互
2023,33.533517777777774,130.4794975,0,3,車両相互
2023,33.531365,130.4853513888889,0,1,人対車両
2023,33.51935111111111,130.424825,0,1,車両相互
2023,33.462339722222225,130.4310238888889,0,1,車両相互
2023,33.53825055555556,130.45375888888887,0,3,車両相互
2023,33.5106075,130.46914944444444,0,1,車両相互
2023,33.53315666666666,130.4590161111111,0,1,車両相互
2023,33.53717916666667,130.4770213888889,0,1,車両相互
2023,33.52574111111111,130.46109944444444,0,1,人対車両
2023,33.53118,130.4472602777778,0,1,車両相互
2023,33.51694611111111,130.46888944444444,0,1,車両相互
2023,33.51025722222222,130.43761194444446,0,3,車両相互
2023,33.51825972222222,130.43642861111113,0,3,車両相互
2023,33.538441388888884,130.47652944444445,0,1,車両相互
2023,33.501895833333336,130.48532055555555,0,1,人対車両
2023,33.54568944444444,130.44276305555556,0,1,車両相互
2023,33.53304611111111,130.47159194444444,0,1,車両相互
2023,33.512729444444446,130.46943916666666,0,2,車両相互
2023,33.505768055555556,130.43953222222223,0,1,車両相互
2023,33.52507,130.42435805555556,0,2,車両相互
2023,33.50884305555556,130.44963388888888,0,1,車両相互
2023,33.52786861111111,130.44814916666667,0,1,車両相互
2023,33.504982222222225,130.46189944444444,0,2,車両相互
2023,33.51311861111111,130.47858250000002,0,1,車両相互
2023,33.54748722222222,130.44732,0,1,人対車両
2023,33.542633333333335,130.44937722222224,0,1,車両相互
2023,33.514878333333336,130.45874277777776,0,1,車両相互
2023,33.53984638888889,130.4409386111111,0,1,車両相互
2023,33.509148055555556,130.4589797222222,0,2,車両相互
2023,33.52717305555556,130.48132222222222,0,2,車両相互
2023,33.520088333333334,130.46926472222222,0,1,車両相互
2023,33.51594361111111,130.43565416666667,0,1,車両相互
2023,33.52184277777778,130.45334,0,1,車両相互
2023,33.5207875,130.42875833333332,0,1,車両相互
2023,33.5044075,130.48117055555556,0,1,車両相互
2023,33.54726222222222,130.44812555555555,0,1,人対車両
2023,33.518563888888885,130.42277694444442,0,1,車両相互
2023,33.51428361111111,130.41975472222222,0,1,人対車両
2023,33.52093333333333,130.45143805555554,0,2,車両相互
2023,33.51656527777778,130.4675138888889,0,1,車両相互
2023,33.51800194444444,130.4903711111111,0,1,人対車両
2023,33.538758611111106,130.44046944444446,0,1,車両相互
2023,33.55186277777778,130.47831694444446,0,1,車両相互
2023,33.54064527777778,130.44432916666668,0,1,車両相互
2023,33.52050277777778,130.46334944444445,0,1,車両相互
2023,33.53571083333333,130.46437777777777,0,1,車両相互
2023,33.50483916666666,130.4785475,0,1,車両相互
2023,33.28501583333333,130.48701555555553,0,2,車両相互
2023,33.30771166666666,130.49576194444444,0,2,車両相互
2023,33.25714138888889,130.4317497222222,0,1,車両相互
2023,33.23788861111111,130.43484833333335,0,3,車両相互
2023,33.326435555555555,130.4958286111111,0,1,車両相互
2023,33.25637527777778,130.46825361111112,0,1,人対車両
2023,33.23911388888889,130.41556055555557,0,1,車両相互
2023,33.31216111111111,130.49515805555555,0,1,車両相互
2023,33.26611388888889,130.47057166666667,0,4,車両相互
2023,33.24924083333333,130.44752916666667,0,1,車両相互
2023,33.24715361111111,130.45983777777778,0,1,車両相互
2023,33.32669916666667,130.49274499999999,0,1,人対車両
2023,33.30175361111111,130.4975972222222,0,1,車両相互
2023,33.31127111111111,130.49445527777777,0,1,車両相互
2023,33.312514166666666,130.4945036111111,1,0,人対車両
2023,33.31163222222222,130.49773083333332,0,1,車両相互
2023,33.288133888888886,130.49003916666666,0,1,車両相互
2023,33.29200611111111,130.49355888888888,0,1,車両相互
2023,33.24007388888889,130.4543097222222,0,1,車両相互
2023,33.31602861111111,130.49494833333333,0,1,車両相互
2023,33.28183305555555,130.4828363888889,0,1,車両相互
2023,33.21103166666667,130.3752538888889,0,1,人対車両
2023,33.219794722222225,130.44886722222222,0,1,車両相互
2023,33.20709444444445,130.3754088888889,0,1,人対車両
2023,33.20353055555556,130.4920986111111,0,1,車両相互
2023,33.19283305555555,130.38570333333334,0,1,車両相互
2023,33.23082194444444,130.43942611111112,0,1,車両相互
2023,33.219188611111115,130.44963833333333,0,1,車両相互
2023,33.229843055555556,130.45298083333333,0,1,車両相互
2023,33.209903611111116,130.44131805555557,0,1,車両相互
2023,33.227849444444445,130.3834022222222,0,2,車両相互
2023,33.183702222222216,130.48389999999998,0,1,車両相互
2023,33.19978944444444,130.38942,0,1,車両相互
2023,33.224406944444446,130.42960777777776,0,1,車両相互
2023,33.18938305555555,130.38285694444446,0,1,車両相互
2023,33.21544888888889,130.37593444444445,0,2,車両相互
2023,33.20637111111112,130.38135583333334,0,2,車両相互
2023,33.225414722222226,130.48536249999998,0,1,車両相互
2023,33.20420333333334,130.37434000000002,0,1,車両相互
2023,33.23595944444445,130.49452722222222,0,1,車両相互
2023,33.22788944444444,130.40955916666667,0,1,車両相互
2023,33.23453,130.3860136111111,0,1,車両相互
2023,33.12587027777778,130.4285113888889,0,1,車両相互
2023,33.17920944444444,130.4140925,0,1,車両相互
2023,33.12518222222222,130.4277138888889,0,2,車両相互
2023,33.166125,130.42080694444442,0,1,車両相互
2023,33.17699944444444,130.40457555555557,0,1,車両相互
2023,33.16815444444444,130.44621222222221,0,1,車両相互
2023,33.17656944444444,130.3669177777778,0,2,車両相互
2023,33.179575,130.41236444444445,0,1,車両相互
2023,33.17722111111111,130.3971411111111,0,1,車両相互
2023,33.17397777777778,130.38289555555556,0,4,車両相互
2023,33.180836666666664,130.40486972222223,0,2,車両相互
2023,33.16080722222222,130.4037175,0,1,人対車両
2023,33.17709194444444,130.40461027777778,0,2,車両相互
2023,33.180230277777774,130.40547805555556,0,2,車両相互
2023,33.159549999999996,130.41701833333332,0,1,車両相互
2023,33.15154583333333,130.44788055555557,0,2,車両相互
2023,33.122169166666666,130.39011583333334,0,1,車両相互
2023,33.14951611111111,130.48865777777777,0,1,車両相互
2023,33.17962055555555,130.4508522222222,0,4,車両相互
2023,33.13058361111111,130.42490833333332,0,1,車両相互
2023,33.158265,130.4788213888889,0,1,人対車両
2023,33.189679722222216,130.42024444444442,0,1,車両相互
2023,33.00534694444445,130.43865833333334,0,1,車両相互
2023,33.03995972222222,130.45449444444444,0,1,車両相互
2023,33.03573972222222,130.45391916666665,0,1,車両相互
2023,33.071558611111115,130.48034333333334,0,1,車両相互
2023,33.0294525,130.44516611111112,0,1,車両相互
2023,33.033470277777774,130.44754361111112,0,1,車両相互
2023,33.03726861111111,130.4513208333333,0,1,車両相互
2023,33.05885166666666,130.4660113888889,0,1,車両相互
2023,33.04535472222222,130.4811525,0,1,人対車両
2023,33.032243055555554,130.444915,0,1,車両相互
2023,33.07255333333334,130.47138777777778,0,3,車両相互
2023,33.03322722222222,130.44269305555557,0,1,車両相互
2023,33.01347694444444,130.4735963888889,0,1,車両相互
2023,33.04557583333333,130.48101,0,1,人対車両
2023,33.05854222222222,130.4658186111111,0,1,車両相互
2023,33.007284722222224,130.4345463888889,0,1,車両相互
2023,33.05138083333333,130.4660808333333,0,1,人対車両
2023,33.011626944444444,130.4862122222222,0,2,車両相互
2023,33.004372777777775,130.43859333333333,0,3,車両相互
2023,33.068738055555556,130.44141055555556,0,1,車両相互
2023,33.043923888888884,130.44756694444445,0,1,車両相互
2023,33.0438525,130.47604527777779,0,1,車両相互
2023,33.037146666666665,130.4461838888889,0,1,車両相互
2023,33.05784944444444,130.4656122222222,0,1,車両相互
2023,33.02630833333333,130.4431575,0,1,車両相互
2023,33.025796666666665,130.45102333333332,0,1,車両相互
2023,33.328702500000006,130.30219416666668,0,2,車両相互
2023,33.12532111111111,129.98107333333334,0,2,車両相互
2023,33.31916805555556,130.39651333333333,0,1,車両相互
2023,33.283245,130.4028536111111,0,1,車両相互
2023,33.30818305555555,130.37029722222223,0,1,車両相互
2023,33.348509722222225,130.39722972222222,0,1,車両相互
2023,33.26311361111111,130.3565986111111,0,1,車両相互
2023,33.3058,130.3952786111111,0,1,車両相互
2023,33.34665861111112,130.38216111111112,0,2,車両相互
2023,33.26784166666667,130.36519305555555,0,1,車両相互
2023,33.28207638888889,130.40327444444446,0,1,車両相互
2023,33.29607472222222,130.38959805555555,0,1,車両単独
2023,33.3247775,130.40673916666668,0,1,車両相互
2023,33.30781638888889,130.3765977777778,0,2,車両相互
2023,33.326012500000004,130.37313111111112,0,2,車両相互
2023,33.34881222222222,130.40018,0,1,車両相互
2023,33.26709111111111,130.35931583333334,0,1,車両相互
2023,33.306648055555556,130.3542936111111,0,1,車両相互
2023,33.30401055555555,130.3687527777778,0,1,車両相互
2023,33.307361388888886,130.3694225,0,1,車両相互
2023,33.28138833333333,130.4016263888889,0,2,車両相互
2023,33.35617055555556,130.48227083333333,0,1,車両相互
2023,33.344592222222225,130.45803833333332,0,1,車両相互
2023,33.32432888888889,130.43006,0,1,車両相互
2023,33.361381111111115,130.49659499999999,0,1,車両相互
2023,33.343965555555556,130.4446213888889,0,1,車両相互
2023,33.385147777777775,130.49961055555553,0,2,車両相互
2023,33.32056277777778,130.42533,0,1,車両相互
2023,33.369167222222224,130.47913055555557,0,2,車両相互
2023,33.35669666666667,130.48468583333332,0,1,車両相互
2023,33.31768944444445,130.41827666666666,0,1,車両相互
2023,33.31768805555556,130.41825444444444,0,2,車両相互
2023,33.34884777777778,130.45944166666666,0,2,車両相互
2023,33.34330694444445,130.4423111111111,0,1,車両相互
2023,33.31469305555555,130.48817305555554,0,3,車両相互
2023,33.341888611111116,130.43753,0,1,車両相互
2023,33.35292194444445,130.48516027777777,0,1,車両相互
2023,33.336558611111116,130.4198972222222,0,1,車両相互
2023,33.367018333333334,130.49988083333332,0,1,車両相互
2023,33.37765111111111,130.49897222222222,0,1,人対車両
2023,33.27268083333333,130.19136555555556,0,1,車両相互
2023,33.297287499999996,130.17499166666667,0,1,車両相互
2023,33.26023027777778,130.2169963888889,0,1,車両相互
2023,33.26370527777778,130.23780694444443,0,2,車両相互
2023,33.28776861111111,130.09325222222222,0,2,車両相互
2023,33.260402222222226,130.08530416666667,0,1,車両相互
2023,33.246271666666665,130.08354805555555,0,1,車両相互
2023,33.2616225,130.22770111111112,0,2,車両相互
2023,33.28171583333333,130.09601583333335,0,1,人対車両
2023,33.28308916666666,130.14927972222222,0,1,車両相互
2023,33.27674527777778,130.2155786111111,0,2,車両相互
2023,33.26171611111111,130.22763138888888,0,4,車両相互
2023,33.26168583333333,130.17852916666666,0,1,車両相互
2023,33.26539916666667,130.24202805555555,0,1,車両相互
2023,33.42397138888889,129.9167886111111,0,1,車両相互
2023,33.46891166666667,129.95058305555554,0,1,車両相互
2023,33.440641388888885,129.97369750000001,0,1,車両相互
2023,33.43566944444444,130.0103088888889,0,1,車両相互
2023,33.437422777777776,129.9728561111111,0,5,車両相互
2023,33.433635555555554,130.0004913888889,0,2,車両相互
2023,33.43112611111111,129.98226805555555,0,1,車両単独
2023,33.444405277777776,130.06588833333333,0,1,車両相互
2023,33.34370333333334,130.03029333333333,0,1,車両相互
2023,33.442993888888886,129.96706722222223,0,1,車両相互
2023,33.394439166666665,129.9797088888889,0,1,車両相互
2023,33.44407722222222,130.0169702777778,0,1,車両相互
2023,33.43621694444444,130.01540666666668,0,1,車両相互
2023,33.44871472222222,129.85961388888887,0,1,車両相互
2023,33.465697222222225,129.95455944444444,0,1,車両相互
2023,33.42932388888889,129.98529916666666,0,2,車両相互
2023,33.43398222222222,130.0035125,0,1,車両相互
2023,33.42184611111111,129.9211636111111,0,1,車両相互
2023,33.42184666666667,129.92112555555553,0,1,車両相互
2023,33.44641027777777,129.9626736111111,0,1,人対車両
2023,33.34001027777778,130.03226194444446,0,1,車両相互
2023,33.44395055555555,130.0154825,0,2,車両相互
2023,33.449218055555555,129.9656575,0,1,車両相互
2023,33.35508888888889,130.0038911111111,0,1,車両相互
2023,33.40640027777778,129.98696222222222,0,1,車両相互
2023,33.44797055555555,129.98668555555554,0,1,車両相互
2023,33.435876666666665,129.98778555555555,0,1,車両相互
2023,33.468919444444445,129.95055305555553,0,2,車両相互
2023,33.43664638888889,130.01496,0,1,車両相互
2023,33.4381875,129.99696527777778,0,1,人対車両
2023,33.452829722222226,130.04195416666667,0,1,車両相互
2023,33.4306925,130.0088061111111,0,1,人対車両
2023,33.44082083333333,130.0290613888889,0,1,車両相互
2023,33.26864277777778,129.87913972222222,0,1,車両相互
2023,33.214471111111116,129.85742305555556,0,1,車両相互
2023,33.27467333333333,129.87650083333335,0,1,車両相互
2023,33.265975555555556,129.87418611111113,0,1,人対車両
2023,33.26337777777778,129.8586022222222,0,1,車両相互
2023,33.180657499999995,129.8805488888889,0,2,車両相互
2023,33.31531222222222,129.84277722222222,0,1,車両相互
2023,33.272707777777775,129.8803838888889,0,1,車両相互
2023,33.26835111111111,129.85701277777778,0,1,人対車両
2023,33.31991277777778,129.80716,0,4,車両相互
2023,33.26328777777778,129.85926916666665,0,1,車両相互
2023,33.26026944444445,129.88682722222222,0,1,人対車両
2023,33.26885861111111,129.87853694444445,0,1,車両相互
2023,33.28175722222222,129.89654055555556,0,2,車両相互
2023,33.18281527777778,129.8805727777778,0,1,車両相互
2023,33.28189722222222,129.8732325,0,1,車両相互
2023,33.28270416666667,129.92552027777776,0,1,車両相互
2023,33.28194027777778,129.88933805555556,0,1,人対車両
2023,33.29308611111111,129.91047944444446,0,1,車両相互
2023,33.27742138888889,129.8470986111111,0,1,車両相互
2023,33.260864166666664,129.91910638888888,0,1,車両相互
2023,33.18503333333333,129.87992555555556,0,1,車両相互
2023,33.27278388888889,129.8762375,0,2,車両相互
2023,33.272797777777775,129.87604305555556,0,1,車両相互
2023,33.275595833333334,129.87117,0,1,車両相互
2023,33.27183111111111,129.85348222222223,0,2,車両相互
2023,33.26232,129.85533833333332,0,1,車両相互
2023,33.27423944444444,129.87788083333334,0,2,車両相互
2023,33.277186944444445,129.847465,0,4,車両相互
2023,33.273113333333335,129.88198305555557,0,1,車両相互
2023,33.20427416666667,130.03539944444444,0,1,車両相互
2023,33.21955416666667,130.05306833333336,0,2,車両相互
2023,33.21921444444445,130.02804277777778,0,1,人対車両
2023,33.19007333333333,130.01095027777777,0,1,車両相互
2023,33.18893472222222,130.01206444444443,0,1,人対車両
2023,33.19720444444444,130.0326677777778,0,1,車両相互
2023,33.22047583333334,130.07263749999998,0,1,車両相互
2023,33.2358775,130.0648413888889,0,1,車両相互
2023,33.20870805555556,129.92760694444445,0,3,車両相互
2023,33.20352666666667,130.0303538888889,0,1,車両相互
2023,33.19427388888889,130.01919194444446,0,1,車両相互
2023,33.220135,130.06093472222224,0,1,車両相互
2023,33.19224277777777,129.96539555555555,0,1,車両相互
2023,33.16798611111111,130.0177863888889,0,1,車両相互
2023,33.218450000000004,130.07654777777776,0,1,車両相互
2023,33.20310277777778,130.02458722222224,0,1,人対車両
2023,33.219143611111114,130.07545833333333,0,1,車両相互
2023,33.191560277777775,129.9530411111111,0,1,車両相互
2023,33.21150666666667,130.0469688888889,0,1,車両相互
2023,33.20868388888889,129.92568944444443,0,1,人対車両
2023,33.1796625,130.1394222222222,0,1,車両相互
2023,33.17699805555555,130.1973763888889,0,1,車両相互
2023,33.217312222222226,130.15652083333333,0,1,車両相互
2023,33.217262222222224,130.16065305555557,0,1,車両相互
2023,33.194538055555554,130.1408211111111,0,2,車両相互
2023,33.17920472222222,130.19988527777778,0,1,車両相互
2023,33.15035972222222,130.12355,0,1,車両相互
2023,33.189428611111104,130.14818,0,1,車両相互
2023,33.17560833333333,130.18339805555556,0,1,車両相互
2023,33.1039125,130.08542472222223,0,1,車両相互
2023,33.08944666666667,130.10394444444444,0,1,車両相互
2023,33.09522305555556,129.9802588888889,0,1,車両相互
2023,33.111354166666665,130.0927888888889,0,1,車両相互
2023,33.09656583333334,129.98362388888887,0,1,人対車両
2023,33.10901666666667,130.0000452777778,0,1,車両単独
2023,33.11358277777778,130.08160305555555,0,1,車両相互
2023,33.09502333333334,129.97849,0,1,車両相互
2023,33.11208583333333,130.08803833333334,0,1,車両相互
2023,33.12244944444444,130.0821063888889,0,1,車両相互
2023,33.08073,130.10876944444445,0,1,車両相互
2023,33.10284666666667,129.9877997222222,0,1,人対車両
2023,33.096959444444444,130.10211777777778,0,1,人対車両
2023,33.12636583333333,130.06059361111113,0,1,車両相互
2023,33.246344722222226,130.27587222222223,0,4,車両相互
2023,33.24488888888889,130.29236527777778,0,1,車両相互
2023,33.2478125,130.33004,0,1,車両相互
2023,33.25050111111111,130.29746194444445,0,1,車両相互
2023,33.24357194444445,130.28271500000002,0,1,車両相互
2023,33.22810055555556,130.29942583333334,0,1,車両相互
2023,33.25175027777778,130.29752861111112,0,1,車両相互
2023,33.252827777777775,130.27441305555556,0,1,車両相互
2023,33.25548527777778,130.30793916666667,0,3,車両相互
2023,33.25047527777778,130.29758611111112,0,1,車両相互
2023,33.233377777777775,130.32966666666667,0,1,車両相互
2023,33.25999777777778,130.29791916666667,0,1,車両相互
2023,33.24800305555556,130.30082666666667,0,1,車両相互
2023,33.25020388888889,130.30544444444445,0,1,車両相互
2023,33.23496305555555,130.29193333333333,0,1,車両相互
2023,33.24303611111111,130.276935,0,1,人対車両
2023,33.21653361111112,130.28205555555556,0,1,車両相互
2023,33.17495944444444,130.31149055555557,0,1,車両相互
2023,33.25307138888889,130.29997583333332,0,1,車両相互
2023,33.234882222222225,130.32267666666667,0,1,車両相互
2023,33.22772194444445,130.2839586111111,0,1,車両相互
2023,33.256571666666666,130.28930694444443,0,1,車両相互
2022,33.24322361111111,130.23746972222222,0,1,車両相互
2023,33.254150555555555,130.30219250000002,0,1,車両相互
2023,33.25759222222222,130.27358805555556,0,1,車両相互
2023,33.25615138888889,130.30142583333335,0,1,車両相互
2023,33.254365,130.31639972222223,0,1,車両相互
2023,33.255097222222226,130.29270722222222,0,1,車両相互
2023,33.246272222222224,130.30788916666668,0,2,車両相互
2023,33.24048138888889,130.31649111111113,0,1,車両相互
2023,33.25364694444445,130.2956738888889,0,1,車両相互
2023,33.24766805555556,130.28146916666668,0,1,人対車両
2023,33.24281694444444,130.24930916666665,0,1,車両相互
2023,33.29224333333333,130.24062055555555,0,1,車両相互
2023,33.28971083333333,130.29785666666666,0,1,車両相互
2023,33.26604972222222,130.28991888888888,0,1,車両相互
2023,33.28661916666667,130.29704916666665,0,1,車両相互
2023,33.32248694444445,130.27116222222224,0,1,人対車両
2023,33.317952222222225,130.2826677777778,0,1,車両相互
2023,33.267675555555556,130.27410333333336,0,2,車両相互
2023,33.26822833333333,130.2815113888889,0,1,車両相互
2023,33.28109111111111,130.26943833333334,0,1,車両単独
2023,33.28270194444444,130.29826083333333,0,2,車両相互
2023,33.2676375,130.29674666666668,0,1,車両相互
2023,33.275706388888885,130.28499333333332,0,1,車両相互
2023,33.26300444444445,130.2723963888889,0,1,車両相互
2023,33.29177444444444,130.27730833333334,0,1,車両相互
2023,33.27662861111111,130.30655805555557,0,1,車両相互
2023,33.41106638888889,130.29160416666667,0,2,車両相互
2023,33.262545277777775,130.28153194444445,0,1,車両相互
2023,33.31408277777778,130.27906305555558,0,1,人対車両
2023,33.26323333333333,130.31745722222223,0,1,車両相互
2023,33.28598833333333,130.28996083333334,0,1,車両相互
2023,33.309131388888886,130.27061166666667,0,2,車両相互
2023,33.29273138888889,130.28752666666668,0,1,車両相互
2023,33.321046111111116,130.27278611111112,0,1,車両相互
2023,33.26230861111111,130.29458472222223,0,1,人対車両
2023,33.27850222222222,130.2926613888889,0,1,車両相互
2023,33.30743388888889,130.27725722222223,0,1,車両相互
2023,33.27511555555555,130.30977833333336,0,1,人対車両
2023,33.39178138888889,130.2141347222222,0,1,車両相互
2023,33.272484444444444,130.27602694444445,0,1,車両相互
2023,33.27404083333333,130.27083444444446,0,1,車両相互
2023,33.27175,130.2701888888889,0,1,車両相互
2023,33.264294444444445,130.29515583333333,0,1,人対車両
2023,33.28091777777777,130.2924486111111,0,1,車両相互
2023,33.311999166666666,130.28129833333335,0,1,車両相互
2023,33.310298055555556,130.24713083333333,0,2,車両相互
2023,33.27256472222222,130.2610725,0,1,車両相互
2023,33.27457638888889,130.29496527777778,0,1,車両相互
2023,33.04521,129.9278236111111,1,0,車両相互
2023,33.15423527777778,129.72930027777778,0,1,車両相互
2023,32.819518333333335,129.98088166666668,0,1,車両相互
2023,33.189006666666664,129.68882805555555,0,3,車両相互
2023,32.75178472222222,129.8866661111111,0,1,車両相互
2023,32.73703777777778,129.8999911111111,0,1,車両相互
2023,32.75648611111111,129.8697238888889,0,1,車両単独
2023,32.76805777777778,129.86224777777778,0,1,車両相互
2023,32.73079666666667,129.88582527777777,0,1,人対車両
2023,32.763217222222224,129.95078999999998,0,1,車両相互
2023,32.744372500000004,129.8760102777778,0,1,車両相互
2023,32.79020916666666,129.94840555555555,0,1,車両相互
2023,32.74516305555556,129.87431750000002,0,1,人対車両
2023,32.7542875,129.88455805555554,0,2,車両相互
2023,32.75235611111111,129.88726749999998,0,1,人対車両
2023,32.75576138888889,129.8931497222222,0,1,車両相互
2023,32.752924444444446,129.88385444444444,0,1,人対車両
2023,32.74807666666667,129.87601222222224,0,1,車両単独
2023,32.7489225,129.87242055555555,0,1,車両相互
2023,32.742063055555555,129.88182277777778,0,1,車両相互
2023,32.72038333333334,129.89528666666666,0,2,車両相互
2023,32.788035,129.94826305555557,0,1,車両相互
2023,32.74095694444445,129.87259916666667,0,1,車両相互
2023,32.741191111111114,129.87437083333333,0,1,人対車両
2023,32.75694472222222,129.86516277777778,0,2,車両相互
2023,32.745692777777776,129.82816333333332,0,1,車両相互
2023,32.75312666666667,129.8556111111111,0,1,車両相互
2023,32.79265611111111,129.9525461111111,0,1,人対車両
2023,32.755877222222225,129.86337083333333,0,1,車両相互
2023,32.74744388888889,129.82566416666666,0,1,人対車両
2023,32.72808055555556,129.89169305555555,0,1,車両相互
2023,32.765590277777775,129.8681288888889,0,1,車両相互
2023,32.76392388888889,129.8610522222222,0,1,人対車両
2023,32.759995277777776,129.93674777777778,0,1,車両相互
2023,32.74493527777778,129.83204666666666,0,3,車両相互
2023,32.799395277777776,129.9590911111111,0,1,車両相互
2023,32.76582777777778,129.8903425,0,1,車両相互
2023,32.758046388888886,129.86853861111112,0,1,車両相互
2023,32.74889944444445,129.88010277777778,0,1,人対車両
2023,32.7480175,129.86336583333332,0,1,車両相互
2023,32.747053333333334,129.87777222222223,0,1,人対車両
2023,32.76871888888889,129.86160055555555,0,1,人対車両
2023,32.74454222222222,129.87566583333333,0,1,車両相互
2023,32.789073333333334,129.94744888888889,0,1,車両相互
2023,32.76385972222222,129.8661297222222,0,1,車両相互
2023,32.725683611111116,129.88788888888888,0,1,人対車両
2023,32.767990555555556,129.85944194444443,0,1,車両相互
2023,32.769245,129.85578972222223,0,1,車両相互
2023,32.76286611111111,129.8652386111111,0,1,車両相互
2023,32.73605555555556,129.88716944444442,0,1,人対車両
2023,32.70768916666667,129.8503925,0,1,車両相互
2023,32.70756194444445,129.85038666666665,0,1,車両相互
2023,32.68756111111111,129.82083333333333,0,1,車両相互
2023,32.683300833333334,129.84149722222224,0,1,車両相互
2023,32.733464166666664,129.881155,0,1,車両単独
2023,32.72408583333333,129.86974722222223,0,2,車両相互
2023,32.68915583333333,129.8475486111111,0,1,車両相互
2023,32.700182222222224,129.8469225,0,1,車両相互
2023,32.7351,129.86802305555557,0,1,車両相互
2023,32.68566805555555,129.8434777777778,0,1,車両相互
2023,32.731070833333334,129.86460333333332,0,1,車両相互
2023,32.68110583333333,129.84179944444446,0,1,車両相互
2023,32.698175,129.84953833333336,0,1,車両相互
2023,32.73184055555556,129.86518305555555,0,1,車両相互
2023,32.67596472222222,129.839845,0,1,人対車両
2023,32.77164416666667,129.8628688888889,1,0,車両相互
2023,32.80546444444444,129.84958861111113,0,2,車両相互
2023,32.77431861111111,129.85526555555555,0,1,車両相互
2023,32.78227222222222,129.87592055555555,0,1,人対車両
2023,32.768966666666664,129.86360305555556,0,1,車両相互
2023,32.77999805555555,129.8533636111111,0,1,車両相互
2023,32.77809805555555,129.85870444444444,0,2,車両相互
2023,32.79421166666666,129.8779452777778,0,1,人対車両
2023,32.788154444444444,129.86156444444444,0,1,車両相互
2023,32.77997305555555,129.86990722222222,0,1,車両相互
2023,32.77787138888889,129.80158444444444,0,1,人対車両
2023,32.80289111111111,129.85200944444443,0,2,車両相互
2023,32.808458055555555,129.83253055555556,0,1,車両相互
2023,32.77014444444444,129.86399944444443,0,1,車両相互
2023,32.80587416666666,129.89178638888887,0,1,車両相互
2023,32.77223472222222,129.812385,1,8,車両相互
2023,32.796096666666664,129.878205,0,1,車両相互
2023,32.79528583333333,129.87196083333333,0,1,車両相互
2023,32.84430888888889,129.87004083333335,0,1,車両相互
2023,32.83293944444445,129.8532588888889,0,1,人対車両
2023,32.81559333333333,129.8878161111111,0,1,車両相互
2023,32.80547555555555,129.85157222222222,0,2,車両相互
2023,32.84097083333334,129.8540436111111,1,0,車両単独
2023,32.82255638888889,129.79345972222222,1,0,車両単独
2023,32.82667722222222,129.77921361111112,0,1,車両相互
2023,32.85996277777778,129.8041752777778,0,4,車両相互
2023,32.860239444444446,129.79035583333334,0,1,車両相互
2023,32.819631944444446,129.88020583333335,0,1,車両相互
2023,32.82253583333333,129.8978661111111,0,1,車両相互
2023,32.89735916666667,129.7808213888889,0,1,車両相互
2023,32.799233055555554,129.86912416666667,0,1,人対車両
2023,32.811484166666666,129.8095866666667,0,1,車両単独
2023,32.82531,129.77721833333334,0,1,車両相互
2023,32.81857111111111,129.8795113888889,0,2,車両相互
2023,32.86409416666667,129.78653527777777,0,1,車両相互
2023,32.82087194444445,129.8698036111111,0,1,車両相互
2023,32.823033055555555,129.74915944444444,0,1,車両相互
2023,32.860146666666665,129.8033027777778,0,2,車両相互
2023,33.038106666666664,129.632835,0,1,車両相互
2023,32.99661805555556,129.7323597222222,0,1,車両相互
2023,32.987114444444444,129.77331861111114,0,1,車両相互
2023,32.99234361111111,129.78623194444444,0,5,車両相互
2023,33.04680888888889,129.74751583333332,0,2,車両相互
2023,32.99077388888889,129.749225,0,1,車両相互
2023,32.83205916666667,129.98755138888887,0,1,車両相互
2023,32.83719972222222,130.01002888888888,0,1,車両相互
2023,32.833781111111115,130.0655788888889,0,1,車両相互
2023,32.88187583333333,130.01874944444447,0,1,車両相互
2023,32.83103194444445,130.00049944444444,0,1,車両相互
2023,32.833039722222225,130.07243888888888,0,1,車両相互
2023,32.849715555555555,130.02907083333335,0,1,人対車両
2023,32.817106111111116,129.96687333333333,0,1,車両相互
2023,32.83771388888889,130.01422277777777,0,1,車両相互
2023,32.828587500000005,130.06228694444445,0,1,車両相互
2023,32.841195,130.0337725,0,1,車両相互
2023,32.833353611111114,130.058785,0,1,車両相互
2023,32.83740527777778,130.01679083333335,0,1,車両相互
2023,32.88418194444444,130.01166722222223,0,1,車両相互
2023,32.83336972222222,130.073195,0,1,車両相互
2023,32.83552916666667,130.05783444444447,0,1,車両相互
2023,32.81827083333334,129.9682547222222,0,1,車両相互
2023,32.84782833333333,130.0582877777778,0,1,車両相互
2023,32.839313611111116,130.0238177777778,0,1,車両相互
2023,32.843411111111116,130.0579438888889,0,1,車両相互
2023,32.83378861111111,130.08730111111112,0,1,車両相互
2023,32.83934722222222,130.04918583333333,0,1,車両相互
2023,32.831137222222225,129.98629694444443,0,1,車両相互
2023,32.832503055555556,130.0500263888889,0,2,車両相互
2023,32.880316388888886,130.10216166666666,0,1,車両相互
2023,32.84389916666667,130.04769805555554,0,4,車両相互
2023,32.82668027777778,129.97957861111112,0,1,車両相互
2023,32.83968111111111,130.03427722222222,0,1,車両相互
2023,32.882778888888886,130.0157825,0,1,車両相互
2023,32.828898055555555,129.99685,0,1,車両相互
2023,32.93518361111111,130.19977194444445,0,1,車両相互
2023,32.9038725,130.13769805555555,0,1,車両相互
2023,32.79479083333333,130.11539527777776,0,1,車両相互
2023,32.83293166666667,130.07904583333334,0,1,車両相互
2023,32.838367500000004,130.06443944444445,0,1,車両相互
2023,32.84679861111111,130.04848805555557,0,1,車両相互
2023,32.85004777777778,130.04005083333334,0,1,車両相互
2023,32.834854444444446,130.01413722222222,0,1,車両相互
2023,32.83766277777778,130.0189788888889,0,1,車両相互
2023,32.84913388888889,130.0607136111111,0,1,車両相互
2023,32.84142333333334,130.06354861111112,0,1,車両相互
2023,32.83012027777778,129.98114333333334,0,1,人対車両
2023,32.79920861111111,130.08458694444445,0,2,車両相互
2023,32.79405,130.36852361111113,0,1,人対車両
2023,32.74076638888889,130.36664166666665,0,1,車両相互
2023,32.862409166666666,130.32457194444444,0,1,車両相互
2023,32.85310694444445,130.33443666666668,0,1,車両相互
2023,32.792541388888885,130.35758027777777,0,2,車両相互
2023,32.788597777777774,130.34723861111112,0,3,車両相互
2023,32.76466305555556,130.37060555555556,0,1,車両相互
2023,32.786855833333334,130.37203305555556,0,1,車両相互
2023,32.80803888888889,130.3400163888889,0,1,車両相互
2023,32.78335166666667,130.37187333333335,0,1,人対車両
2023,32.761513055555554,130.36530083333332,0,1,車両相互
2023,32.61823361111111,130.1720097222222,0,1,車両相互
2023,32.67004111111111,130.31410277777778,0,1,人対車両
2023,32.71778972222222,130.3516425,0,1,車両相互
2023,32.8523325,130.2416472222222,0,1,車両相互
2023,32.84465138888889,130.1953088888889,0,1,車両相互
2023,32.724832222222226,130.2507236111111,0,1,車両相互
2023,32.79538611111111,130.1660888888889,1,0,人対車両
2023,32.81214055555555,130.15058611111112,0,1,車両相互
2023,32.86718611111111,130.23925555555553,0,1,車両相互
2023,32.92394472222222,129.94900194444446,0,1,人対車両
2023,32.913869166666665,129.94719777777777,0,1,車両相互
2023,32.93231083333333,129.96476388888888,0,1,人対車両
2023,32.90929722222222,129.95547194444444,0,1,車両相互
2023,32.88816861111111,129.99318916666667,0,2,車両相互
2023,32.94289916666666,129.9400513888889,0,1,人対車両
2023,32.88776277777778,129.9965963888889,0,1,車両相互
2023,32.914295277777775,129.94677027777777,0,2,車両相互
2023,32.934823888888886,129.93681944444444,0,1,車両相互
2023,32.8490075,130.0103488888889,0,1,車両相互
2023,32.940931111111105,129.93564166666667,0,1,車両相互
2023,32.93225944444444,129.93695888888888,0,1,車両相互
2023,32.92863694444444,129.93773166666668,0,1,車両相互
2023,32.89207861111111,129.97618555555556,0,1,車両相互
2023,32.924232777777775,129.94226805555556,0,2,車両相互
2023,32.91041194444444,129.9605611111111,0,1,車両相互
2023,32.93050083333333,129.93741777777777,0,1,人対車両
2023,33.025483333333334,129.9342225,0,1,車両相互
2023,33.06014222222222,129.88518833333333,0,1,車両相互
2023,33.06872972222222,129.87051277777778,0,4,車両相互
2023,33.109610277777776,129.86852833333333,0,1,車両相互
2023,33.150595277777775,129.76872555555556,0,1,車両相互
2023,33.14943805555556,129.78018055555557,0,1,車両相互
2023,33.12199138888889,129.80411166666667,0,1,車両相互
2023,33.09531777777778,129.79446611111112,0,4,車両相互
2023,33.15847972222222,129.81256472222222,0,2,車両相互
2023,33.15191972222222,129.7789563888889,0,1,人対車両
2023,33.13971138888889,129.80324000000002,0,1,車両相互
2023,33.14115694444445,129.79708055555557,0,1,車両相互
2023,33.121497777777776,129.79684583333332,0,1,車両相互
2023,33.08859638888889,129.75534027777778,0,1,車両相互
2023,33.15445277777778,129.77259305555557,0,1,車両相互
2023,33.163423888888886,129.8208013888889,0,1,車両相互
2023,33.08947583333334,129.7560975,0,1,車両相互
2023,33.158182499999995,129.7580927777778,0,1,人対車両
2023,33.15642972222222,129.76858111111113,0,2,車両相互
2023,33.15842361111111,129.75887055555555,0,1,車両相互
2023,33.1732825,129.72405555555557,0,1,人対車両
2023,33.16144277777778,129.72829583333333,0,1,車両相互
2023,33.17527916666666,129.71897416666667,0,2,車両相互
2023,33.19737166666666,129.72120722222223,0,1,車両相互
2023,33.21238777777778,129.74575888888887,0,1,車両相互
2023,33.158701388888886,129.75150638888888,0,1,人対車両
2023,33.155946666666665,129.7344936111111,0,2,車両相互
2023,33.165171944444445,129.724085,0,1,人対車両
2023,33.17583944444444,129.718275,0,1,車両相互
2023,33.16001361111111,129.74147305555553,0,1,車両相互
2023,33.207703055555555,129.72129361111112,0,1,車両相互
2023,33.21073916666667,129.73808416666665,0,1,車両相互
2023,33.16665444444444,129.69249722222222,0,1,人対車両
2023,33.19625944444444,129.671325,0,1,車両相互
2023,33.19798583333333,129.6696011111111,0,1,人対車両
2023,33.168950555555554,129.6804875,0,1,人対車両
2023,33.16150972222222,129.6851425,0,1,車両相互
2023,33.21194361111112,129.66051333333334,0,2,車両相互
2023,33.211330555555556,129.70071944444445,0,1,車両相互
2023,33.23800583333333,129.64950833333333,0,1,人対車両
2023,33.22939027777778,129.65057083333335,0,1,人対車両
2023,33.27508777777778,129.68926611111112,0,1,車両相互
2023,33.35058361111111,129.69323944444446,0,1,車両相互
2023,33.33942555555556,129.70982444444442,0,5,車両相互
2023,33.331539722222224,129.70197166666665,0,1,車両相互
2023,33.35260916666667,129.76533138888888,0,3,車両相互
2023,32.75042888888889,128.7499272222222,0,1,車両相互
2023,34.393971944444445,129.32025833333333,0,1,人対車両
2023,32.99780444444445,130.43818638888888,0,1,車両相互
2023,32.962585555555556,130.43382222222223,0,1,人対車両
2023,33.001385,130.4344075,0,1,車両相互
2023,32.969115555555554,130.49310972222221,0,2,車両相互
2023,32.998105833333334,130.4852936111111,0,1,車両相互
2023,32.5116275,130.05984694444444,0,1,車両相互
2023,32.51898666666666,130.19231833333333,0,1,車両相互
2023,32.436140277777774,130.17197166666665,0,1,車両単独
2023,32.50487833333333,130.30368805555557,0,1,車両相互
2023,32.46780805555556,130.2025383333333,0,1,車両相互
2023,32.60339583333334,130.43862777777778,0,1,人対車両
2023,32.57571111111111,130.42048277777778,0,3,車両相互
2023,32.44058472222222,130.40550166666668,0,1,人対車両
2023,33.63476861111111,130.4234286111111,0,1,車両相互
2023,33.620375555555555,130.48620722222222,0,3,車両相互
2023,33.57972166666667,130.44434222222222,0,2,車両相互
2023,33.62426277777778,130.4153813888889,0,1,車両相互
2023,33.632262777777775,130.41845055555555,0,1,車両相互
2023,33.66235694444444,130.4158075,0,1,車両相互
2023,33.52460194444444,130.4957147222222,0,2,車両相互
2023,33.63987916666667,130.42237583333332,0,1,車両相互
2023,33.632397777777776,130.41860138888887,0,1,車両相互
2023,33.558611666666664,130.47095416666667,0,1,車両相互
2023,33.613621944444446,130.48715916666666,0,1,車両相互
2023,33.69860527777777,130.48551027777776,0,3,車両相互
2023,33.67053055555555,130.4818561111111,0,1,車両相互
2023,33.67057527777778,130.48189,0,2,車両相互
2023,33.6705275,130.48184472222223,0,1,車両相互
2023,33.566467777777774,130.3874875,0,1,車両相互
2023,33.58909194444445,130.39103277777778,0,1,人対車両
2023,33.58346166666667,130.38809388888887,0,1,車両相互
2023,33.584383611111114,130.39132027777777,0,1,車両相互
2023,33.58238472222222,130.38110861111113,0,1,人対車両
2023,33.59121694444445,130.3866111111111,0,1,車両相互
2023,33.59475333333334,130.36393333333334,0,2,車両相互
2023,33.57810861111111,130.39951027777778,0,1,人対車両
2023,33.57660916666667,130.41353138888888,0,1,車両相互
2023,33.58880916666667,130.40822944444446,0,1,人対車両
2023,33.594746944444445,130.3983986111111,0,1,人対車両
2023,33.587918333333334,130.40140611111113,0,1,車両相互
2023,33.58956194444445,130.4077588888889,0,1,車両相互
2023,33.59025583333334,130.40711638888888,0,1,人対車両
2023,33.585570833333335,130.39543583333332,0,2,車両相互
2023,33.57373805555556,130.4040938888889,0,1,人対車両
2023,33.57319972222223,130.40190027777777,0,1,車両相互
2023,33.592216944444445,130.39883055555555,0,2,車両相互
2023,33.588681111111114,130.38922277777777,0,1,車両相互
2023,33.59652638888889,130.39576,0,1,車両相互
2023,33.58708333333333,130.40234611111111,0,2,車両相互
2023,33.58224444444445,130.36687722222223,0,1,人対車両
2023,33.595847222222226,130.39642999999998,0,1,車両相互
2023,33.57497805555556,130.40798583333333,0,1,車両相互
2023,33.587850833333334,130.40145805555557,0,1,人対車両
2023,33.58992333333334,130.39027888888887,0,2,車両相互
2023,33.58394916666667,130.3923022222222,0,1,車両相互
2023,33.58845111111111,130.40067277777777,0,1,車両相互
2023,33.58878527777778,130.37745333333334,0,1,人対車両
2023,33.58927444444445,130.37232500000002,0,2,車両相互
2023,33.58958527777778,130.39265055555555,0,1,車両単独
2023,33.581134444444444,130.39735666666667,0,1,車両相互
2023,33.583534722222225,130.38555944444443,0,1,車両相互
2023,33.57633138888889,130.4115786111111,0,1,車両相互
2023,33.58210444444445,130.4047011111111,0,2,車両相互
2023,33.582366944444445,130.4070377777778,0,1,車両相互
2023,33.56700527777778,130.39051944444444,0,1,車両相互
2023,33.56579833333333,130.3875938888889,0,1,車両相互
2023,33.59263666666667,130.3981725,0,1,車両単独
2023,33.57327277777778,130.40451583333333,0,1,車両相互
2023,33.58208527777778,130.3831866666667,0,1,車両相互
2023,33.589285000000004,130.38155861111113,0,1,車両相互
2023,33.59028805555556,130.37301444444446,0,1,車両相互
2023,33.58984166666667,130.36952194444444,0,1,車両相互
2023,33.58571277777778,130.37366472222223,0,1,車両相互
2023,33.58627527777778,130.39163638888888,0,1,車両相互
2023,33.583690833333335,130.40230277777778,0,1,車両相互
2023,33.58316305555556,130.40146194444446,0,2,車両相互
2023,33.59438333333333,130.39420555555554,0,1,車両相互
2023,33.591837222222225,130.39074166666666,0,1,車両相互
2023,33.567463333333336,130.378015,0,1,車両相互
2023,33.59310083333334,130.40114194444445,0,1,車両相互
2023,33.592373333333335,130.36532138888887,0,1,車両相互
2023,33.59001472222222,130.36942611111112,0,1,車両相互
2023,33.59021222222223,130.39069805555556,0,2,車両相互
2023,33.585859444444445,130.3959036111111,0,1,車両相互
2023,33.57880444444445,130.4100488888889,0,1,車両相互
2023,33.57856777777778,130.37571277777778,0,1,人対車両
2023,33.59270527777778,130.38962222222221,0,1,車両相互
2023,33.595283055555555,130.40850555555556,0,1,人対車両
2023,33.59174777777778,130.40969222222222,0,1,車両相互
2023,33.592756666666666,130.43547444444445,0,1,車両相互
2023,33.58871083333334,130.4133402777778,0,1,車両相互
2023,33.56351305555555,130.45736083333333,0,1,車両相互
2023,33.592215555555555,130.42189166666665,0,1,人対車両
2023,33.60221583333333,130.44457916666667,0,3,車両相互
2023,33.60894888888889,130.4287925,0,1,人対車両
2023,33.598081111111114,130.43108666666666,0,1,車両相互
2023,33.58747,130.41499222222222,0,1,車両相互
2023,33.579115,130.43314888888887,0,1,車両相互
2023,33.565167499999994,130.4626788888889,0,3,車両相互
2023,33.587698611111115,130.41942083333333,0,1,車両相互
2023,33.5949675,130.41548166666666,0,1,車両相互
2023,33.58835944444445,130.4114338888889,0,1,人対車両
2023,33.58006916666667,130.46787,0,1,車両相互
2023,33.559279999999994,130.45976555555555,0,1,車両相互
2023,33.560942499999996,130.458925,0,1,車両相互
2023,33.595038611111114,130.43431083333334,0,2,車両相互
2023,33.595283611111114,130.40691083333334,0,1,車両相互
2023,33.58768972222222,130.42950249999998,0,1,車両相互
2023,33.58787805555556,130.45454888888887,0,1,車両相互
2023,33.59298388888889,130.42380916666664,0,3,車両相互
2023,33.587943055555556,130.42221972222222,0,4,車両相互
2023,33.570885000000004,130.45632916666665,0,3,車両相互
2023,33.58890138888889,130.42264083333333,0,1,人対車両
2023,33.55627166666666,130.473005,0,1,車両相互
2023,33.565978888888885,130.46346027777776,0,1,車両相互
2023,33.56253861111111,130.4608697222222,0,1,車両相互
2023,33.562236388888884,130.458325,0,1,車両相互
2023,33.561885555555556,130.446475,0,1,人対車両
2023,33.554250277777776,130.47526555555555,0,1,車両相互
2023,33.57294166666667,130.43799555555555,0,1,車両相互
2023,33.57507722222223,130.44618027777778,0,1,車両相互
2023,33.600275833333335,130.41389,0,1,車両相互
2023,33.575318333333335,130.46250277777776,0,1,車両相互
2023,33.59914833333334,130.40810027777778,0,1,車両相互
2023,33.603561944444444,130.42089555555555,0,1,車両相互
2023,33.542558888888884,130.46089416666666,0,1,人対車両
2023,33.55263305555555,130.45740555555554,0,1,車両相互
2023,33.55598833333333,130.47349777777777,0,1,車両相互
2023,33.59328666666667,130.4066936111111,0,1,人対車両
2023,33.60352527777778,130.42272555555556,0,1,車両相互
2023,33.566785833333334,130.46428694444444,0,1,車両相互
2023,33.550135,130.46613,0,3,車両相互
2023,33.592601388888895,130.41919527777776,0,1,人対車両
2023,33.567282500000005,130.46184749999998,0,1,車両相互
2023,33.555973611111106,130.45306638888889,0,1,車両相互
2023,33.60588861111111,130.43873472222222,0,3,車両相互
2023,33.570393888888894,130.45080833333333,0,1,車両相互
2023,33.59331166666667,130.45580027777777,0,1,車両相互
2023,33.56240805555555,130.46077555555556,0,1,車両相互
2023,33.57211277777778,130.43807444444445,0,1,車両相互
2023,33.58879,130.41239833333333,0,1,人対車両
2023,33.59920916666667,130.4202836111111,0,1,車両相互
2023,33.57506333333334,130.46161527777775,0,1,車両相互
2023,33.59437888888889,130.42562138888889,0,1,車両相互
2023,33.58514777777778,130.4288963888889,0,1,車両相互
2023,33.59776527777778,130.4190061111111,0,2,車両相互
2023,33.578162500000005,130.41831805555555,0,1,車両相互
2023,33.561363611111105,130.4600597222222,0,3,車両相互
2023,33.59256777777778,130.41146055555555,0,1,人対車両
2023,33.56726277777778,130.46592222222222,0,1,車両相互
2023,33.598844444444445,130.43638666666666,0,1,車両相互
2023,33.591971388888894,130.42156138888888,0,1,車両相互
2023,33.60315166666667,130.404865,0,1,車両相互
2023,33.57720944444445,130.43502305555555,0,1,車両相互
2023,33.57753027777778,130.43508305555557,0,1,人対車両
2023,33.56759138888889,130.46623027777775,0,1,車両相互
2023,33.59670944444445,130.40572277777778,0,1,人対車両
2023,33.58603388888889,130.42989388888887,0,1,人対車両
2023,33.60422277777778,130.40713305555556,0,1,車両相互
2023,33.58555861111111,130.41031916666668,0,1,車両相互
2023,33.58330027777778,130.42905138888887,0,1,車両相互
2023,33.589509722222225,130.43110777777775,0,1,車両相互
2023,33.59964277777778,130.4490863888889,0,1,車両相互
2023,33.58338888888889,130.41058694444445,0,2,車両相互
2023,33.597548611111115,130.44847055555556,0,1,車両相互
2023,33.59240888888889,130.41130527777779,0,1,車両相互
2023,33.56700222222223,130.46473833333332,0,1,車両相互
2023,33.59097527777778,130.42155888888888,0,2,車両相互
2023,33.59241166666667,130.4231436111111,0,2,車両相互
2023,33.542853611111106,130.4636013888889,0,1,車両相互
2023,33.60084444444445,130.40209361111113,0,1,車両相互
2023,33.58549916666667,130.43859750000001,0,1,車両相互
2023,33.600051944444445,130.41394972222224,0,1,車両相互
2023,33.56045388888889,130.4592736111111,0,1,車両相互
2023,33.54448722222222,130.45953194444442,0,1,車両相互
2023,33.573975000000004,130.47453861111111,0,1,車両相互
2023,33.60041805555556,130.4147661111111,0,1,人対車両
2023,33.576058888888895,130.4363113888889,0,1,車両相互
2023,33.580893333333336,130.4229308333333,0,1,車両相互
2023,33.58451277777778,130.43770444444445,0,1,車両相互
2023,33.597051111111114,130.40564111111112,0,1,車両単独
2023,33.59381694444445,130.42460777777777,0,1,人対車両
2023,33.59082305555556,130.4376738888889,0,1,車両相互
2023,33.55230944444444,130.46415527777776,0,1,人対車両
2023,33.590586944444446,130.43183138888887,0,3,車両相互
2023,33.594438611111116,130.4097538888889,0,1,車両相互
2023,33.6004,130.40902305555556,0,1,車両相互
2023,33.59910694444444,130.40808916666668,0,1,車両相互
2023,33.58210722222223,130.44240916666666,0,1,車両相互
2023,33.58180444444445,130.4119802777778,0,1,車両相互
2023,33.587334444444444,130.42252944444442,0,1,車両相互
2023,33.600968333333334,130.4357161111111,0,1,車両相互
2023,33.60014972222223,130.40011722222224,0,2,車両相互
2023,33.66367611111111,130.4395313888889,0,1,車両相互
2023,33.63131805555555,130.43661055555555,0,1,車両相互
2023,33.61858111111111,130.43454333333332,0,2,車両相互
2023,33.622800833333336,130.43934555555555,0,1,車両相互
2023,33.63312333333334,130.42405777777776,0,1,車両相互
2023,33.65867055555555,130.43312833333331,0,1,車両相互
2023,33.66780388888888,130.4207336111111,0,1,人対車両
2023,33.6871375,130.43433361111113,0,1,車両相互
2023,33.689586388888884,130.41320666666667,0,1,車両相互
2023,33.63361444444445,130.42401777777778,0,1,車両相互
2023,33.680143888888885,130.43643444444444,0,1,車両相互
2023,33.61678055555556,130.43089972222222,0,1,人対車両
2023,33.646035833333336,130.43346805555555,0,1,人対車両
2023,33.634208055555554,130.4250725,0,1,車両相互
2023,33.60796027777778,130.437795,0,1,車両相互
2023,33.69176861111111,130.43406805555557,0,1,車両相互
2023,33.663760277777776,130.42363444444445,0,1,車両相互
2023,33.657115555555556,130.43969944444444,0,1,車両相互
2023,33.61738805555556,130.4261861111111,0,4,車両相互
2023,33.63973416666666,130.44747027777777,0,1,車両相互
2023,33.61051194444445,130.42731999999998,0,1,車両相互
2023,33.61647777777778,130.42581833333332,0,1,車両相互
2023,33.63659416666667,130.42477555555556,0,2,車両相互
2023,33.698183888888884,130.42088999999999,0,1,車両相互
2023,33.65844805555555,130.43954694444446,0,2,車両相互
2023,33.65872916666667,130.43011527777776,0,1,車両相互
2023,33.63279722222222,130.42381083333333,0,2,車両相互
2023,33.66918166666667,130.44833583333335,0,2,車両相互
2023,33.67616666666667,130.43917083333335,0,1,車両相互
2023,33.67989333333333,130.39123277777776,0,1,車両相互
2023,33.61971027777778,130.42305777777776,0,1,人対車両
2023,33.631281111111115,130.44930055555557,0,1,人対車両
2023,33.681619999999995,130.2896986111111,0,1,車両相互
2023,33.64728888888889,130.44019055555555,0,3,車両相互
2023,33.62985388888889,130.44281333333333,0,1,車両相互
2023,33.678415,130.45529444444443,0,1,車両相互
2023,33.69791583333333,130.4208436111111,0,1,車両相互
2023,33.62078777777778,130.43907944444445,0,2,車両相互
2023,33.618075555555556,130.4186572222222,0,1,車両単独
2023,33.63578138888889,130.48456277777777,0,1,車両相互
2023,33.65595444444444,130.43999027777778,0,1,車両相互
2023,33.61074583333333,130.44207,0,1,車両相互
2023,33.63413805555555,130.44043638888888,0,1,車両相互
2023,33.63440833333333,130.42432055555554,0,1,車両相互
2023,33.636695555555555,130.46316833333333,0,1,人対車両
2023,33.634434444444445,130.41935222222222,0,1,車両相互
2023,33.65143944444444,130.42869888888887,0,1,車両相互
2023,33.68928638888889,130.41736944444443,0,2,車両相互
2023,33.682919166666665,130.43529611111111,0,1,人対車両
2023,33.66957166666666,130.41160944444445,0,1,車両相互
2023,33.63443138888889,130.4191861111111,0,1,車両相互
2023,33.6280975,130.45077027777776,0,1,車両相互
2023,33.60869138888889,130.43308305555556,0,1,車両相互
2023,33.65692722222222,130.43695916666667,0,1,車両相互
2023,33.61509,130.43111694444443,0,1,人対車両
2023,33.6250525,130.4207836111111,0,1,車両相互
2023,33.63481,130.4243611111111,0,1,車両相互
2023,33.64662583333333,130.44078916666666,0,1,車両相互
2023,33.63552555555555,130.46251916666665,0,1,車両相互
2023,33.61907111111111,130.42815249999998,0,2,車両相互
2023,33.65435361111111,130.4552247222222,0,1,人対車両
2023,33.63067888888889,130.4479061111111,0,1,車両単独
2023,33.61852138888889,130.42635388888888,0,1,車両相互
2023,33.623399166666665,130.42007277777776,0,1,車両相互
2023,33.67679555555555,130.31084472222224,0,1,車両相互
2023,33.616086111111116,130.44255555555557,0,1,車両相互
2023,33.61380833333333,130.41234833333334,0,1,車両相互
2023,33.60917861111111,130.43788472222224,0,1,車両相互
2023,33.653642777777776,130.43494972222223,0,1,車両相互
2023,33.665103055555555,130.4475972222222,0,1,車両相互
2023,33.635755277777776,130.42009277777777,0,1,車両相互
2023,33.61455111111111,130.41452611111112,0,1,車両相互
2023,33.65229305555555,130.42545888888887,0,1,車両相互
2023,33.64695638888889,130.44092194444445,0,3,車両相互
2023,33.620579722222224,130.43456166666667,0,1,人対車両
2023,33.70113027777778,130.42003722222222,0,1,車両相互
2023,33.66009,130.41706666666667,0,1,車両相互
2023,33.620310277777776,130.41864666666666,0,1,車両相互
2023,33.632888055555554,130.42791527777777,0,1,車両相互
2023,33.636345,130.4408627777778,0,1,車両相互
2023,33.63264888888889,130.46312083333333,0,1,車両相互
2023,33.62128305555556,130.44544583333334,0,3,車両相互
2023,33.65976222222222,130.44355694444445,0,1,車両相互
2023,33.637188055555555,130.43898805555557,0,1,人対車両
2023,33.6166025,130.4312611111111,0,2,車両相互
2023,33.669042499999996,130.44840722222222,0,2,車両相互
2023,33.67385472222222,130.44091277777778,0,1,車両相互
2023,33.655118888888886,130.4447463888889,0,1,人対車両
2023,33.69089777777778,130.43958750000002,0,1,人対車両
2023,33.65402666666667,130.4596736111111,0,3,車両相互
2023,33.685198611111105,130.43472805555555,0,1,車両相互
2023,33.69554194444444,130.42194916666665,0,1,車両相互
2023,33.618901666666666,130.43244277777777,0,1,車両相互
2023,33.62105305555556,130.41302916666666,0,1,車両相互
2023,33.62791361111111,130.42170305555555,0,3,車両単独
2023,33.665306666666666,130.447855,0,1,車両相互
2023,33.6122175,130.43843416666667,0,1,車両相互
2023,33.63420694444444,130.44061722222222,0,1,車両相互
2023,33.68920416666666,130.43402972222222,0,1,人対車両
2023,33.6905625,130.43805333333333,0,1,車両相互
2023,33.68216638888889,130.3968336111111,0,1,車両相互
2023,33.61637972222223,130.41586444444445,0,1,車両相互
2023,33.632713611111114,130.45995916666666,0,1,車両相互
2023,33.667850277777774,130.44459555555557,0,3,車両相互
2023,33.628659166666665,130.44743861111112,0,1,車両相互
2023,33.63769472222222,130.43276,0,1,車両相互
2023,33.615050833333335,130.4310936111111,0,2,車両相互
2023,33.69262305555555,130.42398444444444,0,1,人対車両
2023,33.60895055555556,130.4390788888889,0,1,車両相互
2023,33.67025888888889,130.44274166666668,0,1,車両相互
2023,33.56687138888889,130.34305194444445,0,1,車両相互
2023,33.549907499999996,130.3363602777778,0,1,車両相互
2023,33.56115194444444,130.35251277777778,0,1,車両相互
2023,33.53236944444444,130.33965111111112,0,1,車両相互
2023,33.56698555555556,130.34244777777778,0,1,車両相互
2023,33.5623425,130.33896611111112,0,2,車両相互
2023,33.55215805555555,130.34918194444447,0,1,車両相互
2023,33.54447527777778,130.34618527777778,0,1,車両相互
2023,33.53281638888889,130.33092166666665,0,1,車両相互
2023,33.54923111111111,130.34368194444446,0,1,車両相互
2023,33.547043888888886,130.3339202777778,0,1,車両相互
2023,33.54840055555555,130.34609333333333,0,1,車両相互
2022,33.56819472222222,130.35117499999998,0,1,車両相互
2023,33.56760916666667,130.34704555555555,0,1,車両相互
2023,33.567823888888896,130.35006611111112,0,1,車両相互
2023,33.50200972222222,130.33550277777778,0,1,車両相互
2023,33.53005805555556,130.33965861111113,0,1,車両相互
2023,33.54943194444444,130.3418613888889,0,1,車両相互
2023,33.56983027777778,130.3422177777778,0,1,車両相互
2023,33.54508583333333,130.33757666666668,0,1,車両相互
2023,33.58327305555556,130.3484963888889,0,1,車両相互
2023,33.53337805555555,130.341745,0,1,人対車両
2023,33.54830555555555,130.32726222222223,0,1,車両相互
2023,33.51861638888889,130.33163944444445,0,1,車両相互
2023,33.54922055555556,130.3415613888889,0,1,車両相互
2023,33.56753861111111,130.3469663888889,0,1,車両相互
2023,33.56836694444445,130.34439194444445,0,1,車両相互
2023,33.52461666666667,130.33719666666667,0,1,車両相互
2023,33.548338888888885,130.3455436111111,0,2,車両相互
2023,33.58258861111111,130.36116388888888,0,1,車両相互
2023,33.54842555555555,130.34443666666667,0,2,車両相互
2023,33.574940833333336,130.32982583333333,0,1,車両相互
2023,33.58101222222223,130.34319361111113,0,1,車両相互
2023,33.55416861111111,130.3501388888889,0,1,車両相互
2023,33.56068777777777,130.33737611111113,0,1,車両相互
2023,33.57045916666667,130.3495736111111,0,1,車両相互
2023,33.55159,130.34901916666666,0,1,車両相互
2023,33.56606305555555,130.34117111111112,0,1,車両相互
2023,33.578272222222225,130.33484611111112,0,1,車両相互
2023,33.54917722222222,130.32734333333332,0,1,車両相互
2023,33.56718388888889,130.34015305555556,0,1,車両相互
2023,33.50461722222222,130.33574694444445,0,1,車両相互
2023,33.542742499999996,130.33276166666667,0,1,車両相互
2023,33.50518722222222,130.33428222222224,0,2,車両相互
2023,33.518773333333336,130.3355691666667,0,1,車両相互
2023,33.56445111111111,130.33458333333334,0,1,車両相互
2023,33.568092222222226,130.35055694444443,0,1,車両相互
2023,33.538579166666665,130.3297127777778,0,1,車両相互
2023,33.573842222222225,130.3579513888889,0,1,車両相互
2023,33.54873472222222,130.34464694444446,0,1,車両相互
2023,33.56781055555556,130.35567361111111,0,1,車両相互
2023,33.556059999999995,130.33266305555554,0,1,車両相互
2023,33.500975277777776,130.33542416666668,0,1,車両相互
2023,33.53520388888889,130.3427061111111,0,1,車両相互
2023,33.54357944444444,130.3486327777778,0,1,車両相互
2023,33.59379055555556,130.3508925,0,1,車両相互
2023,33.518877777777774,130.33561805555556,0,1,車両相互
2023,33.6027375,130.39919583333332,0,1,車両相互
2023,33.60602222222222,130.40444944444445,0,1,車両相互
2023,33.60431555555556,130.40457527777778,0,3,車両相互
2023,33.59735833333333,130.39512222222223,0,1,車両相互
2023,33.600099444444446,130.39262944444442,0,1,車両相互
2023,33.60968166666667,130.40731472222222,0,1,車両相互
2023,33.59818888888889,130.39467777777776,0,1,車両相互
2023,33.59898444444445,130.44765722222223,0,1,車両相互
2023,33.54173,130.43079527777778,0,2,車両相互
2023,33.53958055555555,130.40321972222222,0,1,車両相互
2023,33.536340833333334,130.40061583333335,0,1,車両相互
2023,33.571266388888894,130.4157363888889,0,1,車両相互
2023,33.56142111111111,130.4212236111111,0,1,車両相互
2023,33.53637333333333,130.40489694444446,0,1,車両相互
2023,33.56376583333333,130.41528916666667,0,1,人対車両
2023,33.53201388888889,130.4258025,0,1,車両相互
2023,33.54454777777777,130.40998861111112,0,1,人対車両
2023,33.56119805555555,130.41344583333333,0,1,車両相互
2023,33.56183138888888,130.4347463888889,0,1,車両相互
2023,33.537619166666666,130.43395083333334,0,3,車両相互
2023,33.55318138888889,130.43096027777776,0,1,車両相互
2023,33.52594111111111,130.41147916666668,0,1,車両相互
2023,33.543034722222224,130.39110305555556,0,1,車両相互
2023,33.54351972222222,130.40896305555557,0,1,人対車両
2023,33.53743083333333,130.42706388888888,0,1,車両相互
2023,33.54212361111111,130.43762472222224,0,1,車両相互
2023,33.54828833333333,130.4429325,0,2,車両相互
2023,33.551579999999994,130.40986722222223,0,1,車両相互
2023,33.552883888888886,130.4131661111111,0,2,車両相互
2023,33.56233527777778,130.41557805555556,0,1,車両相互
2023,33.56146222222222,130.4212375,0,1,車両相互
2023,33.56668388888889,130.42027,0,1,車両相互
2023,33.54234916666667,130.43863861111112,0,1,車両相互
2023,33.54567111111111,130.43201222222223,0,1,車両相互
2023,33.547110833333335,130.42828555555553,0,1,車両相互
2023,33.54174111111111,130.42371416666666,0,1,車両相互
2023,33.54441027777778,130.39107583333333,0,1,人対車両
2023,33.55859833333333,130.43877,0,1,車両相互
2023,33.55473055555555,130.43274277777778,0,1,車両相互
2023,33.556328055555554,130.42519166666665,0,1,車両相互
2023,33.55231722222222,130.44384583333334,0,1,車両相互
2023,33.57056333333334,130.40971861111112,0,1,車両相互
2023,33.55882555555555,130.41584583333335,0,1,車両相互
2023,33.57576666666667,130.41228305555555,0,1,車両相互
2023,33.569943611111114,130.41025333333334,0,3,人対車両
2023,33.527792222222224,130.40998472222222,0,1,車両相互
2023,33.56216361111111,130.43777472222223,0,1,人対車両
2023,33.5403075,130.40008194444445,0,1,車両相互
2023,33.555947499999995,130.42892083333334,0,1,車両相互
2023,33.56295166666666,130.4243211111111,0,1,車両相互
2023,33.55097222222222,130.43875444444444,0,1,車両相互
2023,33.53733555555555,130.40100694444445,0,1,車両相互
2023,33.53049138888889,130.4345211111111,0,1,車両相互
2023,33.568424444444446,130.41217277777778,0,1,車両相互
2023,33.54761666666666,130.4449013888889,0,1,車両相互
2023,33.55940944444444,130.4287536111111,0,1,車両相互
2023,33.55578444444444,130.39905,0,1,車両相互
2023,33.541716666666666,130.42775999999998,0,1,車両相互
2023,33.55330194444444,130.43795111111112,0,1,車両相互
2023,33.52938472222222,130.4087902777778,0,1,車両相互
2023,33.53382388888889,130.39892361111112,0,1,車両相互
2023,33.536967777777775,130.39303555555554,0,2,車両相互
2023,33.548450277777775,130.40025861111113,0,1,車両相互
2023,33.526404722222225,130.43393666666668,0,1,車両相互
2023,33.56120083333333,130.4259422222222,0,1,車両相互
2023,33.54861472222222,130.44219166666667,0,1,車両相互
2023,33.55362916666667,130.42846527777778,0,1,車両相互
2023,33.533386388888886,130.42629527777777,0,1,車両相互
2023,33.5413925,130.4275786111111,0,2,車両相互
2023,33.56282861111111,130.41528833333334,0,1,車両相互
2023,33.550068055555556,130.42657138888887,0,1,車両相互
2023,33.54475861111111,130.39807944444445,0,1,車両相互
2023,33.54300222222222,130.43358777777777,0,1,車両相互
2023,33.55327666666666,130.42426749999998,0,1,車両相互
2023,33.53675888888889,130.40084361111113,0,1,人対車両
2023,33.571398333333335,130.42247138888888,0,1,車両相互
2023,33.57597361111112,130.41316444444445,0,1,車両相互
2023,33.556802777777776,130.4053013888889,0,1,車両相互
2023,33.52759222222222,130.4324636111111,0,1,人対車両
2023,33.53834944444444,130.40623166666668,0,1,車両相互
2023,33.5324175,130.43249916666664,0,1,車両相互
2023,33.53595027777778,130.40606472222223,0,2,車両相互
2023,33.5491475,130.4470425,0,1,車両相互
2023,33.530541944444444,130.41778055555554,0,1,人対車両
2023,33.54884305555555,130.39707944444444,0,1,人対車両
2023,33.54783861111111,130.44542972222223,0,1,車両相互
2023,33.5729125,130.27845472222222,0,1,人対車両
2023,33.588883888888894,130.2403261111111,0,1,車両相互
2023,33.5345325,130.3152288888889,0,1,車両相互
2023,33.578719444444445,130.32712805555556,0,1,車両相互
2023,33.559760555555556,130.32335,0,2,車両相互
2023,33.587136388888894,130.31767166666666,0,2,車両相互
2023,33.59165,130.32971722222223,0,1,車両単独
2023,33.573240000000006,130.24521472222222,0,1,車両相互
2023,33.58757638888889,130.32185305555555,0,1,車両相互
2023,33.58695305555556,130.31353444444446,0,1,人対車両
2023,33.57746916666667,130.241765,0,1,人対車両
2023,33.558478611111106,130.30760305555557,0,2,車両相互
2023,33.56366805555555,130.32337916666665,0,2,車両相互
2023,33.56648611111111,130.3143388888889,0,1,人対車両
2023,33.54221361111111,130.32276527777776,0,1,車両相互
2023,33.58191638888889,130.26751305555558,0,1,車両相互
2023,33.55206333333333,130.31900333333334,0,1,車両相互
2023,33.571576944444445,130.2431697222222,0,1,車両相互
2023,33.570752222222225,130.32273138888888,0,2,車両相互
2023,33.58397638888889,130.32176638888888,0,1,車両相互
2023,33.586555000000004,130.3406663888889,0,1,車両相互
2023,33.58304861111112,130.2693416666667,0,1,車両相互
2023,33.586244444444446,130.33191194444444,0,1,車両相互
2023,33.52347583333333,130.31578111111114,0,1,車両相互
2023,33.58032083333334,130.31928194444444,0,1,車両相互
2023,33.575792222222226,130.2618925,0,1,車両相互
2023,33.60522111111111,130.25167694444445,0,1,車両相互
2023,33.579501944444445,130.24340638888887,0,1,車両相互
2023,33.554435,130.32215555555555,0,1,車両相互
2023,33.58652611111111,130.34077944444445,0,1,車両相互
2023,33.574532222222224,130.2493725,0,1,車両相互
2023,33.57660333333334,130.31689694444444,0,1,車両相互
2023,33.57300277777778,130.2817952777778,0,1,車両相互
2023,33.55720861111111,130.2992761111111,0,1,車両相互
2023,33.58238305555556,130.32376333333332,0,1,車両相互
2023,33.58000194444445,130.28180444444445,0,1,車両相互
2023,33.56903416666667,130.3041475,0,1,車両相互
2023,33.527656944444445,130.29257222222222,0,1,車両相互
2023,33.583439722222224,130.32861138888887,0,1,車両相互
2023,33.5782175,130.25657222222222,0,1,車両相互
2023,33.573167222222224,130.24489083333333,0,2,車両相互
2023,33.56970277777778,130.29528527777777,0,1,車両相互
2023,33.55851833333333,130.31959722222223,0,2,車両相互
2023,33.58206666666667,130.33705472222223,0,1,車両相互
2023,33.58444277777778,130.2668175,0,3,車両相互
2023,33.58202444444445,130.24717527777776,0,2,車両相互
2023,33.57158527777778,130.32312638888888,0,1,人対車両
2023,33.568490555555556,130.31478722222224,0,2,車両相互
2023,33.571737500000005,130.31760472222223,0,1,車両相互
2023,33.559198055555555,130.32445777777778,0,1,車両相互
2023,33.58071777777778,130.28493916666667,1,0,踏切
2023,33.641375277777776,130.22722972222223,0,1,車両相互
2023,33.566311111111105,130.24423027777777,0,1,車両相互
2023,33.5723125,130.24533694444443,0,1,車両相互
2023,33.55619027777777,130.3120763888889,0,1,車両相互
2023,33.558702777777775,130.31677055555556,0,1,車両相互
2023,33.57807583333334,130.32725305555556,0,1,車両相互
2023,33.57702305555556,130.3277011111111,0,1,車両相互
2023,33.59259166666667,130.3282186111111,0,1,車両相互
2023,33.58200638888889,130.26968416666668,0,1,車両相互
2023,33.59412861111112,130.22856277777777,0,2,車両相互
2023,33.59107916666667,130.226665,0,1,車両相互
2023,33.58771027777778,130.32137444444444,0,1,車両相互
2023,33.587030000000006,130.31742111111112,0,3,車両相互
2023,33.56993861111111,130.29178027777778,0,1,車両相互
2023,33.57337888888889,130.26729972222225,0,1,車両相互
2023,33.59440222222222,130.227125,0,1,車両相互
2023,33.543659999999996,130.36041694444444,0,1,車両相互
2023,33.53756527777777,130.37982944444445,0,1,人対車両
2023,33.545317777777775,130.35664444444444,0,2,車両相互
2023,33.544447777777776,130.3804263888889,0,1,車両相互
2023,33.54605861111111,130.3674452777778,0,2,車両相互
2023,33.5430725,130.3585222222222,0,2,車両相互
2023,33.552858888888885,130.3625325,0,2,車両相互
2023,33.565509166666665,130.36489,0,1,車両相互
2023,33.54921583333333,130.357245,0,1,車両相互
2023,33.57573138888889,130.37334388888888,0,1,車両相互
2023,33.55136333333333,130.36716416666667,0,1,人対車両
2023,33.54606194444444,130.36797111111113,0,1,車両相互
2023,33.77453833333333,130.48883555555554,0,1,車両相互
2023,33.78822888888889,130.4685413888889,0,1,車両相互
2023,33.76168305555556,130.47177416666668,0,1,車両相互
2023,33.76968194444444,130.4843836111111,0,1,車両相互
2023,33.769575555555555,130.48263888888889,0,1,車両相互
2023,33.76989805555556,130.4843572222222,0,1,車両相互
2023,33.77357194444444,130.4729086111111,0,4,車両相互
2023,33.847301111111115,130.49245888888888,0,1,車両相互
2023,33.78178194444445,130.47899361111112,0,1,車両相互
2023,33.756032777777776,130.4971747222222,0,1,車両相互
2023,33.748468611111115,130.4906558333333,0,1,車両相互
2023,33.760894444444446,130.4938775,0,1,車両相互
2023,33.76050166666667,130.47696555555555,0,1,車両相互
2023,33.78825111111111,130.46835805555557,0,1,車両相互
2023,33.776485,130.4723225,0,2,車両相互
2023,33.45059916666667,130.47396333333333,0,1,車両相互
2023,33.50433611111111,130.4985036111111,0,3,車両相互
2023,33.524905,130.4950333333333,0,1,車両相互
2023,33.5245475,130.49261555555555,0,1,車両相互
2023,33.500008888888885,130.48734083333332,0,1,車両相互
2023,33.51669277777778,130.13940805555555,0,1,車両相互
2023,33.545118055555555,130.2156222222222,0,1,車両相互
2023,33.516910555555555,130.14274722222223,0,1,車両相互
2023,33.55777833333333,130.23209555555556,0,1,車両相互
2023,33.56353277777777,130.14945972222222,0,1,車両相互
2023,33.56694916666667,130.23041666666666,0,1,車両相互
2023,33.517178333333334,130.1549811111111,0,2,車両相互
2023,33.58467277777778,130.21409388888887,0,1,車両相互
2023,33.57449694444445,130.19896111111112,0,1,人対車両
2023,33.527025277777774,130.17589972222223,0,4,車両相互
2023,33.537593611111106,130.2195913888889,0,1,車両相互
2023,33.5495125,130.19453333333334,0,1,車両相互
2023,33.50577611111111,130.1151036111111,0,1,車両相互
2023,33.526897222222225,130.17577944444443,0,1,車両相互
2023,33.54669055555556,130.16951055555555,0,1,車両相互
2023,33.62188166666667,130.18625055555555,0,1,車両相互
2023,33.58313666666667,130.1820736111111,0,1,車両相互
2023,33.52539222222222,130.2281477777778,0,1,車両相互
2023,33.57623805555556,130.2078347222222,0,1,車両相互
2023,33.54671111111111,130.16915916666665,0,1,車両相互
2023,33.69246777777777,130.4772675,0,1,人対車両
2023,33.60293027777778,130.4530863888889,0,1,車両相互
2023,33.62829472222222,130.47755666666666,0,1,車両相互
2023,33.632803055555556,130.4947436111111,0,1,車両相互
2023,33.60247888888889,130.46549472222222,0,1,車両相互
2023,33.73347138888889,130.46401638888887,0,1,人対車両
2023,33.70832527777778,130.4347686111111,0,1,車両相互
2023,33.5991775,130.4936336111111,0,1,車両相互
2023,33.57759777777778,130.49618249999997,0,1,車両相互
2023,33.58746138888889,130.48077444444445,0,1,車両相互
2023,33.71872666666667,130.47055,0,1,車両相互
2023,33.74911083333333,130.4724838888889,0,1,車両相互
2023,33.72874,130.47685694444445,0,1,車両相互
2023,33.609525,130.44671333333335,0,1,車両相互
2023,33.75009111111111,130.47283388888889,0,2,車両相互
2023,33.603367222222225,130.4817225,0,2,車両相互
2023,33.707655,130.45462555555554,0,1,車両相互
2023,33.713912500000006,130.44801083333334,0,2,車両相互
2023,33.62669694444445,130.49630416666665,0,1,車両相互
2023,33.62612305555555,130.47707416666668,0,1,車両相互
2023,33.70782138888889,130.45471666666666,0,1,車両相互
2023,33.692503055555555,130.4512261111111,0,2,車両相互
2023,33.715268333333334,130.45994666666667,0,1,車両相互
2023,33.587783333333334,130.47886055555557,0,1,車両相互
2023,33.70572611111111,130.4543011111111,0,2,車両相互
2023,33.584921111111115,130.4961547222222,0,1,車両相互
2023,33.603681111111115,130.47761444444444,0,1,車両相互
2023,33.595665555555556,130.47619472222223,0,1,車両相互
2023,33.71619611111112,130.48451083333333,0,1,人対車両
2023,33.74958888888889,130.47263444444445,0,1,車両相互
2023,33.58678638888889,130.4995711111111,0,1,車両相互
2023,33.59894916666667,130.47301583333333,0,1,車両相互
2023,33.59938277777778,130.4833997222222,0,1,車両相互
2023,33.65337833333333,130.49002166666665,0,1,人対車両
2023,33.702284444444444,130.45053888888887,0,1,車両相互
2023,33.59581388888889,130.47880333333333,0,3,車両相互
2023,33.7446,130.4864247222222,0,2,車両相互
2023,33.58875861111111,130.48447777777776,0,1,車両相互
2023,33.5915225,130.48844194444442,0,1,車両相互
2023,33.59288666666667,130.4769413888889,0,1,車両相互
2023,33.7026625,130.45121999999998,0,1,人対車両
2023,33.60899805555556,130.44722027777777,0,1,車両相互
2023,33.601615833333334,130.48329166666667,0,1,車両相互
2023,33.62670277777778,130.49210027777775,0,1,車両相互
2023,33.69871972222222,130.45191888888888,0,2,車両相互
2023,33.700993611111116,130.4846461111111,0,2,車両相互
2023,33.61689194444445,130.48256805555556,0,1,車両相互
2023,33.583153888888894,130.48993777777775,0,1,人対車両
2023,33.617776944444444,130.4722761111111,0,1,車両相互
2023,33.669108055555554,130.4851508333333,0,1,車両相互
2023,33.61279972222222,130.47144722222222,0,1,車両相互
2023,33.68311111111111,130.45357249999998,0,1,車両相互
2023,33.618905,130.47833527777777,0,1,車両相互
2023,33.73426777777778,130.48498833333332,0,1,車両相互
2023,33.71778583333334,130.46091305555555,0,1,車両相互
2023,33.690981666666666,130.45145277777777,0,4,車両相互
2023,33.577022500000005,130.48218944444446,0,1,車両相互
2023,33.609228055555555,130.4481577777778,0,1,車両相互
2023,33.75101055555555,130.47342916666668,0,2,車両相互
2023,33.583845833333335,130.48668777777777,0,2,車両相互
2023,33.601911388888894,130.46339749999999,0,1,車両相互
2023,33.734295555555555,130.48466277777777,0,1,車両相互
2023,33.70274638888889,130.45397444444444,0,3,車両相互
2023,33.72762388888889,130.46007194444442,0,1,車両相互
2023,33.60847166666667,130.46766666666667,0,1,車両相互
2023,33.690457499999994,130.4523836111111,0,1,車両相互
2023,33.606185555555555,130.4578833333333,0,1,車両相互
2023,33.71003888888889,130.44269472222223,0,1,車両相互
2023,33.68988805555555,130.4545497222222,0,1,車両相互
2023,33.604503055555554,130.48165138888888,0,1,車両相互
2023,33.61577583333334,130.47881916666668,0,1,車両相互
2023,33.73452638888889,130.4648372222222,0,1,車両相互
2023,33.626288333333335,130.47707,0,1,車両相互
2023,33.73783,130.46525333333332,0,1,車両相互
2023,33.60445666666667,130.45618499999998,0,1,車両相互
2023,33.610912500000005,130.45721777777777,0,1,車両相互
2023,33.625415555555556,130.46231305555554,0,1,車両相互
2023,33.585320555555555,130.48482083333332,0,1,車両相互
2023,33.54611277777778,130.44526083333335,0,1,車両相互
2023,33.52042111111111,130.42781666666664,0,1,人対車両
2023,33.51678861111111,130.4775075,0,1,車両相互
2023,33.51618805555555,130.4727552777778,0,1,車両相互
2023,33.54651833333333,130.4838086111111,0,1,車両相互
2023,33.52097555555555,130.462855,0,1,車両相互
2023,33.508915,130.44828083333334,0,1,人対車両
2023,33.52513888888889,130.45744638888888,0,1,車両相互
2023,33.51153055555555,130.46203694444443,0,1,車両相互
2023,33.54425333333333,130.48789944444442,0,1,車両相互
2023,33.533300555555556,130.45939694444442,0,1,車両相互
2023,33.53288694444444,130.44304833333334,0,1,人対車両
2023,33.54255555555555,130.47065527777778,0,1,車両相互
2023,33.49824027777778,130.43251944444444,0,2,車両相互
2023,33.54219305555555,130.4438477777778,0,1,人対車両
2023,33.53546222222222,130.44585444444445,0,1,車両相互
2023,33.518481944444446,130.4691486111111,0,1,車両相互
2023,33.53322444444444,130.48423333333332,0,1,人対車両
2023,33.5132525,130.43461944444445,0,1,車両相互
2023,33.515699444444444,130.45565555555555,0,1,車両相互
2023,33.51725305555556,130.44254944444444,0,1,人対車両
2023,33.504958888888886,130.4767361111111,0,1,車両相互
2023,33.55159527777778,130.48018666666667,0,1,人対車両
2023,33.529720555555556,130.48146722222222,0,1,車両相互
2023,33.541088333333335,130.45077999999998,0,1,車両相互
2023,33.544133333333335,130.47965222222223,0,3,車両相互
2023,33.505424444444444,130.45593499999998,0,1,車両相互
2023,33.51592055555555,130.4352725,0,1,車両相互
2023,33.546459722222224,130.44999833333333,0,1,車両相互
2023,33.517095,130.42586944444443,0,1,人対車両
2023,33.55567083333333,130.4685702777778,0,1,人対車両
2023,33.53807972222222,130.47189083333333,0,1,車両相互
2023,33.54718305555556,130.49377083333331,0,1,人対車両
2023,33.52972194444445,130.42538638888888,0,1,車両相互
2023,33.54524972222222,130.47435805555557,0,1,車両相互
2023,33.515146666666666,130.45248555555554,0,1,車両相互
2023,33.53051972222222,130.48393666666666,0,1,車両相互
2023,33.5458625,130.49027416666667,0,1,車両相互
2023,33.52128722222222,130.48921138888886,0,1,車両相互
2023,33.520157222222224,130.4343661111111,0,1,人対車両
2023,33.51281,130.46163944444444,0,2,車両相互
2023,33.531123888888885,130.48621,0,1,車両相互
2023,33.51544472222222,130.42211083333333,0,1,車両相互
2023,33.517918888888886,130.4545897222222,0,1,車両相互
2023,33.53968722222222,130.4404988888889,0,2,車両相互
2023,33.530124444444446,130.45837444444444,0,1,車両相互
2023,33.504867222222224,130.45580555555554,0,2,車両相互
2023,33.521055277777776,130.42346555555554,0,1,車両相互
2023,33.50860611111111,130.4466075,0,1,車両相互
2023,33.548791944444446,130.48102194444445,0,1,車両相互
2023,33.540367777777774,130.44807305555557,0,1,車両相互
2023,33.504417777777775,130.48123583333333,0,1,車両相互
2023,33.517243055555554,130.43205361111112,0,1,車両相互
2023,33.53582222222222,130.47666944444444,0,1,人対車両
2023,33.51491,130.42202305555554,0,1,車両相互
2023,33.50518861111111,130.45432388888887,0,1,車両相互
2023,33.53502583333333,130.4571947222222,0,1,車両相互
2023,33.51853,130.4535038888889,0,2,車両相互
2023,33.52645694444444,130.42473555555554,0,1,車両相互
2023,33.51739055555556,130.45340583333333,0,1,車両相互
2023,33.531642222222224,130.44834055555555,0,1,車両相互
2023,33.54257722222222,130.48466416666665,0,1,車両相互
2023,33.51573111111111,130.43381527777777,0,1,車両相互
2023,33.49562777777778,130.41915416666666,0,3,車両相互
2023,33.54031555555555,130.45161,0,1,車両相互
2023,33.488373333333335,130.41641666666666,0,1,人対車両
2023,33.514985833333334,130.43536694444444,0,1,車両相互
2023,33.523377777777775,130.42397027777776,0,2,車両相互
2023,33.5475825,130.48170055555556,0,1,車両相互
2023,33.54588083333333,130.4830577777778,0,1,車両相互
2023,33.50971138888889,130.46837638888888,0,1,人対車両
2023,33.48590138888889,130.4068638888889,0,1,車両相互
2023,33.53451333333333,130.4818402777778,0,1,車両相互
2023,33.531974444444444,130.46071138888888,0,3,車両相互
2023,33.5097475,130.44335694444445,0,1,車両相互
2023,33.50855583333333,130.45551027777776,0,1,車両相互
2023,33.517175277777774,130.425865,0,1,人対車両
2023,33.52459388888889,130.449805,0,1,車両相互
2023,33.53194833333333,130.47188555555556,0,1,車両相互
2023,33.54199444444444,130.4541586111111,0,1,車両相互
2023,33.53410083333333,130.4584875,0,1,車両相互
2023,33.534084166666666,130.45763138888887,0,1,車両相互
2023,33.5409925,130.45099666666667,0,1,車両相互
2023,33.52117166666667,130.4842122222222,0,1,車両相互
2023,33.50450527777778,130.4567622222222,0,1,車両相互
2023,33.53872972222222,130.44491055555557,0,1,車両相互
2023,33.546079999999996,130.44316833333335,0,1,車両相互
2023,33.54555416666666,130.44278111111112,0,1,車両相互
2023,33.54693388888889,130.4844161111111,0,1,車両相互
2023,33.52097805555555,130.48595638888887,0,1,人対車両
2023,33.51233138888889,130.42180083333332,0,1,車両相互
2023,33.53129388888889,130.45500777777778,0,1,車両相互
2023,33.54338416666666,130.48350555555555,0,1,車両相互
2023,33.53493638888889,130.49199277777777,0,3,車両相互
2023,33.537191111111106,130.49203138888888,0,1,車両相互
2023,33.549325833333334,130.48358138888887,0,2,車両相互
2023,33.52750111111111,130.44620166666667,0,1,車両相互
2023,33.547625277777776,130.4816775,0,3,車両相互
2023,33.54029222222222,130.45164333333332,0,1,車両相互
2023,33.54689972222222,130.48360722222222,0,1,車両相互
2023,33.50718694444444,130.47088888888888,0,1,車両相互
2023,33.540104166666666,130.4742925,0,1,車両相互
2023,33.53891111111111,130.47303416666668,0,1,車両相互
2023,33.54324361111111,130.44787166666666,0,1,車両相互
2023,33.50622194444444,130.46903333333333,0,4,車両相互
2023,33.525405,130.47505027777777,0,1,車両相互
2023,33.314276388888885,130.48895,0,1,車両相互
2023,33.25358694444444,130.46380527777777,0,2,車両相互
2023,33.310243888888884,130.49227499999998,0,1,車両相互
2023,33.312352222222216,130.49570805555555,0,1,人対車両
2023,33.242045,130.48456638888888,0,1,車両相互
2023,33.28119861111111,130.48185055555555,0,1,車両相互
2023,33.23113166666667,130.42242166666665,0,1,車両相互
2023,33.261606388888886,130.4684261111111,0,2,車両相互
2023,33.2389075,130.47194666666667,0,1,車両相互
2023,33.27606861111111,130.49991944444443,0,1,車両相互
2023,33.24894027777778,130.46057888888888,0,2,車両相互
2023,33.252875555555555,130.42828333333333,0,1,車両相互
2023,33.2624875,130.45411,0,1,車両相互
2023,33.27258388888889,130.48123305555555,0,2,車両相互
2023,33.29777138888889,130.49755638888888,0,1,車両相互
2023,33.2389025,130.47195444444444,0,2,車両相互
2023,33.2888575,130.49577333333332,0,1,車両相互
2023,33.25799555555555,130.4489213888889,0,1,車両相互
2023,33.20108333333334,130.38972638888887,0,1,人対車両
2023,33.20410277777778,130.49307,0,2,車両単独
2023,33.19359833333333,130.4503308333333,0,1,車両相互
2023,33.21887277777778,130.4422813888889,0,1,車両相互
2023,33.215759444444444,130.44077666666666,0,1,車両相互
2023,33.18882222222222,130.4726677777778,0,1,車両相互
2023,33.22028111111111,130.44612750000002,0,1,車両相互
2023,33.22132388888889,130.46969583333333,0,1,車両相互
2023,33.195724999999996,130.381305,0,1,車両相互
2023,33.209277500000006,130.38478444444445,0,1,車両相互
2023,33.20795027777778,130.37868666666668,0,1,人対車両
2023,33.19841222222222,130.46054777777778,0,1,車両相互
2023,33.196625,130.48407944444443,0,1,車両相互
2023,33.215875000000004,130.41460333333333,0,2,車両相互
2023,33.22055666666667,130.4532008333333,0,2,車両相互
2023,33.19570583333333,130.38172583333335,0,1,車両相互
2023,33.23934527777778,130.48740027777777,0,1,車両相互
2023,33.19386972222222,130.45063499999998,0,1,車両相互
2023,33.22052472222222,130.4069925,0,2,車両相互
2023,33.21543277777778,130.37075722222224,0,1,車両相互
2023,33.163782499999996,130.42305444444443,0,3,車両相互
2023,33.15267611111111,130.42209138888887,0,1,車両単独
2023,33.164090277777774,130.42289083333333,0,1,車両相互
2023,33.16298277777778,130.42292194444443,0,1,車両相互
2023,33.15550111111111,130.39717805555554,0,2,車両相互
2023,33.15096944444444,130.41997583333332,0,1,車両相互
2023,33.168724166666664,130.4742961111111,0,1,車両相互
2023,33.11604944444444,130.46209222222222,0,2,車両相互
2023,33.1513925,130.47097666666667,0,1,車両相互
2023,33.090025277777784,130.45880083333333,0,2,車両相互
2023,33.11188027777778,130.4695763888889,0,2,車両相互
2023,33.17865861111111,130.3845325,0,1,車両相互
2023,33.18585083333333,130.39947138888888,0,3,車両相互
2023,33.167141666666666,130.413135,0,1,車両相互
2023,33.16654388888889,130.4166736111111,0,1,人対車両
2023,33.179229166666666,130.4138788888889,0,2,車両相互
2023,33.134679444444444,130.42395527777776,0,1,車両相互
2023,33.09200583333334,130.4588286111111,0,1,車両相互
2023,33.1348075,130.39622777777777,0,1,車両相互
2023,33.17529805555555,130.4248011111111,0,1,車両相互
2023,33.13341694444444,130.4679397222222,0,1,車両相互
2023,33.126246944444446,130.44113333333334,0,2,車両相互
2023,33.17710472222222,130.40297166666667,0,1,車両相互
2023,33.122031666666665,130.43779305555555,0,1,車両相互
2023,33.17921083333333,130.41402805555555,0,1,車両相互
2023,33.152361666666664,130.49711749999997,0,1,車両相互
2023,33.13395166666667,130.4631311111111,0,1,車両相互
2023,33.091864722222226,130.45733777777775,0,1,車両相互
2023,33.16636361111111,130.4188297222222,0,1,車両相互
2023,33.123983611111115,130.4647675,0,1,車両相互
2023,33.1663075,130.4166325,0,1,車両相互
2023,33.148854444444446,130.48007805555557,0,1,車両相互
2023,33.1694025,130.38568694444444,0,1,車両相互
2023,33.04886472222222,130.4800688888889,0,2,車両相互
2023,33.04702916666667,130.4596736111111,0,1,車両相互
2023,33.00566527777778,130.43529111111113,0,1,車両相互
2023,33.02744833333333,130.44469333333333,0,1,人対車両
2023,33.060615,130.47900416666667,0,1,人対車両
2023,33.05719194444444,130.4466663888889,0,1,車両相互
2023,33.02355277777777,130.43605166666666,0,1,車両相互
2023,33.02739861111111,130.44779,0,1,車両相互
2023,33.04416027777778,130.47247055555556,0,1,車両相互
2023,33.06190833333333,130.44311222222223,0,1,車両相互
2023,33.02470638888889,130.44256777777778,0,1,人対車両
2023,33.0120325,130.45105416666667,0,1,車両相互
2023,33.05144138888888,130.46301777777776,0,1,人対車両
2023,33.009500277777775,130.42888333333332,0,1,車両相互
2023,33.04290694444444,130.44753583333335,0,1,車両相互
2023,33.008381666666665,130.43867500000002,0,1,車両相互
2023,33.04049166666667,130.45477805555555,0,1,人対車両
2023,33.035443055555554,130.47870277777778,0,1,車両相互
2023,33.02523472222222,130.45125055555553,0,1,車両相互
2023,33.007775277777775,130.49164527777776,0,1,車両単独
2023,33.02455527777778,130.43297888888887,0,3,車両相互
2023,33.04296222222222,130.44394944444446,0,1,車両相互
2023,33.325787500000004,130.34119444444445,0,1,車両相互
2023,33.31926416666667,130.39742305555555,0,2,車両相互
2023,33.34979138888889,130.41197888888888,0,1,車両相互
2023,33.313941666666665,130.3450263888889,0,1,人対車両
2023,33.305814444444444,130.3952708333333,0,1,車両相互
2023,33.30411888888889,130.36869194444446,0,1,車両相互
2023,33.293659166666664,130.39886916666666,0,1,車両相互
2023,33.324960000000004,130.40130944444445,0,1,車両相互
2023,33.31193527777778,130.37544277777778,0,1,車両相互
2023,33.27674555555556,130.38107,0,1,車両相互
2023,33.32681638888889,130.40836611111112,0,1,車両相互
2023,33.32684555555556,130.4084427777778,0,1,車両相互
2023,33.391445555555556,130.39637805555554,0,1,車両相互
2023,33.31516555555555,130.38641222222222,0,2,車両相互
2023,33.26736638888889,130.37305722222223,0,1,車両相互
2023,33.310002777777775,130.37386055555555,0,1,車両相互
2023,33.26768527777778,130.36082305555556,0,1,車両相互
2023,33.31602583333333,130.39196777777778,0,1,車両相互
2023,33.26118,130.34683222222222,0,1,人対車両
2023,33.32902666666667,130.41060444444446,0,1,車両相互
2023,33.30720472222222,130.37109111111113,0,1,車両相互
2023,33.37925555555556,130.49881472222222,0,1,車両相互
2023,33.37211083333333,130.48071805555557,0,1,車両相互
2023,33.32293861111111,130.46600805555553,0,1,車両相互
2023,33.31542611111111,130.4866486111111,0,1,車両相互
2023,33.37911583333334,130.49892638888886,0,3,車両相互
2023,33.294691944444445,130.42968305555556,0,1,車両相互
2023,33.34624416666667,130.45299083333333,0,1,車両相互
2023,33.38227638888889,130.49898055555553,0,1,車両相互
2023,33.31823138888889,130.48851305555553,0,2,車両相互
2023,33.33260833333334,130.41654527777777,0,1,車両相互
2023,33.352313333333335,130.49224305555555,0,1,車両相互
2023,33.357844444444446,130.44727222222224,0,1,車両相互
2023,33.29956444444444,130.45182944444443,0,1,車両相互
2023,33.34656833333334,130.45416972222222,0,2,車両相互
2023,33.34350583333334,130.44308388888888,0,1,車両相互
2023,33.32927277777778,130.47615,0,1,車両相互
2023,33.2629275,130.23344944444443,0,1,車両相互
2023,33.25836805555556,130.20570277777776,0,1,車両相互
2023,33.25762805555556,130.20222777777778,0,1,車両相互
2023,33.29703333333333,130.19838611111112,0,1,車両相互
2023,33.25145194444445,130.2133461111111,0,1,車両相互
2023,33.24396138888889,130.18682527777779,0,1,車両相互
2023,33.26364972222222,130.2380375,0,1,車両相互
2023,33.25807722222222,130.20564583333334,0,1,車両相互
2023,33.292971666666666,130.1900963888889,0,1,車両相互
2023,33.22072638888889,130.21425638888888,0,1,車両相互
2023,33.26897777777778,130.2298075,0,2,車両相互
2023,33.25747833333333,130.23113833333335,0,1,人対車両
2023,33.272688333333335,130.1913561111111,0,1,車両相互
2023,33.24858916666667,130.19797472222223,0,1,車両相互
2023,33.436012777777776,130.01353694444444,0,1,車両相互
2023,33.431015277777774,129.98905888888888,0,1,車両相互
2023,33.448505,130.03603527777778,0,1,人対車両
2023,33.44457305555555,129.95713333333333,0,1,車両相互
2023,33.4094125,129.97886111111112,0,1,車両相互
2023,33.43946916666666,130.03581305555556,0,2,車両相互
2023,33.430662777777776,130.00874027777778,0,1,車両相互
2023,33.428731666666664,129.9829988888889,0,1,人対車両
2023,33.44457555555555,129.9634025,0,1,車両相互
2023,33.44439333333333,129.9819261111111,0,1,車両相互
2023,33.45222694444445,129.97287,0,1,車両相互
2023,33.4397275,129.96474638888887,0,1,車両相互
2023,33.44575222222222,129.95593388888886,0,2,車両相互
2023,33.46621638888889,129.95789138888887,0,1,車両相互
2023,33.417067777777774,129.98869638888888,0,1,車両相互
2023,33.44844388888889,129.96243027777777,0,1,車両相互
2023,33.42390527777778,130.03546972222222,0,3,車両相互
2023,33.4040075,129.97301444444446,0,3,車両相互
2023,33.47536222222222,129.92921694444445,0,1,車両相互
2023,33.429492777777774,129.9856888888889,0,2,車両相互
2023,33.445631111111105,129.81526055555557,0,1,車両相互
2023,33.43394333333333,129.9826663888889,0,1,車両相互
2023,33.448391666666666,130.04484527777777,0,1,車両相互
2023,33.44121472222222,130.03915555555557,0,1,車両相互
2023,33.478073333333334,129.93755666666667,0,1,人対車両
2023,33.41554166666666,129.99525027777776,0,1,車両相互
2023,33.46762527777778,129.95706055555556,0,2,車両相互
2023,33.438225277777775,129.96833083333334,0,2,車両相互
2023,33.423247499999995,130.00030694444445,0,2,車両相互
2023,33.441026388888886,129.99441944444442,0,1,車両相互
2023,33.49557444444444,129.90307166666668,0,1,車両相互
2023,33.452398888888894,129.973865,0,1,車両相互
2023,33.44038388888889,130.06462583333334,0,1,人対車両
2023,33.525861666666664,129.95164444444444,0,1,車両相互
2023,33.234318333333334,129.82209166666667,0,2,車両相互
2023,33.18164833333333,129.88060055555556,0,1,車両相互
2023,33.28157722222222,129.87053083333333,0,1,車両相互
2023,33.27334361111111,129.88350749999998,0,1,車両相互
2023,33.28185666666666,129.87326083333335,0,1,車両相互
2023,33.32225555555556,129.9698077777778,0,1,車両相互
2023,33.26105277777778,129.85798666666665,0,1,車両相互
2023,33.28264055555555,129.84129388888888,0,3,車両相互
2023,33.26770555555555,129.87307833333335,0,1,人対車両
2023,33.26721027777778,129.85844749999998,0,1,車両相互
2023,33.28154055555555,129.8968011111111,0,2,車両相互
2023,33.26085861111111,129.9188936111111,0,1,車両相互
2023,33.329322222222224,129.8518247222222,0,1,車両相互
2023,33.18908555555555,129.86263055555554,0,1,車両相互
2023,33.23766416666667,129.85147027777776,0,3,車両相互
2023,33.26429777777778,129.85601027777778,0,1,車両相互
2023,33.280500833333335,129.88360777777777,0,1,車両相互
2023,33.28871083333333,129.83430333333334,0,1,車両相互
2023,33.2634,129.85753944444443,0,1,車両相互
2023,33.273110833333334,129.88080805555558,0,1,車両相互
2023,33.2738825,129.88154,0,2,車両相互
2023,33.304451666666665,129.96993833333335,0,1,車両相互
2023,33.1812675,129.88591277777778,0,2,車両相互
2023,33.194044999999996,129.86104055555555,0,1,車両相互
2023,33.18812194444444,130.0220477777778,0,2,車両相互
2023,33.197785555555555,130.0319875,0,2,車両相互
2023,33.19121611111111,129.94388055555555,0,1,車両相互
2023,33.20361694444445,130.03951694444444,0,1,車両相互
2023,33.223041111111115,130.04941055555557,0,1,車両相互
2023,33.22003055555556,130.07397111111112,0,1,車両相互
2023,33.193842222222216,130.02526944444446,0,1,車両相互
2023,33.194936388888884,129.95099,0,1,車両相互
2023,33.199814999999994,130.03459583333333,0,1,車両相互
2023,33.19044638888889,130.02726833333335,0,2,車両相互
2023,33.21985194444444,130.06061416666668,0,4,車両相互
2023,33.19001861111111,130.0203738888889,0,1,車両相互
2023,33.195234166666665,130.0295963888889,0,1,車両相互
2023,33.199661388888885,130.02307694444445,0,2,車両相互
2023,33.22073833333334,130.06165944444444,0,1,車両相互
2023,33.21234194444445,130.04129583333332,0,1,車両相互
2023,33.216752222222226,130.16373722222224,0,1,人対車両
2023,33.21440583333334,130.10953583333333,0,1,車両相互
2023,33.181307777777775,130.13981888888887,0,3,車両相互
2023,33.22539833333334,130.1556975,0,1,車両相互
2023,33.196444166666666,130.14097694444445,0,1,車両相互
2023,33.14001805555556,130.12148222222223,0,1,車両相互
2023,33.177260277777776,130.19776416666667,0,2,車両相互
2023,33.18562027777777,130.1408663888889,0,1,車両相互
2023,33.214423611111116,130.12684805555557,0,2,車両相互
2023,33.180458611111106,130.20152472222222,0,2,車両相互
2023,33.10231777777778,130.10539805555555,0,2,車両相互
2023,33.11215555555556,129.96614805555555,0,1,車両相互
2023,33.09974638888889,130.0693061111111,0,1,車両相互
2023,33.11105722222222,130.10291694444444,1,0,車両単独
2023,33.11182166666667,130.09013000000002,0,2,車両相互
2023,33.02206722222222,130.17913277777777,0,1,車両相互
2023,33.11213305555556,130.0865975,0,2,車両相互
2023,32.99376388888889,130.17511944444445,0,1,車両相互
2023,33.101374722222225,129.99099416666667,0,1,車両相互
2023,33.05336916666666,130.15183722222224,0,1,車両単独
2023,33.09719888888889,130.1087161111111,0,1,車両相互
2023,33.0267925,130.17807,0,1,車両相互
2023,33.08783444444445,130.11091166666665,0,1,車両相互
2023,33.123064166666666,130.05644416666667,0,2,車両相互
2023,33.264185,130.32526833333333,0,1,車両相互
2023,33.24165277777778,130.32240694444445,0,1,人対車両
2023,33.24570166666667,130.27398250000002,0,1,車両相互
2023,33.2141475,130.30147916666667,0,1,車両相互
2023,33.246206666666666,130.27621333333335,0,3,車両相互
2023,33.24668583333334,130.33731277777778,0,1,車両相互
2023,33.24772055555556,130.32239777777778,0,1,人対車両
2023,33.241734722222226,130.26655333333332,0,2,車両相互
2023,33.22298305555556,130.3530338888889,0,1,車両相互
2023,33.2561475,130.30147194444444,0,1,人対車両
2023,33.251626944444446,130.30756250000002,0,3,車両相互
2023,33.2411825,130.3222075,0,2,車両相互
2023,33.21093666666667,130.3258011111111,0,1,車両相互
2023,33.249904722222226,130.237,0,1,車両相互
2023,33.248872500000004,130.27534500000002,0,1,車両相互
2023,33.248745,130.286185,0,2,車両相互
2023,33.251510555555555,130.31800305555555,0,1,車両相互
2023,33.25691416666667,130.30336833333334,0,1,車両相互
2023,33.22809277777778,130.2993586111111,0,1,車両相互
2023,33.201303055555556,130.2854602777778,0,1,車両相互
2023,33.23966444444444,130.28817916666665,0,1,車両相互
2023,33.22235805555556,130.3618338888889,0,2,車両相互
2023,33.26416666666667,130.32522333333333,0,1,車両相互
2023,33.24713555555556,130.33344222222223,0,1,車両相互
2023,33.23888388888889,130.32240972222223,0,1,車両相互
2023,33.25678972222222,130.30535500000002,0,2,車両相互
2023,33.250999166666666,130.29210666666665,0,1,車両相互
2023,33.26033555555556,130.30091444444446,0,2,車両相互
2023,33.2391625,130.30598305555557,0,1,車両相互
2023,33.23968444444444,130.2895513888889,0,1,車両相互
2023,33.233855,130.27027777777778,0,1,車両相互
2023,33.229910277777776,130.29917111111112,0,1,車両相互
2023,33.212561111111114,130.334755,0,3,車両相互
2023,33.2560375,130.2928697222222,0,1,車両相互
2023,33.208171944444445,130.2983236111111,0,1,人対車両
2023,33.246903611111115,130.30715583333335,0,1,車両相互
2023,33.25156,130.29035527777776,0,1,車両相互
2023,33.235370833333334,130.30166,0,2,車両相互
2023,33.21264111111111,130.33590611111111,0,2,車両相互
2023,33.24932444444445,130.30649944444446,0,3,車両相互
2023,33.23897888888889,130.30066305555556,0,1,車両相互
2023,33.222500833333335,130.3618072222222,0,1,人対車両
2023,33.21295083333334,130.26019833333334,0,1,車両単独
2023,33.24506638888889,130.30818833333333,0,1,車両相互
2023,33.23986388888889,130.28431944444444,0,1,人対車両
2023,33.256433333333334,130.32053055555556,0,1,車両相互
2023,33.239736666666666,130.2871497222222,0,1,車両相互
2023,33.239470833333336,130.30864805555558,0,1,車両相互
2023,33.23462583333333,130.30215833333335,0,1,車両相互
2023,33.24031194444444,130.28009111111112,0,1,車両相互
2023,33.245938611111114,130.27506694444446,0,2,車両相互
2023,33.23995444444444,130.302155,0,1,人対車両
2023,33.25410333333333,130.29887416666668,0,1,車両相互
2023,33.22807277777778,130.27076472222222,0,1,車両相互
2023,33.2483875,130.35966444444443,0,1,車両相互
2023,33.30922472222222,130.28180250000003,0,1,車両相互
2023,33.325877500000004,130.2693925,0,1,車両相互
2023,33.30901833333333,130.28023944444445,0,1,人対車両
2023,33.26891388888889,130.26159972222223,0,3,車両相互
2023,33.265835,130.2512538888889,0,2,車両相互
2023,33.27690472222222,130.33856500000002,0,1,車両相互
2023,33.27137861111111,130.28315194444446,0,1,車両相互
2023,33.29347472222222,130.28487027777777,0,1,車両相互
2023,33.291870277777775,130.28590888888888,0,1,車両相互
2023,33.26081861111111,130.27272583333334,0,1,車両相互
2023,33.265528333333336,130.3019541666667,0,1,車両相互
2023,33.28057111111111,130.2845575,0,1,車両相互
2023,33.29652,130.27062055555558,0,1,車両相互
2023,33.26669138888889,130.31587222222223,0,1,車両相互
2023,33.267705,130.29369833333334,0,1,車両相互
2023,33.26145361111111,130.29338388888888,0,1,車両相互
2023,33.2727675,130.27929805555556,0,1,車両相互
2023,33.2636075,130.31822499999998,0,1,車両相互
2023,33.36474277777778,130.25535277777777,0,1,車両相互
2023,33.426425277777774,130.27854444444446,0,3,車両相互
2023,33.29353,130.29834,0,1,車両相互
2023,33.264894166666664,130.30203194444445,0,1,車両相互
2023,33.31817055555556,130.26670472222224,0,1,車両相互
2023,33.26273361111111,130.2980511111111,0,2,車両相互
2023,33.31037,130.28626,0,1,車両相互
2023,33.265680555555555,130.28775777777778,0,1,車両相互
2023,33.26351777777778,130.31777,0,1,車両相互
2023,33.31079472222222,130.30079916666668,0,1,車両相互
2023,33.30356527777778,130.2812986111111,0,4,車両相互
2023,33.268317777777774,130.27849972222222,0,1,人対車両
2023,33.27717055555556,130.31170472222223,0,1,車両相互
2023,33.30679138888889,130.2826013888889,0,1,車両相互
2023,33.26235277777778,130.27243583333333,0,2,車両相互
2023,33.27213833333333,130.30562222222224,0,1,車両相互
2023,33.2595675,130.26577277777778,0,1,車両相互
2023,33.30900166666667,130.28024694444446,0,1,車両相互
2023,33.26146,130.2947911111111,0,1,車両相互
2023,33.30996194444444,130.27730277777778,0,1,車両相互
2023,33.27720111111111,130.3395152777778,0,2,車両相互
2023,33.2615275,130.27159833333334,0,1,車両相互
2023,33.28855222222222,130.2415822222222,0,1,車両相互
2023,33.265010277777776,130.3019702777778,0,1,車両相互
2023,33.268702499999996,130.3047711111111,0,1,車両相互
2023,33.275376666666666,130.27543083333336,0,3,車両相互
2023,33.2819425,130.29366944444445,0,1,車両相互
2023,33.29419611111111,130.31796472222223,0,1,車両相互
2023,33.2658625,130.3020413888889,0,1,車両相互
2023,33.28550277777778,130.31155916666668,0,1,車両相互
2023,33.2705525,130.29391416666667,0,1,車両相互
2023,33.27282944444444,130.2805377777778,0,1,車両相互
2023,33.27898444444445,130.31327361111113,0,1,車両相互
2023,33.31760861111111,130.2645638888889,0,1,車両相互
2023,33.26460027777778,130.31334416666667,0,1,車両相互
2023,33.364129444444444,130.24566833333333,0,1,車両相互
2023,33.14772638888889,129.77310694444446,0,1,車両相互
2023,33.21140861111111,129.66525833333333,0,1,車両相互
2023,33.00841416666667,129.9535022222222,0,3,車両単独
2023,32.76367222222222,129.86787416666667,0,1,人対車両
2023,32.72598333333333,129.88984916666666,1,0,人対車両
2023,32.743140555555556,129.87508111111111,0,1,車両相互
2023,32.75281611111111,129.88072833333334,0,2,車両相互
2023,32.728188888888894,129.88927222222222,0,2,車両相互
2023,32.763961944444446,129.8659536111111,0,1,人対車両
2023,32.752714166666664,129.87192861111112,0,1,車両相互
2023,32.80521611111111,129.9636211111111,0,1,人対車両
2023,32.74169972222222,129.8723888888889,0,1,車両相互
2023,32.782469999999996,129.95068777777777,0,1,車両相互
2023,32.75152277777778,129.87332138888888,0,1,車両相互
2023,32.77150583333333,129.86001305555556,0,1,車両相互
2023,32.74643777777778,129.8720991666667,0,1,車両相互
2023,32.75648638888889,129.88638305555554,0,1,車両相互
2023,32.73661916666667,129.8920125,0,1,車両相互
2023,32.749006666666666,129.86442833333334,0,1,車両相互
2023,32.735215277777776,129.85147416666666,0,1,車両相互
2023,32.7505925,129.87937305555556,0,1,人対車両
2023,32.76217861111111,129.93601222222222,0,1,車両相互
2023,32.75738972222222,129.86502416666667,0,3,車両相互
2023,32.753345,129.87101972222223,0,1,車両単独
2023,32.75089777777778,129.8729375,0,1,人対車両
2023,32.75082388888889,129.87092777777778,0,1,車両相互
2023,32.75238138888889,129.88097361111113,0,1,車両相互
2023,32.75479861111111,129.86119916666667,0,1,車両相互
2023,32.74565777777778,129.85981999999998,0,1,車両単独
2023,32.74615083333333,129.8712111111111,0,5,車両相互
2023,32.74693583333333,129.8711313888889,0,1,車両相互
2023,32.754913055555555,129.86135916666666,0,1,人対車両
2023,32.75093611111111,129.87289083333334,0,1,人対車両
2023,32.75703388888889,129.8697788888889,0,1,車両相互
2023,32.774830277777774,129.98442583333332,0,1,車両相互
2023,32.72858611111111,129.89253055555554,0,1,車両相互
2023,32.75969722222222,129.94144333333332,0,1,車両相互
2023,32.80576611111111,129.96406499999998,0,1,人対車両
2023,32.75928527777778,129.88682,0,2,車両相互
2023,32.74187333333334,129.87654972222222,0,1,人対車両
2023,32.740634166666666,129.87544861111112,0,1,車両相互
2023,32.74991055555556,129.8814013888889,0,1,車両相互
2023,32.74236527777778,129.88163083333333,0,1,車両相互
2023,32.68725361111111,129.82476333333332,0,1,車両相互
2023,32.72745416666667,129.88322333333335,0,1,車両相互
2023,32.740654166666666,129.87237777777779,0,2,車両相互
2023,32.58078861111112,129.77728805555557,0,1,人対車両
2023,32.72409972222223,129.86467222222223,0,1,車両相互
2023,32.72667861111111,129.87898666666666,0,1,車両相互
2023,32.70806972222223,129.86087999999998,0,1,車両相互
2023,32.678172499999995,129.84044722222222,0,1,車両相互
2023,32.784443055555556,129.85813222222222,0,1,車両相互
2023,32.80710361111111,129.84733694444446,0,1,車両相互
2023,32.78341861111111,129.86466194444444,1,0,車両相互
2023,32.79916722222222,129.84528583333335,0,1,人対車両
2023,32.80748222222222,129.8386188888889,0,1,車両相互
2023,32.793836666666664,129.8623011111111,0,1,車両相互
2023,32.783825,129.87620222222222,0,1,人対車両
2023,32.79978611111111,129.84597833333333,0,1,車両相互
2023,32.80314666666666,129.8521397222222,0,1,人対車両
2023,32.784643055555556,129.86597416666666,0,1,車両相互
2023,32.78761222222222,129.885885,0,1,車両相互
2023,32.782624444444444,129.8708127777778,0,1,車両相互
2023,32.8020875,129.8807477777778,0,1,車両相互
2023,32.79707805555555,129.86185555555554,0,1,車両相互
2023,32.78277,129.86917805555555,0,1,車両相互
2023,32.776893055555554,129.86873972222222,0,1,車両相互
2023,32.827287500000004,129.89009388888888,0,1,人対車両
2023,32.824606388888895,129.7650813888889,0,1,車両相互
2023,32.8469725,129.83372944444446,0,1,車両相互
2023,32.83216277777778,129.84517916666667,0,1,車両相互
2023,32.86071305555556,129.78598861111112,0,1,人対車両
2023,32.885780277777776,129.79006944444444,0,1,車両相互
2023,32.83750972222222,129.83773277777777,0,1,車両相互
2023,32.809416388888884,129.85387,0,1,車両相互
2023,32.83488361111112,129.87219333333334,0,1,車両相互
2023,32.82743527777778,129.78402083333333,0,1,人対車両
2023,32.88954388888889,129.78515194444444,0,1,車両相互
2023,32.860080833333335,129.79035805555554,0,1,車両相互
2023,32.819386388888894,129.87978111111113,0,1,人対車両
2023,32.86235583333333,129.78615,0,1,車両相互
2023,32.83231972222222,129.87064333333333,0,1,車両相互
2023,32.84806722222223,129.78297555555557,0,1,車両相互
2023,32.82616,129.84816777777777,0,3,車両相互
2023,32.86373916666667,129.78646694444444,0,1,車両相互
2023,32.83079444444445,129.84737694444445,0,1,人対車両
2023,32.86538361111111,129.79113999999998,0,1,車両相互
2023,32.83396194444445,129.87174472222222,0,1,車両相互
2023,32.898221388888885,129.78088416666668,0,1,車両相互
2023,32.825496111111114,129.8481991666667,0,1,車両相互
2023,32.878678055555554,129.78990027777778,0,1,車両相互
2023,32.83853472222223,130.02204611111114,0,1,車両相互
2023,32.83120305555556,129.9861575,0,2,車両相互
2023,32.82975638888889,129.99911333333333,0,1,車両相互
2023,32.830284444444445,129.98768666666666,0,1,車両相互
2023,32.848959722222226,130.03824777777777,0,1,車両相互
2023,32.83758916666667,130.09801444444446,0,3,車両相互
2023,32.83740138888889,130.01195194444443,0,1,車両相互
2023,32.85046777777778,130.08927500000001,0,1,車両相互
2023,32.81180416666666,129.96623444444444,0,1,車両相互
2023,32.80063611111111,130.1318838888889,0,1,車両相互
2023,32.83081388888889,129.98229138888888,0,1,車両相互
2023,32.83490805555556,130.016035,0,1,車両相互
2023,32.83347694444445,130.06582277777778,0,1,車両相互
2023,32.83897138888889,130.03585305555555,0,2,車両相互
2023,32.78001416666667,130.016445,0,1,車両相互
2023,32.84936638888889,130.06555222222224,0,1,車両相互
2023,32.846809444444446,130.02012694444446,0,1,人対車両
2023,32.834091111111114,130.11517527777778,0,2,車両相互
2023,32.86807833333334,130.02997555555558,0,1,車両相互
2023,32.844032500000004,130.0564136111111,0,1,人対車両
2023,32.82965,129.99246749999998,0,1,車両相互
2023,32.879731666666665,130.0210338888889,0,1,車両相互
2023,32.84084805555556,130.02416694444446,0,1,車両相互
2023,32.841095833333334,130.01413916666667,0,1,人対車両
2023,32.82610166666667,129.97786972222224,0,2,車両相互
2023,32.84954472222223,130.03404027777776,0,1,人対車両
2023,32.84034472222223,130.03081861111113,0,1,車両相互
2023,32.79888444444444,130.10581166666665,0,2,車両相互
2023,32.84881111111111,130.04723611111112,0,1,車両相互
2023,32.86402666666667,130.03702666666666,0,1,車両相互
2023,32.85066444444445,130.01651222222222,0,1,車両相互
2023,32.837947500000006,130.10126416666665,0,1,車両相互
2023,32.86157361111111,130.03239333333335,0,2,車両相互
2023,32.84588083333333,130.05543472222223,0,1,人対車両
2023,32.78729472222222,130.35967805555555,0,1,車両相互
2023,32.85913611111111,130.32972166666667,0,2,車両相互
2023,32.76206111111111,130.3692391666667,0,2,車両相互
2023,32.75886805555555,130.3720702777778,0,1,車両相互
2023,32.75879861111111,130.36201055555554,0,1,車両相互
2023,32.78752972222222,130.37164361111112,0,1,車両相互
2023,32.80830666666667,130.3606738888889,0,1,車両相互
2023,32.86165972222222,130.32512666666668,0,1,人対車両
2023,32.846094722222226,130.21606083333333,0,2,車両相互
2023,32.85234583333334,130.24166777777776,0,1,車両相互
2023,32.765810555555554,130.21447027777776,0,1,人対車両
2023,32.78501416666666,130.20097555555554,0,1,車両相互
2023,32.86810527777778,130.23838555555554,0,1,車両相互
2023,32.86328555555556,130.2305725,0,1,車両相互
2023,32.714513611111116,130.18977666666666,0,2,車両相互
2023,32.85295222222222,130.27431472222224,0,3,車両相互
2023,32.68653833333333,130.20306444444444,0,1,車両相互
2023,32.79495333333333,130.1814163888889,0,1,車両相互
2023,32.900889444444445,129.97585083333334,0,1,車両相互
2023,32.933677777777774,129.93680944444444,0,1,車両相互
2023,32.888663055555554,129.98864305555554,0,1,車両相互
2023,32.93442694444444,129.9604361111111,0,1,車両相互
2023,32.93898166666666,129.95872916666664,0,1,車両相互
2023,32.944263888888884,129.9501772222222,0,1,人対車両
2023,32.91259,129.9506925,0,1,車両相互
2023,32.94007833333333,129.95701416666665,0,1,車両相互
2023,32.959047222222225,129.95683694444443,0,1,車両相互
2023,32.90309111111111,129.95798027777778,0,1,車両相互
2023,32.888666388888886,129.98848277777776,0,2,車両相互
2023,32.93715083333333,129.94427361111113,0,1,車両相互
2023,32.927925555555554,129.94342972222222,1,1,車両相互
2023,32.91528805555556,129.94787611111113,0,2,車両相互
2023,32.945160277777774,129.97980805555557,1,0,人対車両
2023,32.91200444444444,129.96138916666666,0,1,車両相互
2023,32.89908638888889,129.973335,0,2,車両相互
2023,32.92214194444444,129.9649725,0,1,車両相互
2023,32.90378,129.96538277777776,0,1,人対車両
2023,32.95488888888889,129.94361777777777,0,1,車両相互
2023,32.90361444444444,129.9576897222222,0,1,車両相互
2023,32.89219055555556,129.97735972222222,0,1,車両相互
2023,32.91717583333333,129.94986722222222,0,2,車両相互
2023,33.06879833333333,129.86335416666665,0,2,車両相互
2023,33.06908416666667,129.86301583333332,0,4,車両相互
2023,33.00407472222222,129.94853944444444,0,1,車両相互
2023,33.004177222222225,129.94856944444444,0,1,車両相互
2023,33.06880666666667,129.86188777777778,0,1,車両相互
2023,33.068874722222226,129.86416944444443,0,1,車両相互
2023,33.06865305555556,129.8590036111111,0,2,車両相互
2023,33.13791333333333,129.86856666666668,0,1,車両相互
2023,33.13091277777778,129.80169750000002,0,2,車両相互
2023,33.14118194444444,129.79702972222222,0,2,車両相互
2023,33.12815138888889,129.7965597222222,0,1,人対車両
2023,33.14686472222222,129.78381583333334,0,1,車両相互
2023,33.15189194444444,129.77073722222224,0,1,人対車両
2023,33.149186388888886,129.83189194444444,0,1,車両相互
2023,33.116351944444446,129.79309416666666,0,1,車両相互
2023,33.08504305555556,129.817115,0,1,車両相互
2023,33.166754166666664,129.72212194444444,0,1,車両相互
2023,33.178509444444444,129.72308972222223,0,1,車両相互
2023,33.16092666666667,129.69344666666666,0,1,車両相互
2023,33.20802944444445,129.71806777777778,0,3,車両相互
2023,33.169492777777776,129.72344444444445,0,1,車両相互
2023,33.15136694444444,129.75347277777777,0,2,車両相互
2023,33.18112055555555,129.71615,0,1,車両相互
2023,33.16743111111111,129.72438916666667,0,1,車両相互
2023,33.151220277777774,129.74877805555553,0,1,車両単独
2023,33.16034388888889,129.74222583333332,0,3,車両相互
2023,33.15642388888889,129.76861055555557,0,1,車両相互
2023,33.206517500000004,129.72417083333335,0,1,車両相互
2023,33.161696388888885,129.77020666666667,0,1,人対車両
2023,33.21007166666667,129.72488916666666,0,1,人対車両
2023,33.1804225,129.7158597222222,0,1,車両相互
2023,33.164676666666665,129.72407388888888,0,1,車両相互
2023,33.151401388888885,129.75335166666667,0,1,人対車両
2023,33.214157500000006,129.69962416666667,0,2,車両相互
2023,33.22978222222223,129.70119277777778,0,1,車両相互
2023,33.18951222222222,129.66598222222223,0,1,車両相互
2023,33.247151111111116,129.65320861111113,0,1,車両相互
2023,33.28080055555555,129.68507166666666,0,1,人対車両
2023,33.259815833333334,129.66459944444446,0,1,人対車両
2023,33.303891944444445,129.63114611111112,0,1,車両相互
2023,33.33791083333334,129.70481305555555,0,1,車両相互
2023,33.36581666666667,129.66385916666667,0,1,車両相互
2023,33.366861944444445,129.65960361111112,0,1,車両相互
2023,33.34776666666667,129.71801944444445,0,2,車両相互
2023,33.34993472222222,129.72643222222223,0,1,車両相互
2023,33.35171555555556,129.5844863888889,0,1,車両相互
2023,33.32996833333333,129.4999636111111,0,1,車両相互
2023,33.33307694444445,129.53542,0,1,人対車両
2023,33.35652805555556,129.56230194444444,0,3,車両相互
2023,33.368543611111114,129.54580194444443,0,2,車両相互
2023,33.362768055555556,129.5589175,0,3,車両相互
2023,32.69157361111111,128.83212416666666,0,1,人対車両
2023,32.69513694444444,128.83994666666666,0,1,人対車両
2023,32.70407416666667,128.7982575,0,1,車両相互
2023,32.690664444444444,128.83980333333335,0,1,車両相互
2023,33.027631388888885,129.0871302777778,0,1,人対車両
2023,32.95988861111111,130.47545805555555,0,1,車両相互
2023,32.953939444444444,130.45577666666665,0,1,人対車両
2023,32.975305,130.44684166666667,0,1,人対車両
2023,32.9788225,130.46297083333332,0,2,車両相互
2023,32.96261416666667,130.47479694444445,0,1,車両相互
2023,32.978567777777776,130.46373138888887,0,2,車両相互
2023,32.98809972222222,130.43108277777776,0,1,車両相互
2023,32.994845,130.43258444444444,0,1,車両相互
2023,32.96904611111111,130.44658083333334,0,1,車両相互
2023,33.00147222222222,130.43682944444444,0,1,人対車両
2023,32.981452222222224,130.46834305555555,0,1,車両相互
2023,32.978010833333336,130.45962694444444,0,1,車両相互
2023,32.4655475,130.18871972222223,0,1,車両相互
2023,32.49792027777778,130.19077361111113,0,1,人対車両
2023,32.45819305555556,130.18913416666666,0,1,車両相互
2023,32.45546027777778,130.19280694444444,0,1,人対車両
2023,32.60394027777778,130.4382236111111,0,5,車両相互
2023,32.58253777777778,130.42702083333333,0,1,車両相互
2023,32.58938166666667,130.42974888888887,0,1,車両相互
2023,33.638043333333336,130.42148944444443,0,3,車両相互
2023,33.57591638888889,130.4502822222222,0,1,車両相互
2023,33.53191777777778,130.18860444444445,0,1,車両相互
2023,33.54159472222222,130.4212347222222,0,2,車両相互
2023,33.582930000000005,130.44127944444446,0,3,車両相互
2023,33.52296222222222,130.49560388888887,0,3,車両相互
2023,33.60065138888889,130.39102472222223,0,2,車両相互
2023,33.624812222222225,130.4872961111111,0,1,車両相互
2023,33.507556666666666,130.49977416666664,0,1,車両相互
2023,33.50748194444444,130.49982555555553,0,4,車両相互
2023,33.548073055555555,130.48142805555557,0,1,車両相互
2023,33.521852777777774,130.4955872222222,0,2,車両相互
2023,33.55657833333333,130.47270777777777,0,3,車両相互
2023,33.55936611111111,130.45780027777778,0,1,車両相互
2023,33.604442222222225,130.4018027777778,0,1,車両相互
2023,33.56032166666667,130.46961694444445,0,11,車両相互
2023,33.66190805555556,130.48145277777778,0,1,車両相互
2023,33.577151944444445,130.38763749999998,0,1,車両相互
2023,33.58595527777778,130.40308027777778,0,1,車両相互
2023,33.587945000000005,130.39096638888887,0,1,車両相互
2023,33.578719722222225,130.40526666666668,0,1,車両相互
2023,33.591555,130.39937833333332,0,1,車両相互
2023,33.59025666666667,130.37558611111112,0,1,車両相互
2023,33.58997472222222,130.4068938888889,0,1,車両相互
2023,33.58625194444445,130.39701694444443,0,1,車両相互
2023,33.56619944444444,130.38841222222223,0,1,車両相互
2023,33.56300638888889,130.38959749999998,0,2,車両相互
2023,33.58791555555556,130.4014402777778,0,1,車両相互
2023,33.57795277777778,130.37808305555555,0,1,車両相互
2023,33.59045388888889,130.3723361111111,0,1,車両相互
2023,33.58796166666667,130.39431638888888,0,1,車両相互
2023,33.58289194444445,130.39208277777777,0,3,車両相互
2023,33.59634861111111,130.39603055555554,0,1,人対車両
2023,33.57246388888889,130.39669972222222,0,1,車両相互
2023,33.59543083333334,130.39540722222222,0,1,車両相互
2023,33.57998527777778,130.38143722222222,0,1,車両相互
2023,33.59617416666667,130.39983638888887,0,1,車両相互
2023,33.58845083333333,130.40638666666666,0,1,人対車両
2023,33.59025333333334,130.39586027777776,0,1,人対車両
2023,33.596201111111114,130.39731555555554,0,3,車両相互
2023,33.59132694444445,130.38451999999998,0,1,車両相互
2023,33.57830138888889,130.37881472222222,0,1,車両相互
2023,33.58239555555556,130.38839944444445,0,2,車両相互
2023,33.57450722222222,130.40903055555557,0,1,車両相互
2023,33.58550916666667,130.40105944444446,0,2,車両相互
2023,33.58345805555556,130.38476805555555,0,1,車両相互
2023,33.59042083333333,130.36151527777778,0,1,車両相互
2023,33.58573583333334,130.4047788888889,0,1,車両相互
2023,33.57550694444445,130.40799083333334,0,1,車両相互
2023,33.59765527777778,130.38038722222223,0,1,車両相互
2023,33.57499583333334,130.4023877777778,0,1,車両相互
2023,33.59562972222223,130.39358694444445,0,1,車両相互
2023,33.593336111111114,130.38864694444445,0,1,車両相互
2023,33.59255,130.3946061111111,0,1,車両相互
2023,33.58704527777778,130.39401944444444,0,1,人対車両
2023,33.567418333333336,130.37768222222223,0,1,車両相互
2023,33.57959027777778,130.4085475,0,1,車両相互
2023,33.58960527777778,130.39928722222223,0,1,車両相互
2023,33.588391666666666,130.40103333333334,0,1,車両相互
2023,33.589599722222225,130.39983944444444,0,1,人対車両
2023,33.57900194444445,130.40074333333334,0,1,車両相互
2023,33.5924275,130.37940111111112,0,1,車両相互
2023,33.583110000000005,130.40139972222224,0,1,車両相互
2023,33.57832194444445,130.3784363888889,0,1,車両相互
2023,33.590336666666666,130.40643333333333,0,1,車両相互
2023,33.579328888888895,130.37307694444445,0,1,車両相互
2023,33.57751583333334,130.37602416666667,0,1,車両相互
2023,33.592463888888894,130.3953786111111,0,1,人対車両
2023,33.58232916666667,130.40614555555555,0,1,車両相互
2023,33.58280361111112,130.40757055555557,0,2,車両相互
2023,33.59474138888889,130.39421805555554,0,1,人対車両
2023,33.58977333333333,130.39973638888887,0,2,車両単独
2023,33.56932472222223,130.3975372222222,0,1,車両相互
2023,33.587215,130.4017061111111,0,1,車両単独
2023,33.58923138888889,130.4008002777778,0,1,車両相互
2023,33.58181555555556,130.40126111111113,0,1,車両相互
2023,33.589441944444445,130.40544694444446,0,1,車両相互
2023,33.56535694444444,130.3767852777778,0,1,車両相互
2023,33.59270222222222,130.3844447222222,0,1,人対車両
2023,33.581589722222226,130.39927055555555,0,1,人対車両
2023,33.57402888888889,130.4051188888889,0,1,車両相互
2023,33.5847325,130.39155777777776,0,1,車両相互
2023,33.57474583333334,130.40386,0,2,車両相互
2023,33.59167055555556,130.39255444444444,0,1,人対車両
2023,33.5704075,130.39816277777777,0,1,車両相互
2023,33.58874138888889,130.36574527777776,0,1,車両相互
2023,33.59984611111111,130.36503583333334,0,1,車両相互
2023,33.58170861111111,130.4069325,1,0,人対車両
2023,33.595706944444444,130.36956527777778,0,2,車両相互
2023,33.58537555555556,130.40507250000002,0,1,車両相互
2023,33.585863888888895,130.40606833333334,0,2,人対車両
2023,33.58568722222223,130.3973288888889,0,1,人対車両
2023,33.5839775,130.3904861111111,0,1,車両相互
2023,33.57437055555556,130.40600805555556,0,1,車両相互
2023,33.58277833333334,130.37338833333334,0,1,車両相互
2023,33.58206944444445,130.36696972222222,0,1,車両相互
2023,33.587305,130.36502083333332,0,1,車両相互
2023,33.592418333333335,130.3943436111111,0,1,車両相互
2023,33.58730861111111,130.40875666666668,0,1,車両相互
2023,33.57972666666667,130.3945411111111,0,1,車両相互
2023,33.57434555555556,130.40456527777778,0,1,車両相互
2023,33.58802777777778,130.413075,0,1,車両相互
2023,33.544021944444445,130.47058916666666,0,1,車両相互
2023,33.596135000000004,130.45535833333332,0,2,車両相互
2023,33.59747361111111,130.41853916666665,0,1,車両相互
2023,33.58569611111111,130.43887916666668,0,1,車両相互
2023,33.587698888888895,130.41061833333333,0,1,車両相互
2023,33.56308166666666,130.44523916666668,0,1,車両相互
2023,33.58161472222223,130.42371722222222,0,1,車両相互
2023,33.60464694444445,130.40824972222222,0,1,車両相互
2023,33.60778138888889,130.41013666666666,0,2,車両相互
2023,33.55293555555555,130.4770061111111,0,2,車両相互
2023,33.5930625,130.42368777777776,0,1,車両相互
2023,33.590494722222225,130.41865305555555,0,1,車両相互
2023,33.5725375,130.44870111111112,0,3,車両相互
2023,33.57033833333334,130.4309872222222,0,1,車両相互
2023,33.602093333333336,130.4140125,0,1,車両相互
2023,33.594515,130.4345727777778,0,2,車両相互
2023,33.59934055555556,130.42037694444443,0,1,車両相互
2023,33.59914055555556,130.43216777777778,0,1,車両相互
2023,33.60698416666667,130.436535,0,1,人対車両
2023,33.58367861111111,130.41185861111111,0,1,車両相互
2023,33.5970725,130.44880694444444,0,1,車両相互
2023,33.570641388888895,130.45609166666665,0,3,車両相互
2023,33.59047138888889,130.4224997222222,0,2,人対車両
2023,33.59297638888889,130.40469444444446,0,1,人対車両
2023,33.58367638888889,130.41417,0,1,車両相互
2023,33.57221222222223,130.44744833333334,0,1,車両相互
2023,33.59303361111111,130.4157013888889,0,3,車両相互
2023,33.58892361111111,130.4261875,0,1,車両相互
2023,33.543991388888884,130.4707036111111,0,1,車両相互
2023,33.58206777777778,130.4239497222222,0,1,人対車両
2023,33.60279166666667,130.40982472222223,0,1,車両相互
2023,33.59030777777778,130.41868194444444,0,1,車両相互
2023,33.568470277777784,130.45876055555556,0,1,車両相互
2023,33.589643055555555,130.42252722222221,0,1,人対車両
2023,33.59419333333334,130.41443666666666,0,1,車両相互
2023,33.58607138888889,130.43413777777778,0,1,車両相互
2023,33.58437333333334,130.4135975,0,1,車両相互
2023,33.58452583333334,130.4264436111111,0,1,車両相互
2023,33.57660388888889,130.43451333333334,0,2,車両相互
2023,33.59432777777778,130.41464833333333,0,2,車両相互
2023,33.59261722222222,130.4165536111111,0,1,人対車両
2023,33.58983416666667,130.4146163888889,0,2,車両相互
2023,33.55791194444444,130.4509647222222,0,1,車両相互
2023,33.585993611111114,130.41773027777776,0,1,車両相互
2023,33.59073027777778,130.41276,0,1,車両相互
2023,33.601955277777776,130.4437675,0,1,車両相互
2023,33.59914472222223,130.40803555555556,0,1,車両相互
2023,33.55979222222222,130.47127361111112,0,4,車両相互
2023,33.58878611111111,130.41242055555557,0,1,人対車両
2023,33.54433944444444,130.464375,0,1,人対車両
2023,33.56440722222222,130.44373277777777,0,1,車両相互
2023,33.595871111111116,130.42598166666664,0,1,車両相互
2023,33.559910555555554,130.46270416666667,0,1,車両相互
2023,33.597831944444444,130.40417916666667,0,1,車両単独
2023,33.56186333333333,130.46097583333332,0,1,車両相互
2023,33.588834444444444,130.41883666666666,0,1,車両相互
2023,33.58902583333334,130.42309749999998,0,1,車両相互
2023,33.56565972222222,130.46708611111112,0,1,車両相互
2023,33.56722472222223,130.44083555555557,0,1,車両相互
2023,33.5869775,130.42864083333333,0,1,車両相互
2023,33.60042083333334,130.43412416666666,0,1,車両相互
2023,33.59630972222222,130.42800666666665,0,1,車両相互
2023,33.59487027777778,130.42376027777777,0,1,車両相互
2023,33.60630388888889,130.42544027777777,0,1,車両単独
2023,33.549011944444445,130.46761333333333,0,1,車両相互
2023,33.58266166666667,130.42539833333333,0,2,車両相互
2023,33.59471944444444,130.41505361111112,0,1,車両相互
2023,33.60102722222222,130.44928833333333,0,1,車両相互
2023,33.59777777777778,130.40953583333334,0,1,車両相互
2023,33.56649861111111,130.44784694444445,0,1,車両相互
2023,33.60452888888889,130.42314055555553,0,1,車両相互
2023,33.56745666666667,130.45932694444443,0,1,車両相互
2023,33.60196638888889,130.44390666666666,0,2,車両相互
2023,33.602045833333335,130.41410416666668,0,2,車両相互
2023,33.58600055555556,130.43421694444444,0,1,車両相互
2023,33.58471194444445,130.4265472222222,0,1,車両相互
2023,33.590761666666666,130.4102225,0,1,車両相互
2023,33.57549305555556,130.42825138888887,0,1,車両相互
2023,33.581097222222226,130.43095,0,1,車両相互
2023,33.552995833333334,130.47704,0,1,車両相互
2023,33.5635425,130.4390202777778,0,1,人対車両
2023,33.56668361111112,130.44772444444445,0,1,人対車両
2023,33.595800000000004,130.4524425,0,1,人対車両
2023,33.58642722222223,130.41696194444444,0,1,車両相互
2023,33.58298222222223,130.41810611111111,0,1,車両相互
2023,33.58293583333334,130.42480444444445,0,1,車両相互
2023,33.583489722222225,130.4405211111111,0,1,車両相互
2023,33.56665583333333,130.4337502777778,0,1,車両相互
2023,33.590466944444444,130.42160777777778,0,1,車両相互
2023,33.601304722222224,130.42635944444444,0,1,車両相互
2023,33.587563333333335,130.41028055555557,0,1,車両相互
2023,33.57438833333334,130.43146805555554,0,3,車両相互
2023,33.60425611111111,130.4216722222222,0,1,車両相互
2023,33.58363972222222,130.4129638888889,0,1,車両相互
2023,33.602044722222224,130.4211461111111,0,1,車両相互
2023,33.59626222222222,130.42090694444443,0,1,車両相互
2023,33.60039555555556,130.40039027777777,0,1,車両相互
2023,33.593046944444446,130.41698055555554,0,1,人対車両
2023,33.58894361111111,130.43067472222222,0,1,車両相互
2023,33.60120416666667,130.40976305555557,0,1,車両相互
2023,33.60156805555556,130.44654472222223,0,1,車両相互
2023,33.60098166666667,130.40124444444444,0,1,車両相互
2023,33.579303611111115,130.4198711111111,0,1,人対車両
2023,33.56820527777778,130.46744555555557,0,2,車両相互
2023,33.56890916666667,130.44288166666666,1,1,車両相互
2023,33.59193694444445,130.4513597222222,0,1,車両相互
2023,33.583644166666666,130.41587611111112,0,1,人対車両
2023,33.60193944444445,130.4065277777778,0,2,車両相互
2023,33.554785555555554,130.4530072222222,0,1,車両相互
2023,33.60012777777778,130.39989305555554,0,1,車両相互
2023,33.58078944444445,130.42265166666667,0,1,人対車両
2023,33.592263888888894,130.40585388888888,0,1,人対車両
2023,33.58240944444445,130.4280697222222,0,1,車両相互
2023,33.6052725,130.43766638888889,0,1,車両相互
2023,33.676205277777775,130.44736527777778,0,1,車両相互
2023,33.65091555555556,130.43737444444446,0,1,車両相互
2023,33.61304861111111,130.41761055555554,0,1,車両相互
2023,33.645559999999996,130.43312583333332,0,1,車両相互
2023,33.66742083333333,130.45124805555554,0,1,人対車両
2023,33.61781083333334,130.41171583333335,0,1,車両相互
2023,33.614648055555556,130.42520277777777,0,1,車両相互
2023,33.666847499999996,130.44151666666667,0,1,人対車両
2023,33.64904166666667,130.4267175,0,1,人対車両
2023,33.61673444444445,130.42582305555555,0,1,車両相互
2023,33.61933944444444,130.43038027777777,0,1,車両相互
2023,33.64852666666667,130.42639888888888,0,1,人対車両
2023,33.62943583333333,130.4224422222222,0,2,車両相互
2023,33.68707083333333,130.4123413888889,0,1,人対車両
2023,33.62963333333333,130.42252444444443,0,2,車両相互
2023,33.6357675,130.41993555555555,0,1,車両相互
2023,33.618741944444444,130.4175383333333,0,2,車両相互
2023,33.64881555555556,130.4369111111111,0,2,車両相互
2023,33.67298694444444,130.4445838888889,0,1,車両相互
2023,33.626240555555555,130.43972083333333,0,1,車両相互
2023,33.64789972222222,130.43840472222223,0,1,車両相互
2023,33.65091888888889,130.43735027777777,0,1,車両相互
2023,33.63433055555556,130.46675833333333,0,1,車両相互
2023,33.6679975,130.31318083333335,0,3,車両相互
2023,33.65511305555555,130.44462472222222,0,2,車両相互
2023,33.652316388888885,130.41557555555556,0,1,車両相互
2023,33.620851111111115,130.4391288888889,0,1,車両相互
2023,33.69637722222222,130.43596194444444,0,4,車両相互
2023,33.64193,130.42977888888888,0,1,車両相互
2023,33.607172500000004,130.43806666666666,0,1,車両相互
2023,33.66258333333333,130.31468583333336,0,1,車両相互
2023,33.63769361111111,130.42604444444444,0,1,人対車両
2023,33.62781666666667,130.4217975,0,1,車両相互
2023,33.63265277777778,130.46163222222222,0,1,車両相互
2023,33.647757222222225,130.4267336111111,0,1,車両相互
2023,33.61609166666667,130.42867194444443,0,1,車両相互
2023,33.63525833333333,130.41990666666666,0,2,車両相互
2023,33.614200000000004,130.4194311111111,0,1,車両相互
2023,33.66909416666667,130.4481613888889,0,2,車両相互
2023,33.67304361111111,130.44145944444446,0,2,車両相互
2023,33.62911472222222,130.41738444444442,0,1,車両相互
2023,33.63562972222222,130.42067777777777,0,1,車両相互
2023,33.63263138888889,130.46310138888887,0,1,車両相互
2023,33.61740777777778,130.42042833333332,0,1,車両相互
2023,33.672235,130.43615722222222,0,1,人対車両
2023,33.66985888888889,130.44292166666668,0,1,車両相互
2023,33.623088333333335,130.42117472222222,0,1,人対車両
2023,33.663465277777775,130.41502111111112,0,1,車両相互
2023,33.624163055555556,130.42030194444445,0,1,車両相互
2023,33.63628722222222,130.4247161111111,0,1,車両相互
2023,33.62457333333333,130.43968083333334,0,3,車両相互
2023,33.62168694444445,130.44378944444446,0,1,人対車両
2023,33.667905555555556,130.4421338888889,0,1,車両相互
2023,33.61441777777778,130.4260647222222,0,1,車両相互
2023,33.65129527777778,130.4301947222222,0,1,車両相互
2023,33.67699583333333,130.43730972222224,0,1,車両相互
2023,33.66762194444444,130.4447188888889,0,1,車両相互
2023,33.65600083333333,130.43949305555557,0,1,車両相互
2023,33.648781944444444,130.42692666666665,0,1,車両相互
2023,33.61848138888889,130.42411305555555,0,1,人対車両
2023,33.63767361111111,130.44094722222223,0,1,車両相互
2023,33.666605555555556,130.45078944444444,0,1,車両相互
2023,33.66372861111111,130.41489194444446,0,2,車両相互
2023,33.67943111111111,130.43728666666667,0,1,車両相互
2023,33.675288888888886,130.45546555555555,0,2,車両相互
2023,33.607734444444446,130.41509,0,1,人対車両
2023,33.66701083333333,130.4411288888889,0,1,車両相互
2023,33.63753666666667,130.42441527777777,0,1,車両相互
2023,33.626955,130.4272711111111,0,1,人対車両
2023,33.62741861111111,130.4535711111111,0,1,車両相互
2023,33.61998833333333,130.41884222222222,0,1,車両相互
2023,33.636829722222224,130.4632475,0,1,車両相互
2023,33.63218305555556,130.46793944444445,0,1,車両相互
2023,33.65461583333333,130.42076666666665,0,1,人対車両
2023,33.651428055555556,130.43379583333333,0,1,車両相互
2023,33.62031888888889,130.41841027777778,0,1,車両相互
2023,33.621966388888886,130.41934416666666,0,1,車両相互
2023,33.632850833333336,130.45828777777777,0,1,車両相互
2023,33.61044972222222,130.42030499999998,0,1,車両相互
2023,33.62460083333333,130.43932416666667,0,1,車両相互
2023,33.61370361111111,130.42151416666667,0,1,車両相互
2023,33.62279361111111,130.4199261111111,0,1,車両相互
2023,33.62526027777778,130.4271211111111,0,1,車両相互
2023,33.67851638888889,130.38888166666666,0,1,車両相互
2023,33.66533833333333,130.4406827777778,0,1,車両相互
2023,33.62342666666667,130.4288036111111,0,1,車両相互
2023,33.65385944444444,130.43916611111112,0,1,車両相互
2023,33.64619666666667,130.4796988888889,0,1,車両相互
2023,33.510753888888885,130.33695166666666,0,1,車両相互
2023,33.591969444444445,130.35352055555555,0,1,車両相互
2023,33.55710583333333,130.35166194444443,0,1,車両相互
2023,33.56928388888889,130.35408666666666,0,1,車両相互
2023,33.54972027777777,130.33979694444446,0,1,車両相互
2023,33.574696111111116,130.3563736111111,0,1,車両相互
2023,33.561436666666665,130.3381675,0,1,車両相互
2023,33.54944916666666,130.3411741666667,0,3,車両相互
2023,33.5471375,130.32623277777776,0,1,車両相互
2023,33.562553055555554,130.35397972222222,0,1,車両相互
2023,33.57508555555556,130.3417638888889,0,1,人対車両
2023,33.578898888888894,130.35457277777778,0,1,車両相互
2023,33.56751305555556,130.34745555555557,0,2,車両相互
2023,33.56306555555555,130.33961694444446,0,1,車両相互
2023,33.560897777777775,130.35319888888887,0,1,車両相互
2023,33.57271638888889,130.33086472222223,0,1,車両相互
2023,33.49585916666667,130.3548497222222,0,2,車両相互
2023,33.578791388888895,130.3612247222222,0,1,車両相互
2023,33.59250305555556,130.3557622222222,0,1,車両相互
2023,33.579930000000004,130.34689222222224,0,1,人対車両
2023,33.56823055555556,130.33113916666667,0,1,車両相互
2023,33.58169916666667,130.3643563888889,0,1,人対車両
2023,33.576814444444445,130.33632527777777,0,1,車両単独
2023,33.550527499999994,130.34830805555558,0,1,車両相互
2023,33.552974166666665,130.3277736111111,0,1,車両相互
2023,33.57578277777778,130.3465052777778,0,1,車両相互
2023,33.567573888888894,130.34701916666668,0,3,車両相互
2023,33.573822222222226,130.35637972222221,0,1,車両相互
2023,33.567035833333335,130.3423563888889,0,1,車両相互
2023,33.543785,130.32598166666665,0,1,車両相互
2023,33.58179666666667,130.35051416666667,0,1,車両相互
2023,33.55018361111111,130.3380013888889,0,1,車両相互
2023,33.54910472222222,130.3438613888889,0,1,車両相互
2023,33.58418,130.35982972222223,0,1,人対車両
2023,33.55712805555555,130.33337583333335,0,1,人対車両
2023,33.593427222222225,130.3552136111111,0,1,車両相互
2023,33.569653888888894,130.34472027777778,0,1,車両相互
2023,33.57334194444445,130.34660194444444,0,2,車両相互
2023,33.53904555555555,130.33335027777778,0,1,車両相互
2023,33.56713583333334,130.3408975,0,1,人対車両
2023,33.547440277777774,130.33696166666667,0,2,車両相互
2023,33.570013888888894,130.35538166666666,0,1,車両相互
2023,33.56914861111112,130.3534325,0,2,車両相互
2023,33.56338611111111,130.33745194444447,0,1,車両相互
2023,33.53519361111111,130.32502888888888,0,1,車両相互
2023,33.54841583333333,130.34613333333334,0,1,車両相互
2023,33.58786833333333,130.34673916666668,0,1,車両相互
2023,33.553441666666664,130.32633194444443,0,1,車両相互
2023,33.54257861111111,130.3311013888889,0,1,人対車両
2023,33.56611888888889,130.32910555555554,0,1,車両相互
2023,33.53326944444444,130.33449666666667,0,1,車両相互
2023,33.57472777777778,130.33761222222222,0,1,車両相互
2023,33.58361555555556,130.359255,0,1,車両単独
2023,33.56347805555555,130.34863777777778,0,2,車両相互
2023,33.55189305555555,130.32856055555555,0,1,車両相互
2023,33.53953333333333,130.3446866666667,0,1,車両相互
2023,33.58068194444445,130.34075611111112,0,1,車両相互
2023,33.549949999999995,130.3399591666667,0,1,車両相互
2023,33.52223305555555,130.3364016666667,0,1,車両相互
2023,33.543845555555556,130.3473888888889,0,1,車両相互
2023,33.60595027777778,130.40592416666667,0,1,車両相互
2023,33.62945388888889,130.4113688888889,0,1,人対車両
2023,33.60077555555556,130.39129777777777,0,1,車両相互
2023,33.58520666666667,130.44324166666667,0,1,車両相互
2023,33.5852425,130.44318361111112,0,2,車両相互
2023,33.54138694444444,130.40714888888888,0,1,車両相互
2023,33.54175305555555,130.42824416666664,0,1,車両相互
2023,33.532093333333336,130.4359375,0,2,車両相互
2023,33.55721694444444,130.410805,0,1,車両相互
2023,33.54038694444444,130.3998036111111,0,1,車両相互
2023,33.54588611111111,130.43872555555555,0,1,車両相互
2023,33.561465,130.41388583333335,0,1,車両相互
2023,33.57581805555556,130.41232833333333,0,1,車両相互
2023,33.55616,130.425335,0,4,車両相互
2023,33.527789999999996,130.41,0,1,車両相互
2023,33.53406611111111,130.43243666666666,0,1,車両相互
2023,33.54924305555556,130.43482416666666,0,1,車両相互
2023,33.571801944444445,130.40232916666668,0,1,車両単独
2023,33.54306111111111,130.40647083333334,0,1,車両相互
2023,33.54974166666666,130.42831916666665,0,1,車両相互
2023,33.55293694444444,130.44533055555556,0,1,車両相互
2023,33.52941944444444,130.40874805555555,0,1,車両相互
2023,33.56761166666667,130.41763444444445,0,1,車両相互
2023,33.56361444444444,130.423895,0,1,車両相互
2023,33.539076666666666,130.40519916666668,0,1,人対車両
2023,33.552903055555554,130.43640055555557,0,1,車両相互
2023,33.52951972222222,130.43295999999998,0,1,車両相互
2023,33.54772138888889,130.4283575,0,1,車両相互
2023,33.55000638888889,130.44788833333334,0,1,車両相互
2023,33.540818055555555,130.39829388888887,0,1,車両相互
2023,33.547778055555554,130.40478055555556,0,1,人対車両
2023,33.55463833333333,130.43329722222222,0,1,車両相互
2023,33.54018527777777,130.43304944444444,0,1,車両相互
2023,33.53592,130.4240311111111,0,1,人対車両
2023,33.55562305555555,130.4338475,0,1,車両相互
2023,33.52782138888889,130.43341833333335,0,1,車両相互
2023,33.542161111111106,130.42577388888887,0,3,車両相互
2023,33.540281388888886,130.42764499999998,0,1,車両相互
2023,33.536024166666664,130.43037277777776,0,1,車両相互
2023,33.53347194444444,130.42607305555555,0,1,車両相互
2023,33.55825833333333,130.42845027777776,0,2,車両相互
2023,33.57559722222223,130.41334194444445,0,1,人対車両
2023,33.541938333333334,130.42711555555556,0,2,車両相互
2023,33.559930277777774,130.40621166666668,0,1,車両相互
2023,33.55857444444444,130.4252236111111,0,1,車両相互
2023,33.5483525,130.4284386111111,0,1,車両相互
2023,33.54341611111111,130.41426666666666,0,1,車両相互
2023,33.57027583333333,130.41252555555556,0,2,車両相互
2023,33.546816111111106,130.42837944444443,0,1,車両相互
2023,33.5423575,130.39169416666667,0,2,車両相互
2023,33.53693722222222,130.39254777777776,0,1,車両相互
2023,33.52816833333333,130.3966922222222,0,1,人対車両
2023,33.53883361111111,130.42171499999998,0,1,車両相互
2023,33.526107777777774,130.4119877777778,0,1,車両相互
2023,33.5417625,130.42555638888888,0,1,車両相互
2023,33.53914861111111,130.40480611111113,0,4,車両相互
2023,33.53956111111111,130.4023652777778,0,1,車両相互
2023,33.56023083333333,130.42559527777777,0,1,車両相互
2023,33.54320333333333,130.40864916666666,0,1,人対車両
2023,33.564209722222216,130.4184675,0,1,車両相互
2023,33.547778055555554,130.44543944444445,0,1,車両相互
2023,33.53268055555556,130.4011827777778,0,1,車両相互
2023,33.55074361111111,130.44831194444444,0,1,車両相互
2023,33.54188361111111,130.42692277777778,0,1,車両相互
2023,33.5430025,130.43374333333333,0,1,車両相互
2023,33.53773888888889,130.43435527777777,0,1,車両相互
2023,33.566792222222226,130.41730249999998,0,2,車両相互
2023,33.54199666666666,130.4165686111111,0,1,人対車両
2023,33.550419166666664,130.431955,0,1,車両相互
2023,33.569048333333335,130.4186111111111,0,1,車両相互
2023,33.54178583333333,130.4282611111111,0,1,車両相互
2023,33.54648361111111,130.42833027777777,0,1,車両相互
2023,33.55015805555555,130.4327133333333,0,1,車両相互
2023,33.54159555555555,130.43215305555555,0,1,車両相互
2023,33.575320000000005,130.41224861111112,0,1,車両相互
2023,33.555859166666664,130.41472194444444,0,1,車両相互
2023,33.56466805555555,130.4162963888889,0,1,車両相互
2023,33.56732666666667,130.4134175,0,1,人対車両
2023,33.548427499999995,130.44234500000002,0,1,車両相互
2023,33.52740583333333,130.40491833333334,0,1,車両相互
2023,33.543506666666666,130.3900563888889,0,1,車両相互
2023,33.57382194444445,130.4135588888889,0,1,車両相互
2023,33.54302111111111,130.43379083333335,0,1,車両相互
2023,33.549345277777775,130.44720055555555,0,1,車両相互
2023,33.54004166666667,130.42784777777777,0,1,車両相互
2023,33.53603777777778,130.42514527777777,0,1,車両相互
2023,33.55841472222222,130.41173583333335,0,1,車両相互
2023,33.52981194444445,130.4329525,0,1,人対車両
2023,33.541602222222224,130.42088194444443,0,2,車両相互
2023,33.55772111111111,130.4391427777778,0,1,人対車両
2023,33.572906111111116,130.41700972222222,0,1,車両相互
2023,33.57507555555556,130.41237666666666,0,1,車両相互
2023,33.53099861111111,130.40785444444444,0,1,人対車両
2023,33.55381583333333,130.4039136111111,0,1,人対車両
2023,33.53654833333333,130.38981305555555,0,1,車両相互
2023,33.57172666666667,130.42255,0,1,車両相互
2023,33.56744583333334,130.41332027777779,0,1,車両相互
2023,33.540166666666664,130.43888222222222,0,1,車両相互
2023,33.562554444444444,130.24336388888887,0,1,人対車両
2023,33.5682775,130.3187313888889,0,1,車両相互
2023,33.59106638888889,130.3174511111111,0,2,車両相互
2023,33.584698611111115,130.31517722222225,0,1,車両相互
2023,33.58576305555556,130.3317025,0,1,車両相互
2023,33.56866388888889,130.3098077777778,0,1,車両相互
2023,33.57590305555556,130.27870777777778,0,1,人対車両
2023,33.569535,130.31627222222224,0,1,車両相互
2023,33.57354555555556,130.27258277777779,0,1,車両相互
2023,33.564993055555554,130.31024555555555,0,1,車両相互
2023,33.58056944444445,130.2531588888889,0,1,車両相互
2023,33.55558333333333,130.32236055555555,0,1,人対車両
2023,33.591705000000005,130.2321088888889,0,1,車両相互
2023,33.55725388888889,130.31573222222224,0,1,人対車両
2023,33.576998888888895,130.3234263888889,0,1,車両相互
2023,33.58730666666667,130.26501,0,1,人対車両
2023,33.566516666666665,130.24040694444443,0,1,車両相互
2023,33.56299527777777,130.31901305555556,0,1,車両相互
2023,33.564793055555555,130.31036472222223,0,1,車両相互
2023,33.57287222222222,130.278525,0,1,車両相互
2023,33.57714861111111,130.2654725,0,1,車両相互
2023,33.55833416666666,130.31855666666667,0,1,車両相互
2023,33.568243055555556,130.321295,0,1,車両相互
2023,33.55565138888888,130.32372388888888,0,1,車両相互
2023,33.5453925,130.3145677777778,0,1,車両相互
2023,33.55645388888889,130.32053583333334,0,1,車両相互
2023,33.57176777777778,130.24370777777776,0,1,車両相互
2023,33.56912444444445,130.29911388888888,0,1,車両相互
2023,33.57163527777778,130.24325833333333,0,1,車両相互
2023,33.59051055555556,130.22114888888888,0,1,車両相互
2023,33.574196111111114,130.24832555555554,0,1,車両相互
2023,33.615860833333336,130.2318975,0,1,車両相互
2023,33.579150000000006,130.32164138888888,0,1,人対車両
2023,33.576372500000005,130.30930166666667,0,1,車両相互
2023,33.56841194444445,130.31055194444446,0,1,車両相互
2023,33.566159444444445,130.23923027777778,0,3,車両相互
2023,33.57509805555556,130.2738427777778,0,1,車両相互
2023,33.560430555555556,130.31929277777778,0,2,車両相互
2023,33.55299888888889,130.31316916666668,0,1,車両相互
2023,33.55564472222222,130.31203972222224,0,3,車両相互
2023,33.643500277777775,130.2020472222222,0,2,車両相互
2023,33.55911,130.31159972222224,0,2,車両相互
2023,33.58179666666667,130.26754611111113,0,2,車両相互
2023,33.58063055555556,130.27407000000002,0,1,車両相互
2023,33.56668222222223,130.31782527777779,0,1,車両相互
2023,33.56576555555555,130.31318583333334,0,1,車両相互
2023,33.56650944444444,130.3177738888889,0,1,車両相互
2023,33.578404722222224,130.323335,0,1,車両相互
2023,33.57337638888889,130.257275,0,2,車両相互
2023,33.57248805555556,130.27085555555556,0,1,車両相互
2023,33.58770333333334,130.31878277777778,0,1,車両相互
2023,33.57237416666667,130.28658,0,1,車両相互
2023,33.57232638888889,130.27266805555556,0,1,車両相互
2023,33.58431,130.32182722222223,0,1,車両相互
2023,33.56847416666667,130.31481055555557,0,1,車両相互
2023,33.55883055555555,130.31577555555558,0,1,人対車両
2023,33.55671333333333,130.30982305555557,0,1,人対車両
2023,33.559598333333334,130.31119555555557,0,1,車両相互
2023,33.568128333333334,130.24220055555554,0,2,車両相互
2023,33.56567027777778,130.29549111111112,0,1,車両相互
2023,33.57793,130.2579575,0,1,人対車両
2023,33.55887805555555,130.31422333333333,0,1,人対車両
2023,33.58091916666667,130.3341163888889,0,1,車両相互
2023,33.56834944444445,130.31622944444445,0,2,車両相互
2023,33.590342222222226,130.2342833333333,0,1,車両相互
2023,33.57609666666667,130.30743111111113,0,1,車両相互
2023,33.56955972222222,130.29714638888888,0,1,車両相互
2023,33.56822666666667,130.3176886111111,0,1,車両相互
2023,33.56810666666667,130.32601499999998,0,1,車両相互
2023,33.56135388888889,130.3174036111111,0,1,人対車両
2023,33.57996555555556,130.28129750000002,0,1,人対車両
2023,33.57177388888889,130.31714888888888,0,1,車両相互
2023,33.58040888888889,130.3223277777778,0,1,人対車両
2023,33.57123694444445,130.31554555555556,0,1,車両相互
2023,33.58018916666667,130.27785805555555,0,1,車両相互
2023,33.578563611111115,130.26823166666668,0,1,車両相互
2023,33.57275555555556,130.2792102777778,0,2,車両相互
2023,33.56955000000001,130.29644805555554,0,1,車両相互
2023,33.575365277777784,130.31530166666667,0,1,車両相互
2023,33.57917972222223,130.26572944444445,0,1,車両相互
2023,33.58744277777778,130.26324,0,1,車両相互
2023,33.55355861111111,130.38800583333332,0,1,人対車両
2023,33.55202277777777,130.36970694444446,0,1,車両相互
2023,33.55762083333333,130.3847663888889,0,1,車両相互
2023,33.570748333333334,130.36905611111112,0,1,車両相互
2023,33.57070027777778,130.35800305555554,0,1,車両相互
2023,33.553465833333334,130.38719805555556,0,1,車両相互
2023,33.57376027777778,130.37109916666668,0,1,車両相互
2023,33.546954166666666,130.35047805555556,0,1,車両相互
2023,33.545919999999995,130.3658011111111,0,1,車両相互
2023,33.54767666666667,130.37023916666666,0,1,車両相互
2023,33.55283305555555,130.38118694444447,0,1,車両相互
2023,33.55868888888889,130.38789055555554,0,1,車両相互
2023,33.54575583333333,130.35510833333333,0,1,車両相互
2023,33.557539166666665,130.38601805555555,0,1,車両相互
2023,33.57646750000001,130.3705138888889,0,1,車両相互
2023,33.577505,130.36777111111113,0,1,車両相互
2023,33.54969194444444,130.37944722222224,0,1,車両相互
2023,33.54969111111111,130.37949527777778,0,1,車両相互
2023,33.573148611111115,130.36733916666668,0,2,車両相互
2023,33.55250944444444,130.37816555555557,0,1,車両相互
2023,33.538626388888886,130.37691805555556,0,1,車両相互
2023,33.573101944444446,130.36696694444444,0,1,人対車両
2023,33.576080833333336,130.37311027777778,0,1,車両相互
2023,33.55238166666666,130.37497472222222,0,2,車両相互
2023,33.54528305555555,130.3756461111111,0,4,車両相互
2023,33.552054166666665,130.37008305555557,0,2,車両相互
2023,33.560595,130.37605277777777,0,1,車両相互
2023,33.53820972222222,130.37998916666666,0,3,車両相互
2023,33.55273111111111,130.37925805555557,0,1,車両相互
2023,33.57305527777778,130.36695944444446,0,2,車両相互
2023,33.54548888888889,130.35575083333333,0,1,車両相互
2023,33.57366805555556,130.3685538888889,0,1,車両相互
2023,33.549415833333335,130.38636166666666,0,1,車両相互
2023,33.552259444444445,130.3729813888889,0,1,車両相互
2023,33.56452083333333,130.36347833333332,0,1,人対車両
2023,33.57333944444445,130.36811333333335,0,1,車両相互
2023,33.56013305555555,130.3750525,0,1,人対車両
2023,33.555679722222216,130.37765944444445,0,1,人対車両
2023,33.569523333333336,130.35932916666667,0,1,車両相互
2023,33.5416275,130.38811222222222,0,1,人対車両
2023,33.569206111111114,130.37569333333334,0,1,車両相互
2023,33.76087694444445,130.4768913888889,0,1,車両相互
2023,33.79848472222222,130.46773638888888,0,1,人対車両
2023,33.76242,130.47766722222224,0,2,車両相互
2023,33.76724027777777,130.49060999999998,0,1,人対車両
2023,33.754573055555554,130.49656472222222,0,1,車両相互
2023,33.753255833333334,130.49261583333333,0,1,車両相互
2023,33.76295527777778,130.48055527777777,0,1,車両相互
2023,33.76258722222222,130.4928363888889,0,1,車両相互
2023,33.77094916666667,130.49670638888887,0,1,車両相互
2023,33.769354166666666,130.48856888888886,0,1,人対車両
2023,33.75649333333333,130.49737,0,1,車両相互
2023,33.748197222222224,130.49036555555554,0,1,車両相互
2023,33.77008277777778,130.4728763888889,0,1,人対車両
2023,33.50894611111111,130.49522638888888,0,2,車両相互
2023,33.51353833333334,130.4896211111111,0,1,車両相互
2023,33.51596194444444,130.49300694444443,0,1,車両相互
2023,33.530898888888885,130.4909847222222,0,1,車両相互
2023,33.52059694444444,130.4994861111111,0,1,車両相互
2023,33.446999166666664,130.48047861111112,0,1,車両相互
2023,33.525465,130.49428555555554,0,1,車両相互
2023,33.52881166666666,130.49372583333331,0,1,車両相互
2023,33.50018444444444,130.48633055555555,0,1,人対車両
2023,33.524927222222225,130.49704888888888,0,1,人対車両
2023,33.524749166666666,130.49528916666665,0,1,車両相互
2023,33.50680138888889,130.49674055555553,0,1,人対車両
2023,33.559243888888886,130.20994666666667,0,1,人対車両
2023,33.58844333333334,130.18419333333333,0,1,車両相互
2023,33.549544999999995,130.18477777777778,0,1,車両相互
2023,33.548275555555556,130.21127777777775,0,1,車両相互
2023,33.545314166666664,130.24864944444442,0,1,車両相互
2023,33.54406833333333,130.1750547222222,0,1,人対車両
2023,33.54910861111111,130.19418194444444,0,1,車両相互
2023,33.51326861111111,130.136645,0,2,車両相互
2023,33.538866388888884,130.25637722222223,0,1,車両相互
2023,33.54987027777778,130.21656055555553,0,1,車両相互
2023,33.53909861111111,130.22251277777778,0,1,車両相互
2023,33.521746388888886,130.16585416666666,0,2,車両相互
2023,33.54201083333333,130.15500083333333,0,1,人対車両
2023,33.557205277777776,130.19752166666666,0,2,車両相互
2023,33.56330194444444,130.23598416666664,0,1,車両相互
2023,33.5144,130.13793916666665,0,2,車両相互
2023,33.573461944444446,130.18211,0,1,人対車両
2023,33.55703305555555,130.22824055555554,0,1,車両相互
2023,33.55182444444444,130.18702833333333,0,1,人対車両
2023,33.494280833333335,130.18703,0,2,車両相互
2023,33.57416194444445,130.1878375,0,1,車両相互
2023,33.56558694444444,130.22699166666666,0,1,車両相互
2023,33.55000138888889,130.2477661111111,0,1,車両相互
2023,33.547624166666665,130.1945886111111,0,1,車両相互
2023,33.51159527777778,130.1914561111111,0,1,人対車両
2023,33.53641972222222,130.1880238888889,0,1,車両相互
2023,33.549704444444444,130.24769666666666,0,1,車両相互
2023,33.517782499999996,130.139635,0,1,人対車両
2023,33.54509888888889,130.19649361111112,0,2,車両相互
2023,33.54747111111111,130.24049749999998,0,1,車両相互
2023,33.55153694444444,130.22024277777777,0,1,車両相互
2023,33.56555472222222,130.224565,0,1,車両相互
2023,33.570641944444446,130.2366011111111,0,1,車両相互
2023,33.560404444444444,130.20591138888886,0,1,車両相互
2023,33.55695305555555,130.19651861111112,0,1,車両相互
2023,33.54700972222222,130.17736499999998,0,1,人対車両
2023,33.54745305555555,130.1665138888889,0,1,車両相互
2023,33.5491025,130.19700777777777,0,1,車両相互
2023,33.53284166666666,130.28193222222222,0,2,車両単独
2023,33.55080944444444,130.21812500000001,0,2,車両相互
2023,33.604106111111115,130.45496805555555,0,1,車両相互
2023,33.578200833333334,130.49568083333332,0,1,車両相互
2023,33.6206425,130.48963944444444,0,1,車両相互
2023,33.729884722222224,130.47010444444444,0,1,車両相互
2023,33.653684999999996,130.48782583333332,0,1,車両相互
2023,33.71172222222223,130.44355055555556,0,1,車両相互
2023,33.611719722222226,130.46221722222222,0,1,車両相互
2023,33.583846111111114,130.4866486111111,0,1,車両相互
2023,33.60519416666667,130.45649916666665,0,1,車両相互
2023,33.70664583333333,130.4526261111111,0,1,車両相互
2023,33.583176944444446,130.48056472222223,0,1,車両相互
2023,33.60987027777778,130.4518361111111,0,1,車両相互
2023,33.61450055555556,130.46781611111112,0,1,車両相互
2023,33.737860833333336,130.48246111111112,0,1,人対車両
2023,33.657576666666664,130.48943777777777,0,2,車両相互
2023,33.613240833333336,130.4724213888889,0,1,車両相互
2023,33.70024083333334,130.45313555555555,0,1,車両相互
2023,33.60194027777778,130.45209194444442,0,1,車両相互
2023,33.70073361111111,130.47531527777778,0,2,車両相互
2023,33.73546888888889,130.4653136111111,0,2,車両相互
2023,33.58142527777778,130.4838372222222,0,1,車両相互
2023,33.601794444444444,130.46233777777778,0,1,人対車両
2023,33.698249999999994,130.45174388888887,0,2,車両相互
2023,33.62063305555556,130.47362416666667,0,1,車両単独
2023,33.69107361111111,130.48735722222222,0,4,車両相互
2023,33.61813638888889,130.48079666666666,0,1,車両相互
2023,33.65733861111111,130.48953944444443,0,1,人対車両
2023,33.71472166666667,130.45054499999998,0,2,車両相互
2023,33.57190805555556,130.49258527777778,0,2,車両相互
2023,33.6573075,130.48944305555554,0,1,車両相互
2023,33.706743055555556,130.45434777777777,0,2,車両相互
2023,33.61414666666667,130.45833833333333,0,1,車両相互
2023,33.58257944444445,130.4805252777778,0,2,車両相互
2023,33.6028425,130.47360305555557,0,3,車両相互
2023,33.59155472222223,130.48841083333332,0,2,車両相互
2023,33.60680861111111,130.45125694444442,0,2,車両相互
2023,33.709877222222225,130.4509686111111,0,2,車両相互
2023,33.60990861111111,130.45295055555553,0,1,車両相互
2023,33.58524277777778,130.47967777777777,1,5,車両相互
2023,33.58549916666667,130.4796411111111,0,1,車両相互
2023,33.693412499999994,130.45075694444444,0,1,車両相互
2023,33.59279777777778,130.49259555555554,0,1,車両相互
2023,33.63001055555556,130.47809944444444,0,1,車両相互
2023,33.599468333333334,130.46686444444444,0,1,車両相互
2023,33.6691025,130.48525416666666,0,1,車両相互
2023,33.59981638888889,130.47142555555556,0,5,車両相互
2023,33.604237777777776,130.45520194444444,0,1,車両相互
2023,33.60758,130.44272750000002,0,1,車両相互
2023,33.72159361111111,130.4759138888889,0,1,車両相互
2023,33.613620000000004,130.44498472222222,0,1,車両相互
2023,33.74881388888889,130.47214222222223,0,1,人対車両
2023,33.73422388888889,130.48496166666666,0,1,車両相互
2023,33.72920138888889,130.47067194444443,0,1,車両相互
2023,33.61628638888889,130.47845416666667,0,1,人対車両
2023,33.626247222222226,130.46793333333335,0,1,車両相互
2023,33.69569694444444,130.4505586111111,0,1,車両相互
2023,33.62828916666667,130.47747222222222,0,1,車両相互
2023,33.73715777777778,130.4828447222222,0,2,車両相互
2023,33.61353555555556,130.47998222222222,0,1,車両単独
2023,33.65177277777778,130.49185638888886,0,1,車両相互
2023,33.59068916666667,130.47815722222222,0,1,車両相互
2023,33.61801777777778,130.48841777777776,0,1,車両相互
2023,33.60185138888889,130.46341527777776,0,2,車両相互
2023,33.703112222222224,130.45446027777777,0,1,車両相互
2023,33.59568111111111,130.4910975,0,1,車両相互
2023,33.62274444444444,130.4960358333333,0,2,車両相互
2023,33.605449444444446,130.49365666666665,0,1,車両相互
2023,33.601995,130.45216277777777,0,1,車両相互
2023,33.59859638888889,130.48280944444446,0,1,車両相互
2023,33.62812527777778,130.4961647222222,0,3,車両相互
2023,33.70363583333334,130.45167388888888,0,1,車両相互
2023,33.59515777777778,130.47550333333334,0,1,車両相互
2023,33.60084361111111,130.46452305555553,0,1,人対車両
2023,33.62953138888889,130.4779902777778,0,1,車両相互
2023,33.61079083333333,130.45684777777777,0,1,車両相互
2023,33.61320611111111,130.47247333333334,0,1,車両相互
2023,33.613552222222225,130.47331027777778,0,1,人対車両
2023,33.60191277777778,130.45170666666667,0,1,車両相互
2023,33.59648222222223,130.47734,0,1,車両相互
2023,33.58571916666667,130.48035638888888,0,1,車両相互
2023,33.7034,130.45418277777776,0,1,車両相互
2023,33.60933416666667,130.44894166666668,0,1,車両相互
2023,33.709716944444445,130.43031083333332,0,1,人対車両
2023,33.624209444444446,130.49613194444444,0,1,車両相互
2023,33.577583888888896,130.49612916666666,0,1,車両相互
2023,33.61553305555556,130.47890666666666,0,1,人対車両
2023,33.52224694444444,130.43992722222222,0,1,車両相互
2023,33.52351111111111,130.43574777777778,0,2,車両相互
2023,33.547086666666665,130.449105,0,1,車両相互
2023,33.53982805555555,130.48706194444443,0,1,車両相互
2023,33.50614638888889,130.48151583333333,0,1,人対車両
2023,33.51728861111111,130.45078333333333,0,1,車両相互
2023,33.531596666666665,130.48529916666666,0,1,車両相互
2023,33.53078,130.46206833333332,0,1,車両相互
2023,33.51036916666666,130.46085277777777,0,1,車両相互
2023,33.516796666666664,130.4689072222222,0,4,車両相互
2023,33.51778111111111,130.4821263888889,0,1,車両相互
2023,33.5249825,130.46706194444445,0,1,人対車両
2023,33.54439138888889,130.44751805555555,0,1,車両相互
2023,33.550461388888884,130.49528777777778,0,1,車両相互
2023,33.550670277777776,130.4790811111111,0,1,車両相互
2023,33.52467277777777,130.4367688888889,0,1,車両相互
2023,33.505583888888886,130.48120055555555,0,1,車両相互
2023,33.516750555555554,130.42358583333333,0,1,人対車両
2023,33.52697666666666,130.42493805555554,0,1,車両相互
2023,33.54529611111111,130.4463413888889,0,1,車両相互
2023,33.527815,130.4660386111111,0,1,車両相互
2023,33.55024083333333,130.48231166666667,0,1,車両相互
2023,33.532375277777774,130.4427363888889,0,1,車両相互
2023,33.51155583333333,130.43506611111113,0,1,車両相互
2023,33.50863888888889,130.4506788888889,0,1,車両相互
2023,33.5207925,130.45286833333333,0,1,車両相互
2023,33.517345,130.42233277777777,0,1,車両相互
2023,33.54666777777778,130.44449277777778,0,1,車両相互
2023,33.55517527777778,130.47110361111112,0,1,車両相互
2023,33.53587694444444,130.48440472222222,0,1,車両相互
2023,33.488614444444444,130.41647,0,1,車両相互
2023,33.53036972222222,130.4692536111111,0,1,車両相互
2023,33.51792916666667,130.45452333333333,0,2,車両相互
2023,33.51368083333333,130.46442277777777,0,1,車両相互
2023,33.54041611111111,130.4851975,0,1,車両相互
2023,33.53518388888889,130.4681852777778,0,1,車両相互
2023,33.534283055555555,130.49102027777778,0,1,車両相互
2023,33.522974166666664,130.43467527777779,0,1,車両相互
2023,33.527703055555556,130.44635916666667,0,1,車両相互
2023,33.5172525,130.44375,0,1,車両相互
2023,33.52617861111111,130.47025722222222,0,3,車両相互
2023,33.508521944444446,130.45477333333332,0,1,車両相互
2023,33.547089444444445,130.48469749999998,0,1,人対車両
2023,33.53439111111111,130.4888847222222,0,1,車両相互
2023,33.505587222222225,130.42470416666666,0,1,車両相互
2023,33.5176825,130.43491694444444,0,1,車両相互
2023,33.54508166666667,130.48403472222222,0,1,車両相互
2023,33.51717611111111,130.44462722222224,0,7,車両相互
2023,33.528282499999996,130.4566822222222,0,1,車両相互
2023,33.540371666666665,130.48350388888886,0,1,人対車両
2023,33.485557222222226,130.39349805555554,0,1,車両相互
2023,33.51855083333333,130.43831055555555,0,1,車両相互
2023,33.533008333333335,130.48964666666666,0,2,車両相互
2023,33.5164725,130.46764777777778,0,1,車両相互
2023,33.504127777777775,130.4587958333333,0,1,人対車両
2023,33.53256777777778,130.48696833333332,0,1,車両相互
2023,33.51716305555556,130.44784305555555,0,2,車両相互
2023,33.5444825,130.4474397222222,0,2,車両相互
2023,33.525260277777775,130.47932972222222,0,1,人対車両
2023,33.53182833333333,130.48541555555553,0,2,車両相互
2023,33.52018111111111,130.48816916666667,0,1,車両相互
2023,33.52822527777778,130.4654347222222,0,1,車両相互
2023,33.510081666666665,130.46741444444444,0,1,車両相互
2023,33.544377222222224,130.48630638888886,0,1,車両相互
2023,33.52554972222222,130.46754166666668,0,1,車両相互
2023,33.5166575,130.4475627777778,0,1,車両相互
2023,33.519711944444445,130.4358225,0,1,車両相互
2023,33.52467222222222,130.45234,0,1,人対車両
2023,33.536807499999995,130.4553636111111,0,2,車両相互
2023,33.52539083333333,130.46906555555555,0,1,車両相互
2023,33.528773055555554,130.4644611111111,0,1,車両相互
2023,33.53671333333333,130.48908083333333,0,1,車両相互
2023,33.526604166666665,130.44381027777777,0,3,車両相互
2023,33.518571944444446,130.4533422222222,0,1,車両相互
2023,33.53753611111111,130.48803694444442,0,1,車両相互
2023,33.50837555555555,130.43621194444444,0,1,車両相互
2023,33.53499166666666,130.48114166666667,0,1,車両相互
2023,33.55931777777778,130.4653525,0,2,車両相互
2023,33.507040555555555,130.48477194444442,0,3,車両相互
2023,33.54693944444444,130.49597777777777,0,1,車両相互
2023,33.53560861111111,130.4592822222222,0,1,人対車両
2023,33.50892666666667,130.44812444444446,0,2,車両相互
2023,33.52971083333333,130.45223083333332,0,1,車両相互
2023,33.51433222222222,130.45837944444443,0,1,車両相互
2023,33.5231025,130.47303472222222,0,1,車両相互
2023,33.514715555555554,130.47397805555556,0,1,車両相互
2023,33.53530722222222,130.4680727777778,0,1,車両相互
2023,33.53666638888889,130.46111333333332,0,1,車両相互
2023,33.51599222222222,130.43584361111112,0,1,車両相互
2023,33.50823611111111,130.44430861111113,0,1,車両相互
2023,33.50506638888889,130.40978777777778,0,1,車両相互
2023,33.52403472222222,130.45018499999998,0,1,車両相互
2023,33.54495083333333,130.47802083333335,0,1,車両相互
2023,33.52959194444444,130.48778055555553,0,1,人対車両
2023,33.51674666666666,130.44251944444446,0,1,人対車両
2023,33.51685444444444,130.46842138888888,0,3,車両相互
2023,33.549681388888885,130.48284972222223,0,1,車両相互
2023,33.520405277777776,130.4848397222222,0,1,車両相互
2023,33.25714388888889,130.42966527777776,0,1,車両相互
2023,33.28247888888889,130.46928555555556,0,1,車両相互
2023,33.27440111111111,130.47394083333333,0,1,車両相互
2023,33.268679444444444,130.47671527777777,0,1,車両相互
2023,33.244396111111115,130.39840138888889,0,1,車両相互
2023,33.24547972222222,130.42012722222222,0,1,車両相互
2023,33.31200027777778,130.49570333333332,0,1,車両相互
2023,33.31454305555555,130.48853388888887,0,1,車両相互
2023,33.252585,130.41921888888888,0,1,車両相互
2023,33.25174194444445,130.49122694444443,0,1,車両相互
2023,33.29767944444444,130.49747749999997,0,1,車両相互
2023,33.25131861111111,130.42198083333332,0,1,車両相互
2023,33.248017222222224,130.40616833333334,0,1,車両相互
2023,33.235929722222224,130.4320061111111,0,1,車両相互
2023,33.26693222222222,130.49220305555554,0,2,車両相互
2023,33.32434083333334,130.49386888888887,0,1,車両相互
2023,33.28023916666667,130.45591777777776,0,1,車両相互
2023,33.17436,130.4753975,0,1,車両相互
2023,33.19376055555555,130.37952833333335,0,3,車両相互
2023,33.21969277777778,130.40645944444444,0,1,車両相互
2023,33.20989,130.49185944444443,0,1,車両相互
2023,33.20807777777778,130.3787102777778,0,1,車両相互
2023,33.18524055555555,130.3872338888889,0,1,車両相互
2023,33.20334777777778,130.3882325,0,1,車両相互
2023,33.214377222222225,130.44448944444446,0,3,車両相互
2023,33.234814166666666,130.48641305555554,0,1,車両相互
2023,33.222684722222226,130.43657166666668,0,1,車両相互
2023,33.20964111111111,130.44845083333334,0,1,車両相互
2023,33.217223611111116,130.48244722222222,0,1,車両相互
2023,33.20948472222223,130.37703611111112,0,1,車両相互
2023,33.226438055555555,130.4948836111111,0,1,車両相互
2023,33.199732777777776,130.4839411111111,0,1,車両相互
2023,33.22284833333334,130.49092777777776,0,1,車両相互
2023,33.24388416666667,130.48950027777775,0,1,車両相互
2023,33.206604444444444,130.38057555555557,0,1,人対車両
2023,33.21244555555556,130.38195444444446,0,1,車両相互
2023,33.18885638888889,130.48891916666665,0,1,人対車両
2023,33.21719138888889,130.45722166666667,0,1,人対車両
2023,33.20864027777778,130.3780436111111,0,1,車両相互
2023,33.20017666666667,130.38446222222223,0,1,車両相互
2023,33.21704833333334,130.49403027777777,0,1,人対車両
2023,33.19596305555555,130.36005194444445,0,1,人対車両
2023,33.20750277777778,130.370235,0,1,車両相互
2023,33.21879694444445,130.40656083333334,0,1,車両相互
2023,33.19433833333333,130.48993944444445,0,3,車両相互
2023,33.1537,130.43716333333333,0,1,車両相互
2023,33.15510027777778,130.42183027777776,0,1,車両相互
2023,33.179358611111105,130.41261166666666,0,2,車両相互
2023,33.15886777777778,130.4106988888889,0,1,車両相互
2023,33.155140555555555,130.47752166666666,0,2,車両相互
2023,33.17439777777778,130.42243055555554,0,1,車両相互
2023,33.107505555555555,130.4624313888889,0,1,車両相互
2023,33.16021861111111,130.40038472222224,0,2,車両相互
2023,33.13233888888889,130.41630527777778,0,2,車両相互
2023,33.15065611111111,130.47093,0,1,車両相互
2023,33.1642475,130.43730250000002,0,1,車両相互
2023,33.16657138888889,130.42194194444443,0,1,車両相互
2023,33.125729722222225,130.46531277777777,0,1,車両相互
2023,33.17430638888889,130.41559305555555,0,1,車両相互
2023,33.103655555555555,130.44102138888888,0,1,車両相互
2023,33.17903527777778,130.45044416666664,0,1,車両相互
2023,33.16337611111111,130.3956963888889,0,1,車両相互
2023,33.16111333333333,130.3955661111111,0,2,車両相互
2023,33.15949777777777,130.37789555555557,0,1,車両相互
2023,33.17261638888888,130.41706638888888,0,1,車両相互
2023,33.09048833333333,130.4420352777778,0,3,車両相互
2023,33.16191972222222,130.46628527777776,0,1,車両相互
2023,33.15898416666666,130.4107538888889,0,1,車両相互
2023,33.150288055555556,130.47345388888888,0,2,車両相互
2023,33.16820666666666,130.4847333333333,0,2,車両相互
2023,33.16469472222222,130.49927583333331,0,2,車両相互
2023,33.11048527777778,130.47410527777777,0,1,車両相互
2023,33.16526555555556,130.41849222222223,0,1,車両相互
2023,33.16525277777777,130.43007333333333,0,1,車両相互
2023,33.040748055555554,130.44417305555555,0,1,車両相互
2023,33.036203888888885,130.46850166666667,0,1,車両相互
2023,33.03564083333333,130.44436638888888,0,1,車両相互
2023,33.028055,130.4496797222222,0,1,人対車両
2023,33.04076305555555,130.45425027777776,0,3,車両相互
2023,33.06867861111112,130.4806188888889,0,1,車両相互
2023,33.061617777777776,130.4792388888889,0,2,車両相互
2023,33.0452375,130.46692472222222,0,1,車両相互
2023,33.06594972222222,130.48068972222222,0,2,車両相互
2023,33.05407333333333,130.4642375,0,1,車両相互
2023,33.027743055555554,130.44410638888888,0,1,車両相互
2023,33.055031944444444,130.4793,0,3,車両相互
2023,33.08322944444445,130.46725111111112,0,2,車両相互
2023,33.03433833333333,130.48567944444443,0,1,車両相互
2023,33.063538888888885,130.4671711111111,0,1,車両相互
2023,33.068265833333335,130.48060694444445,0,1,車両相互
2023,33.05437638888888,130.4642697222222,0,1,車両相互
2023,33.05500305555555,130.443695,0,1,車両相互
2023,33.04327277777777,130.46568944444442,0,1,車両相互
2023,33.05493638888888,130.4709286111111,0,1,車両相互
2023,33.03948888888889,130.45428444444443,0,3,車両相互
2023,33.01297944444445,130.4503272222222,0,1,人対車両
2023,33.04984833333333,130.46787694444444,0,1,人対車両
2023,33.025996666666664,130.45092944444443,0,1,車両相互
2023,33.00526055555556,130.46210805555555,0,1,車両相互
2023,33.06928638888889,130.4395325,0,2,人対車両
2023,33.37949444444445,130.47673277777778,0,1,車両単独
2023,33.26792472222222,130.3433975,0,1,車両相互
2023,33.30788388888889,130.3766425,0,1,車両相互
2023,33.304406666666665,130.3956275,0,2,車両相互
2023,33.34972472222223,130.41068444444446,0,1,車両相互
2023,33.26794888888889,130.34342555555557,0,1,車両相互
2023,33.34446805555556,130.37836472222222,0,1,車両相互
2023,33.2893075,130.37737777777778,0,2,車両相互
2023,33.30641416666666,130.39916472222222,0,2,車両相互
2023,33.33486472222222,130.3918111111111,0,1,車両相互
2023,33.26864527777778,130.38361638888887,0,2,車両相互
2023,33.32952194444445,130.3493077777778,0,1,車両相互
2023,33.260805,130.39090944444445,0,1,車両相互
2023,33.300691944444445,130.3806463888889,0,1,車両相互
2023,33.348778333333335,130.39985638888888,0,4,車両相互
2023,33.315305555555554,130.37784055555557,0,1,車両相互
2023,33.31190972222222,130.37354666666667,0,1,車両相互
2023,33.31527111111111,130.37783000000002,0,1,車両相互
2023,33.293531944444446,130.3570036111111,0,3,車両相互
2023,33.32702805555556,130.40804500000002,0,2,車両相互
2023,33.34528111111111,130.4534325,0,1,車両相互
2023,33.29671666666666,130.42637055555554,0,2,車両相互
2023,33.33960444444445,130.44288194444445,0,1,人対車両
2023,33.36082888888889,130.49577527777777,0,1,人対車両
2023,33.38506111111111,130.49960194444444,0,1,車両相互
2023,33.28892555555555,130.41966722222222,0,2,車両相互
2023,33.35308027777778,130.49547666666666,0,1,人対車両
2023,33.36785583333334,130.49932527777776,0,1,車両相互
2023,33.36205888888889,130.49768416666666,0,2,車両相互
2023,33.355275,130.4787,0,1,車両相互
2023,33.29753777777778,130.44409333333334,0,1,車両相互
2023,33.38157388888889,130.49921666666665,0,1,車両相互
2023,33.354083611111115,130.47405361111112,0,1,車両相互
2023,33.34995416666667,130.48552777777778,0,1,車両相互
2023,33.301786944444444,130.45255055555555,0,1,車両相互
2023,33.38775916666667,130.49986249999998,0,2,車両相互
2023,33.34741888888889,130.4961072222222,0,1,車両相互
2023,33.31558583333333,130.4860772222222,0,1,車両相互
2023,33.30217944444444,130.45280305555553,0,1,車両相互
2023,33.356614444444446,130.4842622222222,0,1,車両相互
2023,33.32257333333334,130.47104027777777,0,1,車両相互
2023,33.37762361111111,130.4999758333333,0,1,車両相互
2023,33.32895555555556,130.47444944444445,0,2,車両相互
2023,33.319675833333335,130.4407563888889,0,1,車両相互
2023,33.332253333333334,130.41687777777776,0,1,車両相互
2023,33.31175888888889,130.41233805555555,0,1,車両相互
2023,33.373776666666664,130.49710472222222,0,2,車両相互
2023,33.32099111111111,130.47949694444443,0,4,車両相互
2023,33.357930555555555,130.49639472222222,1,0,車両単独
2023,33.35243583333334,130.4672686111111,0,1,車両相互
2023,33.29429861111111,130.42924666666667,0,1,車両相互
2023,33.358469722222225,130.49131972222222,0,1,車両相互
2023,33.367551666666664,130.4994036111111,0,1,車両相互
2023,33.344635833333335,130.45209055555554,0,2,車両相互
2023,33.28326138888889,130.14333416666665,0,1,車両相互
2023,33.28801305555555,130.22113416666667,0,1,車両相互
2023,33.242940000000004,130.18588722222222,0,1,車両相互
2023,33.26372638888889,130.23794416666667,0,2,車両相互
2023,33.25292694444445,130.2034897222222,0,1,車両相互
2023,33.28788861111111,130.206575,0,1,車両相互
2023,33.22145694444445,130.2201,0,1,車両相互
2023,33.30342888888889,130.20343333333332,0,1,車両相互
2023,33.27265694444444,130.1913702777778,0,1,車両相互
2023,33.24530138888889,130.1891177777778,0,1,車両相互
2023,33.299074999999995,130.21893500000002,0,1,車両相互
2023,33.29860083333333,130.084955,0,1,人対車両
2023,33.46564277777778,129.95452916666665,0,1,人対車両
2023,33.51475,129.9077761111111,0,1,車両相互
2023,33.447959999999995,129.98668555555554,0,1,車両相互
2023,33.42283694444444,129.86307194444444,0,2,車両相互
2023,33.44351277777778,129.96603777777776,0,1,車両相互
2023,33.43102138888889,129.98920888888887,0,1,車両相互
2023,33.420878333333334,129.98682666666664,0,1,車両相互
2023,33.41451,129.91099805555555,0,1,車両相互
2023,33.44459277777777,129.95728194444445,0,1,車両相互
2023,33.546464444444446,129.8911775,0,3,車両単独
2023,33.46644416666667,129.95785027777777,0,2,車両相互
2023,33.43896194444444,130.0180525,0,1,車両相互
2023,33.45364305555556,129.96754722222224,0,2,車両相互
2023,33.41160444444444,129.98014527777778,0,1,車両相互
2023,33.44920361111111,129.96900166666666,0,1,人対車両
2023,33.539521388888886,129.85895583333334,0,1,車両相互
2023,33.43235527777777,129.995805,0,1,車両相互
2023,33.40215805555555,129.96678944444446,0,1,車両相互
2023,33.437965,130.0352227777778,0,1,車両相互
2023,33.42873833333333,129.9828511111111,0,1,車両相互
2023,33.44799944444444,129.97511583333335,0,1,車両相互
2023,33.41543333333333,129.9949988888889,0,1,車両相互
2023,33.36919916666667,130.0040686111111,0,2,車両相互
2023,33.47994555555556,129.93553805555555,0,1,車両相互
2023,33.397103055555554,129.9781225,0,1,車両相互
2023,33.43553444444444,130.0097438888889,0,2,車両相互
2023,33.4441625,129.95825333333332,0,1,車両相互
2023,33.44878527777777,129.97371055555556,0,1,車両相互
2023,33.52804916666667,129.89250805555554,0,1,人対車両
2023,33.480043055555555,129.93553416666668,0,1,車両相互
2023,33.426850277777774,129.8546086111111,0,1,車両相互
2023,33.46203361111112,129.94041055555556,0,2,車両相互
2023,33.26822166666667,129.85749055555556,0,1,車両相互
2023,33.28102972222222,129.88541555555554,0,1,人対車両
2023,33.26442472222222,129.89204388888888,0,1,人対車両
2023,33.298765833333334,129.97408805555557,0,1,車両相互
2023,33.273668888888885,129.8510586111111,0,1,車両相互
2023,33.27481861111111,129.88527833333333,0,1,車両相互
2023,33.2683775,129.87848222222223,0,2,車両相互
2023,33.190461388888885,129.861075,0,1,車両相互
2023,33.333287500000004,129.8434736111111,0,1,車両相互
2023,33.26739305555555,129.86171861111112,0,4,車両相互
2023,33.27995861111111,129.8445411111111,0,1,車両相互
2023,33.18984888888888,129.8755875,0,1,人対車両
2023,33.181308888888886,129.88587555555554,0,2,車両相互
2023,33.263891944444445,129.8918286111111,0,1,車両相互
2023,33.26117027777778,129.88388027777776,0,1,人対車両
2023,33.28506833333333,129.83722861111113,0,1,車両相互
2023,33.19668833333333,129.86550111111112,0,1,車両相互
2023,33.22883527777778,129.91948333333332,0,1,車両相互
2023,33.25346972222222,129.85378194444445,0,1,車両相互
2023,33.305861111111106,129.91615666666667,0,1,車両相互
2023,33.272842499999996,129.89024722222223,0,1,車両相互
2023,33.18692833333333,129.8716363888889,0,1,人対車両
2023,33.274966666666664,129.87105861111112,0,1,人対車両
2023,33.29284166666667,129.9098886111111,0,2,車両相互
2023,33.19656388888889,130.0242202777778,0,1,車両相互
2023,33.19527444444444,130.02018333333334,0,1,車両相互
2023,33.156369999999995,129.99785888888889,0,1,車両相互
2023,33.19582861111111,130.0507763888889,0,1,車両相互
2023,33.25989777777778,130.0058025,0,1,車両単独
2023,33.19407555555555,130.01780166666668,0,2,車両相互
2023,33.216923333333334,130.08063555555555,0,1,車両相互
2023,33.199549166666664,130.0337622222222,0,1,車両相互
2023,33.22627333333334,130.02505583333334,0,1,車両相互
2023,33.23903888888889,129.96107166666667,0,1,車両相互
2023,33.19548694444444,130.02069,0,3,車両単独
2023,33.20695722222222,130.04715444444443,0,1,車両相互
2023,33.22038944444444,130.06801805555554,0,4,車両相互
2023,33.1887275,130.02160694444447,0,1,人対車両
2023,33.19701333333333,130.0230602777778,0,1,車両相互
2023,33.18563083333333,130.03738638888888,0,1,車両相互
2023,33.19667027777778,130.02305194444446,0,1,車両相互
2023,33.177858611111105,130.04576666666665,0,2,車両相互
2023,33.19779333333333,130.0319775,0,1,車両相互
2023,33.21335666666667,130.11314805555554,0,1,車両相互
2023,33.220553055555555,130.1789775,0,1,車両相互
2023,33.21854138888889,130.14141999999998,0,1,車両相互
2023,33.13213888888889,130.14827916666667,0,1,車両相互
2023,33.13677333333333,130.13975138888887,0,5,車両相互
2023,33.13376861111111,130.11229805555556,0,1,車両相互
2023,33.22038944444444,130.16900583333333,0,1,車両相互
2023,33.145325,130.1316136111111,0,1,車両相互
2023,33.21949638888889,130.14449833333333,0,1,車両相互
2023,33.17789472222222,130.1956175,0,1,車両相互
2023,33.21646305555556,130.09686000000002,0,1,車両相互
2023,33.212649444444445,130.1204438888889,0,1,車両相互
2023,33.09534611111111,130.09434027777777,0,2,車両相互
2023,33.15972555555555,130.06195861111112,0,1,車両相互
2023,33.12522777777778,130.1018875,0,1,車両相互
2023,33.12798,130.05888361111113,0,1,人対車両
2023,33.11841833333333,130.0012336111111,0,1,車両相互
2023,33.09950944444444,129.98105555555557,0,1,人対車両
2023,33.09081277777778,130.0989588888889,0,1,車両相互
2023,33.12958666666667,130.10626944444445,0,1,車両相互
2023,33.105155833333335,130.08513944444445,0,2,車両相互
2023,33.22846833333333,130.30880611111112,0,2,車両相互
2023,33.21161916666667,130.33056472222222,0,2,車両相互
2023,33.247930833333335,130.35264944444444,0,2,車両相互
2023,33.25612888888889,130.27215138888891,0,2,車両相互
2023,33.21474861111111,130.30426250000002,0,1,車両相互
2023,33.202598611111114,130.33510111111113,0,1,車両相互
2023,33.24994638888889,130.29276222222222,0,1,車両相互
2023,33.24557472222222,130.2760602777778,0,3,車両相互
2023,33.20134,130.28583555555556,0,1,車両相互
2023,33.18438055555555,130.3003911111111,0,1,車両相互
2023,33.2544925,130.30083361111113,0,1,車両相互
2023,33.23349777777778,130.32928083333334,0,1,車両相互
2023,33.2401575,130.31436000000002,0,1,車両相互
2023,33.23358777777778,130.2706263888889,0,1,車両相互
2023,33.24043638888889,130.30987861111112,0,1,車両相互
2023,33.228345000000004,130.30606611111114,0,1,車両相互
2023,33.2515725,130.29035277777777,0,1,車両相互
2023,33.25453944444445,130.28344583333333,0,1,車両相互
2023,33.236334722222225,130.27715722222223,0,3,車両相互
2023,33.19389694444444,130.3121802777778,0,1,車両単独
2023,33.25190361111111,130.30925666666667,0,1,人対車両
2023,33.254419444444444,130.30549833333333,0,1,車両相互
2023,33.23912888888889,130.29797194444444,0,1,車両相互
2023,33.25501472222222,130.2927261111111,0,1,車両相互
2023,33.24834388888889,130.2898525,0,1,車両相互
2023,33.21899972222222,130.3134002777778,0,2,車両相互
2023,33.24219472222222,130.3313638888889,0,2,車両相互
2023,33.259975833333336,130.29896722222222,0,1,車両相互
2023,33.231858055555556,130.27391583333335,0,2,車両相互
2023,33.24653416666667,130.2419747222222,0,3,車両相互
2023,33.219995000000004,130.24799638888888,0,2,車両相互
2023,33.25623083333333,130.27538222222225,0,1,車両相互
2023,33.244864444444445,130.29234194444444,0,1,車両相互
2023,33.224135277777776,130.24554416666666,0,1,車両相互
2023,33.25100027777778,130.30235833333333,0,2,車両相互
2023,33.252452222222225,130.30006444444444,0,1,車両相互
2023,33.23986416666667,130.2841238888889,0,1,車両相互
2023,33.24560138888889,130.30830277777778,0,1,車両相互
2023,33.24724972222222,130.2851075,0,1,車両相互
2023,33.27240361111111,130.26343944444446,0,1,車両相互
2023,33.261203611111114,130.2726636111111,0,1,車両相互
2023,33.2592825,130.31987833333332,0,1,車両相互
2023,33.2697725,130.30102972222224,0,1,車両相互
2023,33.29269,130.29795083333335,0,1,車両相互
2023,33.30418638888889,130.26502055555557,0,2,車両相互
2023,33.25927166666666,130.31988388888888,0,1,車両相互
2023,33.285867777777774,130.26317805555556,0,1,車両相互
2023,33.27287722222222,130.26082083333333,0,1,車両相互
2023,33.275933888888886,130.31754666666666,0,3,車両相互
2023,33.26202361111111,130.2778725,0,1,車両相互
2023,33.261739444444444,130.29842027777778,0,1,車両相互
2023,33.27017083333333,130.28849472222223,0,1,車両相互
2023,33.27475916666666,130.31076666666667,0,1,車両相互
2023,33.27443,130.2938475,0,2,車両相互
2023,33.26584861111111,130.28834472222223,0,1,車両相互
2023,33.27228222222222,130.27312194444445,0,2,車両相互
2023,33.26799583333333,130.3062925,0,1,車両相互
2023,33.286738888888884,130.29785944444444,1,0,人対車両
2023,33.31077305555555,130.28124194444445,0,1,車両相互
2023,33.28302138888889,130.2519372222222,0,1,車両相互
2023,33.28926805555555,130.28813777777776,0,1,車両相互
2023,33.31265111111111,130.32032027777777,0,1,車両相互
2023,33.29752944444444,130.30398416666668,0,1,車両相互
2023,33.263442222222224,130.31723694444443,0,1,人対車両
2023,33.263041111111114,130.29798861111112,0,1,車両相互
2023,33.272730277777775,130.27850694444444,0,1,車両相互
2023,33.29734722222222,130.2740466666667,0,2,車両相互
2023,33.306886111111105,130.25506583333333,0,1,車両相互
2023,33.26394666666667,130.29246583333332,0,1,車両相互
2023,33.33920277777778,130.25779583333335,0,1,人対車両
2023,33.285846388888885,130.29016166666668,0,2,車両相互
2023,33.267475,130.2937311111111,0,1,車両相互
2023,33.26074472222222,130.27275805555556,0,2,車両相互
2023,33.294042499999996,130.28901416666668,0,1,車両相互
2023,33.27947472222222,130.29840666666666,0,1,人対車両
2023,33.26414111111111,130.27323944444447,0,4,車両相互
2023,33.27398611111111,130.29192472222223,0,1,車両相互
2023,33.26820222222222,130.26005944444444,0,1,車両相互
2023,33.27645944444444,130.30511972222223,0,1,車両相互
2023,33.263373888888886,130.29709083333333,0,1,人対車両
2023,33.26746833333333,130.31541166666668,0,1,車両相互
2023,33.27806666666667,130.29276166666668,0,1,車両相互
2023,33.308996666666665,130.27916194444447,0,1,車両相互
2023,33.26526444444445,130.32703166666667,0,1,車両相互
2023,33.29303722222222,130.28499,0,1,車両相互
2023,33.26839666666667,130.3026725,0,1,車両相互
2023,33.283074722222224,130.29179027777778,0,1,車両相互
2023,32.833782500000005,130.00994583333335,0,1,車両相互
2023,32.792787499999996,129.87275194444445,0,3,車両相互
2023,32.77090416666667,129.95325416666665,0,2,車両相互
2023,32.75606833333333,129.87689555555556,0,1,人対車両
2023,32.774989166666664,129.95416416666666,0,1,車両相互
2023,32.775745,129.95197638888888,0,1,車両相互
2023,32.75291333333333,129.90476972222223,0,1,車両相互
2023,32.754691111111114,129.86700583333334,0,1,車両相互
2023,32.76291277777778,129.8649663888889,0,1,車両相互
2023,32.73048083333334,129.89254777777776,0,1,人対車両
2023,32.76156,129.86182527777777,0,1,車両相互
2023,32.754239166666665,129.8704263888889,0,1,車両相互
2023,32.77018694444445,129.96080972222222,0,1,車両相互
2023,32.765008611111114,129.96025388888887,0,2,車両相互
2023,32.75342055555556,129.88400694444445,0,1,車両相互
2023,32.7584075,129.86816222222222,0,1,車両相互
2023,32.7262475,129.8918,0,1,車両相互
2023,32.77021277777778,129.97830305555556,0,1,車両相互
2023,32.74605805555556,129.87208750000002,0,1,人対車両
2023,32.75704138888889,129.94412277777778,0,1,人対車両
2023,32.75248888888889,129.8838075,0,1,車両相互
2023,32.740658333333336,129.89431916666666,0,1,車両相互
2023,32.75308361111111,129.87135166666667,0,5,車両相互
2023,32.74798416666667,129.87446,0,1,人対車両
2023,32.744930000000004,129.85878277777778,0,1,車両相互
2023,32.76799694444444,129.85272666666665,0,2,車両相互
2023,32.74941916666667,129.87211333333335,0,1,車両相互
2023,32.763219444444445,129.86055777777779,0,1,人対車両
2023,32.748600833333334,129.86409805555556,0,1,車両相互
2023,32.805006111111105,129.96353444444443,0,1,車両相互
2023,32.76295722222222,129.86519972222223,0,2,車両相互
2023,32.75096194444444,129.89123972222222,0,1,車両相互
2023,32.74203555555555,129.87435972222224,0,1,人対車両
2023,32.75131555555556,129.88524583333333,0,1,人対車両
2023,32.74659055555556,129.87854694444445,0,1,車両相互
2023,32.76313916666667,129.8887011111111,0,1,人対車両
2023,32.732171944444445,129.89168027777777,0,1,車両相互
2023,32.74526277777778,129.8318825,0,1,車両相互
2023,32.757558055555556,129.8693902777778,0,2,車両相互
2023,32.80049527777778,129.95926416666666,0,1,車両相互
2023,32.75129166666667,129.87356805555555,0,1,車両相互
2023,32.675710277777775,129.89983166666667,0,1,車両相互
2023,32.729688055555556,129.8851,0,1,人対車両
2023,32.725273055555554,129.87074694444445,0,1,人対車両
2023,32.70947555555556,129.85095666666666,0,1,車両相互
2023,32.72875805555556,129.88334555555554,0,1,車両相互
2023,32.71156444444445,129.86641444444444,0,1,車両相互
2023,32.71389722222222,129.86771611111112,0,1,車両相互
2023,32.707593888888894,129.8603058333333,0,1,人対車両
2023,32.80428611111111,129.84785277777777,0,1,人対車両
2023,32.782760833333334,129.86230083333334,0,1,車両相互
2023,32.768141388888886,129.84350361111112,0,1,車両相互
2023,32.81178055555555,129.84542833333333,0,1,車両相互
2023,32.76799111111111,129.86411694444445,0,1,車両相互
2023,32.79525611111111,129.85576388888887,0,1,車両相互
2023,32.78375444444444,129.85982388888888,0,1,車両相互
2023,32.773936388888885,129.8625272222222,0,1,人対車両
2023,32.79656472222222,129.88696861111112,0,1,車両相互
2023,32.79242416666666,129.85984083333332,0,1,人対車両
2023,32.79707027777778,129.86195194444443,0,1,人対車両
2023,32.788175833333334,129.87049694444445,0,1,車両相互
2023,32.78124888888889,129.86210166666666,0,1,車両相互
2023,32.804700277777776,129.84592777777777,0,1,人対車両
2023,32.78402138888889,129.87006055555557,0,1,車両相互
2023,32.808007499999995,129.83835194444444,0,1,人対車両
2023,32.78153277777778,129.86230055555555,0,2,車両相互
2023,32.77894,129.85727833333334,0,1,車両相互
2023,32.81388388888889,129.83877305555558,0,1,人対車両
2023,32.768968055555554,129.86358222222222,0,1,車両相互
2023,32.82510388888889,129.84835361111112,0,1,車両相互
2023,32.834902500000005,129.85553555555555,0,1,車両相互
2023,32.81814361111111,129.83365750000002,0,2,車両相互
2023,32.81303194444444,129.8636688888889,0,1,車両相互
2023,32.827357777777785,129.84799833333335,0,1,車両相互
2023,32.84412861111112,129.83458111111113,0,1,車両相互
2023,32.87750527777778,129.7889377777778,0,2,車両相互
2023,32.82325277777778,129.83319833333334,0,1,車両相互
2023,32.81866305555556,129.87937944444445,0,1,車両相互
2023,32.84359472222222,129.8355238888889,0,1,車両相互
2023,32.83370111111111,129.8451327777778,0,1,人対車両
2023,32.82982055555556,129.85607166666665,0,1,車両相互
2023,32.81630166666666,129.86300138888888,0,1,車両相互
2023,32.914904166666666,129.78558,0,1,車両相互
2023,32.83067472222223,129.84761444444445,0,1,人対車両
2023,33.03751833333333,129.66890944444444,0,1,人対車両
2023,33.04463666666666,129.7466111111111,0,1,車両相互
2023,33.009436388888886,129.65635194444445,0,1,車両相互
2023,32.79853027777778,130.083205,0,1,車両相互
2023,32.77702305555555,129.9984886111111,0,1,車両相互
2023,32.84014555555556,130.01349944444445,0,2,車両相互
2023,32.83431166666667,130.1261125,0,1,車両相互
2023,32.87038444444445,130.02935611111113,0,1,車両相互
2023,32.83735472222222,130.01736250000002,0,1,車両相互
2023,32.84077166666667,130.01369333333332,0,1,車両相互
2023,32.837672500000004,130.05664694444445,0,1,車両相互
2023,32.8329175,130.0774338888889,0,1,車両相互
2023,32.83565666666667,130.092885,0,1,車両相互
2023,32.84634722222223,130.0253475,0,1,人対車両
2023,32.84073222222222,130.0266138888889,0,1,車両相互
2023,32.85109777777778,130.06267805555558,0,1,車両相互
2023,32.850432777777776,130.06582222222224,0,1,車両相互
2023,32.82903833333334,129.99761944444444,0,1,車両相互
2023,32.87678388888889,130.0994,0,1,車両相互
2023,32.834121111111116,130.11602444444443,0,1,車両相互
2023,32.87325805555555,130.0443736111111,0,1,車両相互
2023,32.84730916666667,130.0241413888889,0,1,車両相互
2023,32.791475,130.0735136111111,0,1,車両相互
2023,32.79469694444444,130.1193436111111,0,1,車両相互
2023,32.83271027777778,130.0492275,0,1,車両相互
2023,32.83908166666667,130.02281944444445,0,1,車両相互
2023,32.82049166666667,130.0328861111111,0,1,車両相互
2023,32.916196388888885,130.17046083333332,0,1,人対車両
2023,32.83053805555556,130.06576194444446,0,4,車両単独
2023,32.833354722222225,130.07304166666665,0,1,車両相互
2023,32.836778888888894,129.97564083333333,0,1,車両相互
2023,32.82701055555556,129.97632944444445,0,6,車両相互
2023,32.840987222222225,130.05912722222223,0,1,人対車両
2023,32.842640555555555,130.06379916666668,0,1,車両相互
2023,32.832008611111114,130.05610222222222,0,1,人対車両
2023,32.83401916666667,130.04261833333334,0,2,車両相互
2023,32.817325833333335,129.96682583333333,0,2,車両相互
2023,32.799411666666664,130.08540472222222,0,1,車両相互
2023,32.851707222222224,130.07137111111112,0,1,車両相互
2023,32.846138333333336,130.0240711111111,0,1,車両相互
2023,32.85686361111111,129.92774749999998,0,1,車両相互
2023,32.887725833333334,130.11145055555556,0,1,人対車両
2023,32.829885277777784,129.99164777777776,0,2,車両相互
2023,32.85015833333333,130.06404833333335,0,1,車両相互
2023,32.80450027777778,130.10672277777778,0,1,車両相互
2023,32.83177527777778,130.05413444444446,0,2,車両相互
2023,32.800533611111106,130.3643611111111,0,1,車両相互
2023,32.75560333333333,130.37187111111112,0,1,車両相互
2023,32.75876944444445,130.36203361111112,0,1,車両相互
2023,32.78735277777778,130.35945833333332,0,1,人対車両
2023,32.7873875,130.35904527777777,0,1,車両相互
2023,32.79546861111111,130.36784944444446,0,1,車両相互
2023,32.751669722222225,130.35796722222221,0,1,車両相互
2023,32.77135416666667,130.3611261111111,0,2,車両相互
2023,32.68160611111111,130.3493975,0,1,車両相互
2023,32.604260555555555,130.1938702777778,0,1,車両相互
2023,32.706363611111115,130.31667416666667,0,1,車両相互
2023,32.721132222222224,130.3557025,0,1,車両相互
2023,32.74129305555556,130.35894249999998,0,2,車両相互
2023,32.85309388888889,130.20996722222222,0,2,車両相互
2023,32.73049916666667,130.20682527777777,0,1,車両相互
2023,32.875438055555556,130.2828825,0,1,車両相互
2023,32.86989638888889,130.24125194444443,0,1,車両相互
2023,32.85248555555556,130.20744138888887,0,1,車両相互
2023,32.79550722222222,130.16894305555556,0,1,車両相互
2023,32.828343333333336,130.16602222222224,0,1,車両相互
2023,32.87545305555555,130.2827875,0,1,車両相互
2023,32.87649944444445,130.3050863888889,0,1,車両相互
2023,32.742893611111114,130.26071,0,1,人対車両
2023,32.81885805555556,130.1816022222222,0,3,車両相互
2023,32.91379666666666,129.95039666666665,0,2,車両相互
2023,32.89015444444444,129.98371388888887,0,1,車両相互
2023,32.906619722222224,129.95580777777778,0,1,車両相互
2023,32.89926444444444,129.95834499999998,0,1,人対車両
2023,32.91201722222222,129.9511922222222,0,1,車両相互
2023,32.868606666666665,129.98169055555556,0,1,車両相互
2023,32.93887944444444,129.96884694444444,0,1,車両相互
2023,32.937510555555555,129.9473125,0,2,車両相互
2023,32.89119055555555,129.9806986111111,0,1,車両相互
2023,32.94499972222222,129.93113,0,2,車両相互
2023,32.84870027777778,130.01041916666668,0,1,車両相互
2023,32.912124444444444,129.95121694444444,0,1,車両相互
2023,32.927931666666666,129.9428002777778,0,1,車両相互
2023,32.91352472222222,129.96176333333332,0,1,車両相互
2023,32.935716666666664,129.94761722222222,0,1,人対車両
2023,32.92449777777777,129.96461277777777,0,1,人対車両
2023,32.91623472222222,129.9500097222222,0,1,車両相互
2023,32.91128472222222,129.95709944444442,0,1,人対車両
2023,32.92333611111111,129.9732,0,2,車両相互
2023,32.88797,129.99495249999998,0,1,車両相互
2023,33.069298888888895,129.82642055555556,0,1,車両相互
2023,33.05894,129.84282083333335,0,3,車両相互
2023,33.069163611111115,129.82673805555555,0,1,人対車両
2023,33.068823333333334,129.8623411111111,0,1,車両相互
2023,33.0389925,129.91389694444445,0,1,車両相互
2023,33.07023916666667,129.8628311111111,0,1,人対車両
2023,33.064119722222216,129.8545988888889,0,1,車両相互
2023,33.11389055555556,129.86665527777777,0,1,車両相互
2023,33.142090555555555,129.7990236111111,0,2,車両相互
2023,33.15018277777778,129.77133444444445,0,1,人対車両
2023,33.09216083333334,129.757605,0,1,車両相互
2023,33.09390333333334,129.7934386111111,0,2,車両相互
2023,33.108223055555555,129.78420833333334,0,1,車両相互
2023,33.118491666666664,129.81631777777778,0,1,人対車両
2023,33.13760333333333,129.79629916666667,0,1,車両相互
2023,33.15921111111111,129.83118277777777,0,1,車両相互
2023,33.149254166666665,129.7816177777778,0,2,車両相互
2023,33.12866138888889,129.80266472222223,0,2,車両相互
2023,33.15716222222222,129.83062055555556,0,1,車両相互
2023,33.10448944444445,129.77218444444446,0,3,車両相互
2023,33.08507277777778,129.81708083333334,0,1,車両相互
2023,33.14137111111111,129.7976075,0,2,車両相互
2023,33.12000666666667,129.80441055555556,0,1,車両相互
2023,33.11608638888889,129.79319361111112,0,1,人対車両
2023,33.168034444444444,129.70993305555555,0,1,車両相互
2023,33.151535277777775,129.74647083333332,0,1,車両相互
2023,33.16735222222222,129.7203927777778,0,1,車両相互
2023,33.15877611111111,129.76100305555556,0,1,車両相互
2023,33.17097805555555,129.7235777777778,0,1,車両相互
2023,33.17066083333333,129.77278222222225,1,1,車両単独
2023,33.159644166666666,129.73294972222223,0,2,車両相互
2023,33.20823555555556,129.7153625,0,1,車両相互
2023,33.15841388888889,129.76380472222223,0,1,車両相互
2023,33.15580083333333,129.74262527777776,0,2,車両相互
2023,33.207011388888894,129.7272475,0,1,車両相互
2023,33.16900777777778,129.71410305555554,0,1,車両相互
2023,33.15665611111111,129.75290444444445,0,1,人対車両
2023,33.158095277777775,129.73373999999998,0,1,車両相互
2023,33.16351611111111,129.72190527777778,0,1,車両相互
2023,33.169333333333334,129.73433027777776,0,1,人対車両
2023,33.16188638888889,129.74674499999998,0,1,車両相互
2023,33.167476666666666,129.70711277777778,0,2,車両相互
2023,33.156280833333334,129.7689325,0,3,車両相互
2023,33.186705277777776,129.7185986111111,0,1,車両相互
2023,33.21127111111112,129.69992166666668,0,1,車両相互
2023,33.212812500000005,129.6980563888889,0,1,車両単独
2023,33.26830388888889,129.71306666666666,0,1,車両相互
2023,33.27471472222222,129.68923527777778,0,1,車両相互
2023,33.308335,129.6266363888889,0,1,車両相互
2023,33.26165833333334,129.74898,0,2,車両相互
2023,33.24457861111111,129.65160666666668,0,1,車両相互
2023,33.28052388888889,129.68479305555556,0,1,車両相互
2023,33.337117500000005,129.69307750000002,0,1,車両相互
2023,33.36530388888889,129.5525602777778,0,1,車両相互
2023,33.35456861111111,129.55090111111113,0,1,車両相互
2023,32.694047499999996,128.84203166666668,0,1,人対車両
2023,32.69259777777778,128.82599305555556,0,1,人対車両
2023,33.7555225,129.69981583333333,0,1,人対車両
2023,34.29816944444444,129.35556305555556,0,1,車両相互
2023,34.212477500000006,129.28971416666667,0,2,車両相互
2023,32.986826666666666,130.45701194444445,0,1,車両相互
2023,33.001372777777775,130.4344088888889,0,1,車両相互
2023,32.99783083333333,130.47405361111112,0,1,車両相互
2023,32.99049527777778,130.43244222222222,0,1,車両相互
2023,32.95973305555556,130.45982972222222,0,1,車両相互
2023,32.988686666666666,130.43557305555555,0,1,車両相互
2023,33.001439166666664,130.43272555555555,0,1,人対車両
2023,32.98699416666667,130.4325172222222,0,1,車両相互
2023,32.60670277777778,130.46773944444445,0,2,車両相互
2023,32.453677500000005,130.19387416666666,0,1,車両相互
2023,32.60279166666667,130.43804472222223,0,2,車両相互
2023,32.58667444444445,130.42971555555553,0,1,車両相互
2023,32.58515555555556,130.4299597222222,0,1,人対車両
2023,32.49944694444444,130.3988138888889,0,3,車両相互
2023,32.602761111111114,130.43799611111112,0,2,車両相互
2023,33.5559625,130.4733938888889,0,1,車両相互
2023,33.60680416666667,130.40871194444446,0,5,車両相互
2023,33.55998083333333,130.45849055555556,0,1,車両相互
2023,33.54167111111111,130.43213916666664,0,1,車両相互
2023,33.584608333333335,130.43960222222222,0,2,車両相互
2023,33.56856944444445,130.31255944444445,0,1,車両相互
2023,33.543034166666665,130.38612,0,2,車両相互
2023,33.55649916666666,130.47285527777777,0,1,車両相互
2023,33.600115833333334,130.37708972222222,0,1,車両相互
2023,33.59498111111111,130.42329527777775,0,4,車両相互
2023,33.54178888888889,130.4309511111111,0,1,車両相互
2023,33.53251861111111,130.49801,0,9,車両相互
2023,33.593830555555556,130.38416388888888,0,1,車両相互
2023,33.59981777777778,130.378015,0,1,車両相互
2023,33.5820725,130.40821194444445,0,1,車両相互
2023,33.59035611111111,130.40682805555556,0,1,車両相互
2023,33.591211388888894,130.38662277777777,0,1,車両相互
2023,33.57024527777778,130.39803666666666,0,1,車両相互
2023,33.58169416666667,130.39699472222222,0,1,車両相互
2023,33.58945805555556,130.40486583333333,0,3,車両相互
2023,33.590406944444446,130.39033194444443,0,1,車両相互
2023,33.59328083333334,130.37215,0,1,車両相互
2023,33.59108472222223,130.36386472222222,0,1,車両相互
2023,33.590161388888895,130.3797827777778,0,2,車両相互
2023,33.58213361111112,130.40631722222224,0,1,車両相互
2023,33.566515277777775,130.39299333333332,0,1,車両相互
2023,33.595263888888894,130.39269055555556,0,1,車両相互
2023,33.57920277777778,130.39295555555555,0,1,車両相互
2023,33.58917777777778,130.40399250000002,0,1,車両相互
2023,33.57049777777778,130.37734083333334,0,1,車両相互
2023,33.58515833333333,130.39149638888887,0,1,車両相互
2023,33.58166944444445,130.39717916666666,0,1,車両相互
2023,33.58397777777778,130.38680166666666,0,2,車両相互
2023,33.581743888888894,130.40863805555557,0,1,車両相互
2023,33.58039,130.40786194444445,0,2,車両相互
2023,33.57317583333334,130.38598472222222,0,1,車両相互
2023,33.58907694444445,130.4023675,0,2,車両相互
2023,33.591076388888894,130.39185777777777,0,1,車両相互
2023,33.58151388888889,130.39454138888888,0,1,車両相互
2023,33.58372277777778,130.38656944444443,0,1,車両相互
2023,33.60007388888889,130.3769838888889,0,1,車両相互
2023,33.56562611111111,130.37790777777778,0,1,車両相互
2023,33.57720194444445,130.3870061111111,0,1,車両相互
2023,33.586151111111114,130.40295361111112,0,1,車両相互
2023,33.58923611111111,130.40409472222223,0,1,車両相互
2023,33.591369444444446,130.39930555555554,0,1,車両相互
2023,33.58853361111111,130.4008347222222,0,1,車両相互
2023,33.58368527777778,130.38567777777777,0,1,車両相互
2023,33.5915775,130.3683488888889,0,1,車両単独
2023,33.579929722222225,130.39805388888888,0,2,車両相互
2023,33.588813333333334,130.38941527777777,0,1,車両相互
2023,33.59173972222222,130.38660472222222,0,1,車両相互
2023,33.57888416666667,130.37525305555556,0,1,車両相互
2023,33.591878333333334,130.38663833333334,0,1,車両相互
2023,33.58949277777778,130.3997125,0,1,人対車両
2023,33.59773305555556,130.37061500000002,0,1,車両相互
2023,33.58829277777778,130.40644666666668,0,1,車両相互
2023,33.57965222222222,130.40450055555556,0,2,車両相互
2023,33.598925,130.3711638888889,0,1,人対車両
2023,33.59194472222222,130.38618888888888,0,1,車両相互
2023,33.58571055555556,130.3950711111111,0,1,車両相互
2023,33.585881111111114,130.399815,0,2,車両相互
2023,33.58278083333334,130.40925027777777,0,1,車両相互
2023,33.578788055555556,130.41003472222224,0,1,車両相互
2023,33.56675583333334,130.39434194444445,0,1,人対車両
2023,33.577892500000004,130.37366055555557,0,1,車両相互
2023,33.585455555555555,130.40362861111112,0,1,車両相互
2023,33.592422500000005,130.39788277777777,0,2,車両相互
2023,33.59017027777778,130.3828186111111,0,1,車両相互
2023,33.586306111111114,130.40447416666666,0,1,車両単独
2023,33.588348611111115,130.39586305555554,0,1,車両相互
2023,33.577223888888895,130.3892036111111,0,2,車両相互
2023,33.579838055555555,130.38108222222223,0,1,車両相互
2023,33.57897694444445,130.3800952777778,0,1,車両相互
2023,33.587496944444446,130.40150305555557,0,1,車両相互
2023,33.58243944444445,130.38327916666668,0,1,車両相互
2023,33.58585194444445,130.40284111111112,0,1,車両相互
2023,33.581899444444446,130.39558944444443,0,1,車両相互
2023,33.590385000000005,130.39008805555554,0,1,車両相互
2023,33.59336527777778,130.39134583333333,0,1,車両相互
2023,33.58723083333334,130.40169833333334,0,1,車両単独
2023,33.579053333333334,130.409265,0,1,人対車両
2023,33.57807166666667,130.41340666666667,0,1,人対車両
2023,33.58394833333334,130.40003166666668,0,1,車両相互
2023,33.58261111111111,130.37405805555557,0,1,車両相互
2023,33.593068888888894,130.42369916666667,0,1,車両相互
2023,33.59592,130.40455472222223,0,1,車両相互
2023,33.594387222222224,130.41418388888889,0,2,車両相互
2023,33.596765000000005,130.40556083333334,0,1,車両相互
2023,33.59684916666667,130.4085988888889,0,1,人対車両
2023,33.56856333333334,130.45263333333332,0,1,車両相互
2023,33.554743888888886,130.4742202777778,0,1,車両相互
2023,33.5985025,130.41997416666666,0,2,車両相互
2023,33.57062527777778,130.45601555555555,0,1,車両相互
2023,33.54399972222222,130.46264916666667,0,1,車両相互
2023,33.573013333333336,130.45416055555555,0,1,車両相互
2023,33.56704805555556,130.44070416666668,0,1,車両相互
2023,33.57846305555556,130.43462527777777,0,1,車両相互
2023,33.56016361111111,130.45910916666665,0,1,車両相互
2023,33.57293583333334,130.47399027777777,1,1,車両相互
2023,33.60024277777778,130.40898,0,4,車両相互
2023,33.593674166666666,130.41534000000001,0,1,人対車両
2023,33.55645583333333,130.44777166666668,0,1,車両相互
2023,33.57826416666667,130.43414388888888,0,1,車両相互
2023,33.58054583333334,130.42590333333334,0,1,車両相互
2023,33.59389361111111,130.41995583333332,0,1,人対車両
2023,33.57228888888889,130.42934583333331,0,1,車両相互
2023,33.56657527777777,130.4412338888889,0,1,人対車両
2023,33.59175027777778,130.41039333333333,0,1,車両相互
2023,33.55725194444444,130.45612777777777,0,1,車両相互
2023,33.60120444444445,130.43707944444444,0,2,車両相互
2023,33.58653833333334,130.42935416666666,0,1,車両相互
2023,33.56411583333333,130.44406916666668,0,2,車両相互
2023,33.58994777777778,130.42242638888888,0,1,車両相互
2023,33.580426388888895,130.42225944444442,0,1,車両相互
2023,33.55293611111111,130.4636511111111,0,1,車両相互
2023,33.553239722222216,130.4783688888889,0,1,人対車両
2023,33.589286666666666,130.4129763888889,0,1,車両相互
2023,33.586176111111115,130.42817666666664,0,1,車両相互
2023,33.605986111111115,130.40946527777777,0,1,車両相互
2023,33.5895275,130.4255413888889,0,1,車両相互
2023,33.56504083333333,130.4625861111111,0,1,車両相互
2023,33.601481666666665,130.4372338888889,0,1,車両相互
2023,33.596984722222224,130.4195161111111,0,1,人対車両
2023,33.593780833333334,130.41061638888888,0,1,車両相互
2023,33.59873944444445,130.43027027777777,0,1,車両相互
2023,33.59578833333334,130.43456361111112,0,1,車両相互
2023,33.60026944444444,130.41368194444445,0,1,車両相互
2023,33.6013375,130.4209086111111,0,1,車両相互
2023,33.60563805555556,130.4301875,0,1,車両相互
2023,33.588949166666666,130.4307561111111,0,1,車両相互
2023,33.56513277777778,130.4627625,0,1,車両相互
2023,33.60105361111111,130.4007077777778,0,2,車両相互
2023,33.53767583333333,130.46458666666666,0,1,車両相互
2023,33.585703055555555,130.4277625,1,0,車両相互
2023,33.578449444444445,130.43061166666666,0,1,車両相互
2023,33.5769625,130.4158425,0,1,車両相互
2023,33.58312111111111,130.409735,0,1,車両相互
2023,33.606900555555555,130.4356938888889,0,1,車両相互
2023,33.57924333333334,130.47080694444443,0,1,人対車両
2023,33.554692777777774,130.4741711111111,0,1,車両相互
2023,33.56854833333334,130.46886055555555,0,1,車両相互
2023,33.57379166666667,130.44020333333333,0,1,車両相互
2023,33.60181138888889,130.41435,0,2,車両相互
2023,33.55862472222222,130.46014916666667,0,1,車両相互
2023,33.58555611111111,130.41565888888888,0,1,車両相互
2023,33.59189,130.41426305555555,0,1,車両相互
2023,33.59372027777778,130.40534583333334,0,1,車両相互
2023,33.588859722222224,130.4130888888889,0,1,車両相互
2023,33.59892555555556,130.43603333333334,0,1,車両単独
2023,33.55871222222222,130.47116333333332,0,1,車両相互
2023,33.58959055555556,130.4312747222222,0,3,車両相互
2023,33.59239222222222,130.43591055555555,0,1,車両相互
2023,33.566044722222216,130.45540555555556,0,1,車両相互
2023,33.600882500000004,130.41271277777778,0,1,車両相互
2023,33.57574833333334,130.43605083333333,0,2,人対車両
2023,33.56451138888889,130.44802777777778,0,1,人対車両
2023,33.57022861111111,130.43850083333334,0,1,車両相互
2023,33.61107583333334,130.42852305555556,0,1,人対車両
2023,33.59903333333334,130.417095,0,1,車両相互
2023,33.54456611111111,130.4591436111111,0,1,車両相互
2023,33.59090555555556,130.4189475,0,4,車両相互
2023,33.590721388888895,130.4194472222222,0,1,人対車両
2023,33.58683055555556,130.414345,0,1,車両相互
2023,33.579595277777784,130.44035694444446,0,1,車両相互
2023,33.58513472222222,130.43955888888888,0,2,車両相互
2023,33.59319222222222,130.42355388888888,0,1,車両相互
2023,33.55430166666667,130.46267805555556,0,2,車両相互
2023,33.59017583333333,130.42236666666665,0,1,車両相互
2023,33.684043055555556,130.43498083333333,0,1,車両相互
2023,33.64942888888889,130.4367713888889,0,2,車両相互
2023,33.6189875,130.41756777777778,0,1,車両相互
2023,33.67899805555555,130.45506583333332,0,2,車両相互
2023,33.6584475,130.43897444444445,0,1,人対車両
2023,33.68145638888889,130.39986249999998,0,2,車両相互
2023,33.650708333333334,130.43360777777778,0,1,車両相互
2023,33.641167777777774,130.4284425,0,1,車両相互
2023,33.65667444444444,130.4373563888889,0,1,車両相互
2023,33.61060388888889,130.44166444444446,0,1,車両相互
2023,33.651422777777775,130.47756777777778,0,2,車両相互
2023,33.62346888888889,130.4200211111111,0,2,車両相互
2023,33.68320527777777,130.43511111111113,0,1,人対車両
2023,33.61834888888889,130.42638055555554,0,1,車両相互
2023,33.67663722222222,130.45508777777778,0,2,車両相互
2023,33.65285222222222,130.4387125,0,1,車両相互
2023,33.64147861111111,130.42902222222222,0,1,車両相互
2023,33.66649722222222,130.4039325,0,2,車両相互
2023,33.64086944444444,130.44109222222224,0,1,車両相互
2023,33.63749444444444,130.42434722222222,0,1,車両相互
2023,33.61815694444444,130.43893888888888,0,2,車両相互
2023,33.617358055555556,130.42606777777777,0,1,車両相互
2023,33.663489444444444,130.36275138888888,0,3,車両相互
2023,33.609299166666666,130.42432138888887,0,1,車両相互
2023,33.67932694444444,130.4387661111111,0,1,車両相互
2023,33.60711638888889,130.43769916666668,0,1,車両相互
2023,33.67345583333333,130.44358666666668,0,1,車両相互
2023,33.62108694444444,130.42033666666666,0,1,車両相互
2023,33.646546111111114,130.4418175,0,1,車両相互
2023,33.617266666666666,130.4264761111111,0,1,車両相互
2023,33.60831638888889,130.42311166666667,0,1,人対車両
2023,33.64585638888889,130.4416375,0,1,車両相互
2023,33.61436333333334,130.42609805555554,0,1,車両相互
2023,33.661452777777775,130.41863583333333,0,1,車両相互
2023,33.679562222222216,130.43660666666668,0,1,車両相互
2023,33.67962833333333,130.4015836111111,0,1,車両相互
2023,33.642761666666665,130.42888194444444,0,1,車両相互
2023,33.65744027777777,130.4397686111111,0,1,車両相互
2023,33.6680475,130.44087833333333,0,1,人対車両
2023,33.616328611111115,130.41565694444446,0,1,人対車両
2023,33.64532638888889,130.44337861111111,0,1,人対車両
2023,33.613661666666665,130.42461166666666,0,1,人対車両
2023,33.631013333333335,130.44450416666666,0,1,車両相互
2023,33.611956944444444,130.41901305555555,0,1,車両相互
2023,33.67277583333333,130.45248277777776,0,1,人対車両
2023,33.61646777777778,130.41545083333335,0,1,車両相互
2023,33.63421972222222,130.4234661111111,0,1,車両相互
2023,33.63634611111111,130.46472888888889,0,1,車両相互
2023,33.67603777777777,130.4392475,0,2,車両相互
2023,33.68880583333333,130.41464333333334,0,1,車両相互
2023,33.65943111111111,130.3597436111111,0,2,車両相互
2023,33.666130833333334,130.4409925,0,1,車両相互
2023,33.67338861111111,130.44128777777777,0,1,車両相互
2023,33.64301916666667,130.46781611111112,0,1,人対車両
2023,33.68487138888889,130.41029694444444,0,1,車両相互
2023,33.625791666666665,130.43878361111112,0,1,車両相互
2023,33.611668333333334,130.4388786111111,0,1,人対車両
2023,33.63260611111111,130.46328499999998,0,4,車両相互
2023,33.616929722222224,130.42978472222222,0,1,車両相互
2023,33.65870611111111,130.4350452777778,0,1,車両相互
2023,33.61771861111111,130.41667166666664,0,1,車両相互
2023,33.622555,130.43763611111112,0,1,車両相互
2023,33.612785555555554,130.42451527777777,0,1,人対車両
2023,33.62437111111111,130.41920944444445,0,2,車両相互
2023,33.61302166666667,130.42233194444444,0,1,車両相互
2023,33.63279138888889,130.4620625,0,1,車両相互
2023,33.624520277777776,130.4151163888889,0,2,車両相互
2023,33.62826944444444,130.45282,0,1,車両相互
2023,33.64096277777778,130.42856694444444,0,1,車両相互
2023,33.56549472222222,130.33361555555555,0,1,車両相互
2023,33.554068611111106,130.3424625,0,1,車両相互
2023,33.58085305555556,130.3460902777778,0,1,車両相互
2023,33.5331775,130.33437500000002,0,2,車両相互
2023,33.55660111111111,130.35084083333334,0,1,人対車両
2023,33.58139138888889,130.34912972222224,0,3,車両相互
2023,33.56811638888889,130.32736472222223,0,1,車両相互
2023,33.54269583333333,130.33211055555554,0,1,車両相互
2023,33.57475194444445,130.35744083333333,0,1,車両相互
2023,33.56693388888889,130.32829638888887,0,2,車両相互
2023,33.56737416666667,130.34332666666668,0,1,車両相互
2023,33.5877125,130.35258833333333,0,1,人対車両
2023,33.57032944444445,130.3565011111111,0,1,車両相互
2023,33.56651861111111,130.34261111111113,0,1,車両相互
2023,33.5467,130.33418,0,1,車両相互
2023,33.57709527777778,130.3589275,0,1,車両相互
2023,33.54742361111111,130.3368713888889,0,1,車両相互
2023,33.54859555555555,130.34583944444447,0,1,車両相互
2023,33.50087722222222,130.33536444444445,0,3,車両相互
2023,33.54805361111111,130.34720722222224,0,1,車両相互
2023,33.54229861111111,130.32584944444443,0,2,車両相互
2023,33.580935000000004,130.3436113888889,0,1,車両相互
2023,33.552009166666664,130.3479488888889,0,1,車両相互
2023,33.49228472222222,130.33558805555558,0,1,車両相互
2023,33.49231277777778,130.33565055555556,0,1,人対車両
2023,33.55562527777777,130.33201166666666,0,1,車両相互
2023,33.56455222222222,130.34116166666666,0,1,車両相互
2023,33.542896388888884,130.33441055555556,0,1,車両相互
2023,33.57482111111111,130.35790472222223,0,1,車両相互
2023,33.560430555555556,130.33510916666668,0,1,車両相互
2023,33.53086222222222,130.33011861111112,0,2,車両相互
2023,33.55142361111111,130.32842888888888,1,2,車両相互
2023,33.57716611111111,130.35038166666666,0,2,車両相互
2023,33.54558,130.34642805555558,0,1,車両相互
2023,33.577358333333336,130.3525625,0,1,人対車両
2023,33.585548888888894,130.34823500000002,0,1,車両相互
2023,33.58795083333334,130.34563,0,1,車両相互
2023,33.54613416666666,130.32435583333333,0,1,車両相互
2023,33.56252277777777,130.35385194444444,0,1,車両相互
2023,33.49850166666667,130.3405425,0,1,車両相互
2023,33.57557083333334,130.33475833333335,0,1,人対車両
2023,33.552369166666665,130.32918222222222,0,1,車両相互
2023,33.562980555555555,130.34096305555556,0,1,車両相互
2023,33.55600416666666,130.33295055555556,0,1,車両相互
2023,33.583108333333335,130.35803888888887,0,1,車両相互
2023,33.58478055555556,130.35689222222223,0,1,人対車両
2023,33.577149722222224,130.34898,0,1,車両相互
2023,33.55204333333333,130.32869722222222,0,1,車両相互
2023,33.573005,130.3377902777778,0,1,車両相互
2023,33.54227944444444,130.32857611111112,0,1,車両相互
2023,33.49498777777778,130.33802666666668,0,2,車両相互
2023,33.515324722222225,130.3297186111111,0,1,車両相互
2023,33.53146777777778,130.34035305555557,0,2,車両相互
2023,33.564253055555554,130.3544025,0,2,車両相互
2023,33.58085777777778,130.34344944444445,0,1,車両相互
2023,33.492489722222224,130.32049527777778,0,1,車両相互
2023,33.58909388888889,130.35146555555556,0,3,人対車両
2023,33.55256444444444,130.3295536111111,0,1,車両相互
2023,33.49087111111111,130.36673916666666,0,1,車両相互
2023,33.50091527777778,130.3358775,0,1,車両相互
2023,33.573144722222224,130.34671305555557,0,1,人対車両
2023,33.59470694444445,130.38408611111112,0,1,車両相互
2023,33.60928222222223,130.4069188888889,0,1,車両相互
2023,33.59698083333333,130.3949111111111,0,1,車両相互
2023,33.585034444444446,130.4433525,0,1,人対車両
2023,33.570617777777784,130.40931111111112,0,1,車両相互
2023,33.546412777777775,130.43836583333334,0,1,車両相互
2023,33.55115305555555,130.414695,0,1,車両相互
2023,33.538826666666665,130.4073875,0,1,車両相互
2023,33.55749583333333,130.44021111111113,0,1,人対車両
2023,33.537073888888884,130.3935061111111,0,1,車両相互
2023,33.56253944444444,130.42472055555555,0,1,車両相互
2023,33.533991944444445,130.39221944444444,0,1,車両相互
2023,33.56261527777777,130.4247925,0,1,車両相互
2023,33.532395,130.42536333333334,0,1,人対車両
2023,33.56295722222222,130.41532194444446,0,1,車両相互
2023,33.55618027777778,130.4095802777778,0,1,人対車両
2023,33.54044805555555,130.40032277777777,0,1,車両相互
2023,33.55714083333333,130.40285111111112,0,1,車両相互
2023,33.57589277777778,130.41269,0,1,車両相互
2023,33.55370083333333,130.40682472222224,0,1,人対車両
2023,33.574354444444445,130.41807972222222,0,1,車両相互
2023,33.563000277777775,130.42291166666666,0,1,車両相互
2023,33.53044444444444,130.4334088888889,0,1,車両相互
2023,33.57176555555556,130.42271694444443,0,1,車両相互
2023,33.527234444444446,130.39238333333333,0,1,車両相互
2023,33.55912166666666,130.4244011111111,0,1,車両相互
2023,33.53111722222222,130.4293338888889,0,1,車両相互
2023,33.53619416666667,130.40610138888889,0,1,人対車両
2023,33.532966944444446,130.40538444444445,0,1,人対車両
2023,33.56181083333333,130.42860527777776,0,1,人対車両
2023,33.52712972222222,130.39205055555556,0,1,車両相互
2023,33.55268083333333,130.396415,0,1,車両相互
2023,33.54762944444444,130.4101261111111,0,1,人対車両
2023,33.56346083333333,130.41795472222222,0,1,車両相互
2023,33.53302111111111,130.40539333333334,0,1,車両相互
2023,33.528057499999996,130.4333825,0,2,車両相互
2023,33.54730138888889,130.43707194444445,0,1,車両相互
2023,33.56792416666667,130.41305194444445,0,1,車両相互
2023,33.572185555555556,130.42298888888888,0,1,車両相互
2023,33.55128333333333,130.44934472222224,0,1,車両相互
2023,33.544983888888886,130.4338425,0,1,車両相互
2023,33.5533875,130.40269805555556,0,1,車両相互
2023,33.5354125,130.43356416666668,0,1,車両相互
2023,33.54171888888889,130.43148555555555,0,1,車両相互
2023,33.557665,130.43909055555557,0,1,車両相互
2023,33.547557499999996,130.41025944444445,0,1,車両相互
2023,33.547475,130.390235,0,1,車両相互
2023,33.569206944444446,130.41115583333334,0,1,人対車両
2023,33.544957777777775,130.43413027777777,0,1,車両相互
2023,33.54226388888889,130.407585,0,1,人対車両
2023,33.56366361111111,130.41743166666666,0,2,車両相互
2023,33.55727805555555,130.40052222222224,0,1,車両相互
2023,33.534123888888885,130.43984777777777,0,1,車両相互
2023,33.560161666666666,130.42300444444444,0,1,車両相互
2023,33.54263527777778,130.41534583333333,0,1,車両相互
2023,33.52982138888889,130.4085102777778,0,1,車両相互
2023,33.57058000000001,130.40578027777778,0,1,車両相互
2023,33.54264361111111,130.43845583333334,0,1,車両相互
2023,33.53966444444444,130.40158333333335,0,1,車両相互
2023,33.54600583333333,130.43401861111113,0,3,車両相互
2023,33.55723,130.42851277777777,0,1,車両相互
2023,33.55527027777777,130.43014555555555,0,1,車両相互
2023,33.54007166666666,130.40189138888888,0,2,車両相互
2023,33.54884055555555,130.44176361111113,0,1,車両相互
2023,33.56064833333333,130.42565499999998,0,1,車両相互
2023,33.53909083333333,130.40452611111112,0,1,車両相互
2023,33.552904999999996,130.44182472222224,0,1,車両相互
2023,33.52456027777777,130.41182527777778,0,2,車両相互
2023,33.57573333333334,130.41209916666668,0,1,車両相互
2023,33.56171972222222,130.43710972222223,0,1,車両相互
2023,33.54874722222222,130.44904444444444,0,1,人対車両
2023,33.5418325,130.42906138888887,0,1,車両相互
2023,33.571713611111115,130.4110427777778,0,1,車両相互
2023,33.536539999999995,130.38928472222221,0,2,車両相互
2023,33.54186444444444,130.42362138888888,0,1,車両相互
2023,33.54394222222222,130.4411472222222,0,1,人対車両
2023,33.53699583333333,130.39132277777776,0,1,車両相互
2023,33.54230861111111,130.39320333333333,0,1,車両相互
2023,33.539832777777775,130.40183222222223,0,1,車両相互
2023,33.552975277777776,130.39491194444443,0,1,人対車両
2023,33.560133888888885,130.4277897222222,0,1,車両相互
2023,33.55530361111111,130.40588194444445,0,3,車両相互
2023,33.539295555555555,130.43894944444446,0,1,車両相互
2023,33.573503055555555,130.25690916666667,0,1,車両相互
2023,33.572697500000004,130.2768741666667,0,1,車両相互
2023,33.5855625,130.31805472222223,0,1,車両相互
2023,33.56547194444444,130.31036305555557,0,1,人対車両
2023,33.57170138888889,130.31801083333332,0,1,車両相互
2023,33.57640416666667,130.30358722222223,0,1,車両相互
2023,33.56496166666666,130.30983444444445,0,1,車両相互
2023,33.586461944444444,130.315985,0,1,車両相互
2023,33.574109444444446,130.2656311111111,0,2,車両相互
2023,33.594906944444446,130.22974,0,1,車両相互
2023,33.577219722222225,130.30506972222224,0,3,車両相互
2023,33.56760944444445,130.32147055555555,0,2,車両相互
2023,33.58419972222222,130.31513361111112,0,1,人対車両
2023,33.56642055555555,130.29516083333334,0,1,車両相互
2023,33.56969777777778,130.29525972222223,0,1,車両相互
2023,33.57389861111111,130.26556638888889,0,1,車両相互
2023,33.534036666666665,130.32179861111112,0,1,車両相互
2023,33.587991111111116,130.32737388888887,0,1,車両相互
2023,33.58201444444445,130.26854694444447,0,1,車両相互
2023,33.58312916666667,130.32394305555556,0,2,車両相互
2023,33.569609722222225,130.29094972222222,0,1,人対車両
2023,33.553085277777775,130.31305222222224,0,1,人対車両
2023,33.55845166666666,130.3179788888889,0,1,車両相互
2023,33.57253555555556,130.3044263888889,0,1,車両相互
2023,33.572454722222226,130.27600416666667,0,1,車両相互
2023,33.554875833333334,130.32211138888889,0,2,車両相互
2023,33.565350277777775,130.24061777777777,0,1,車両相互
2023,33.590832222222225,130.3321122222222,0,1,車両相互
2023,33.55910833333333,130.319685,0,1,車両相互
2023,33.58215222222223,130.27353055555557,0,1,車両相互
2023,33.58739777777778,130.34002055555555,0,1,人対車両
2023,33.58666055555556,130.25892972222223,0,1,車両相互
2023,33.56083916666666,130.3009738888889,0,1,車両相互
2023,33.54216583333333,130.32275805555554,0,1,車両相互
2023,33.5623875,130.29999166666667,0,1,車両相互
2023,33.57081277777778,130.32504583333332,0,1,車両相互
2023,33.56580916666666,130.24304027777777,0,1,車両相互
2023,33.57264555555556,130.27447,0,2,車両相互
2023,33.57409027777778,130.2653875,0,4,車両相互
2023,33.58333638888889,130.32032194444443,0,1,車両相互
2023,33.58354277777778,130.3178975,0,1,車両相互
2023,33.57158277777778,130.3010191666667,0,1,車両相互
2023,33.58707972222223,130.3403952777778,0,1,車両相互
2023,33.57811805555556,130.3153413888889,0,1,車両相互
2023,33.57376527777778,130.3176413888889,0,1,車両相互
2023,33.575113333333334,130.27381722222225,0,1,人対車両
2023,33.56865416666667,130.31295944444446,0,1,車両相互
2023,33.55276111111111,130.31270055555558,0,1,車両相互
2023,33.59073138888889,130.3306247222222,0,1,人対車両
2023,33.56484138888889,130.3102125,0,1,人対車両
2023,33.57596027777778,130.3230413888889,0,3,車両相互
2023,33.58079,130.33405666666667,0,1,車両相互
2023,33.58110527777778,130.25853805555556,0,2,車両相互
2023,33.574962500000005,130.25657,0,1,車両相互
2023,33.57373055555556,130.31088277777778,0,1,車両相互
2023,33.57213305555556,130.2737813888889,0,2,車両相互
2023,33.57665138888889,130.2616911111111,0,1,車両相互
2023,33.584293611111114,130.30941805555557,0,1,車両相互
2023,33.56747,130.3094238888889,0,1,人対車両
2023,33.58739166666667,130.23661583333333,0,1,車両相互
2023,33.58373972222223,130.31432444444445,0,1,車両相互
2023,33.579595000000005,130.25495138888888,0,1,車両相互
2023,33.56855194444445,130.31384916666667,0,1,車両相互
2023,33.5820925,130.27051694444447,0,1,車両相互
2023,33.587402222222224,130.3413561111111,0,3,車両相互
2023,33.572407777777784,130.27358055555558,0,2,車両相互
2023,33.56311694444444,130.31844361111112,0,1,車両相互
2023,33.57522027777778,130.27505472222222,0,1,人対車両
2023,33.558637499999996,130.32050583333333,0,1,車両相互
2023,33.58008,130.2783452777778,0,1,車両相互
2023,33.556,130.31221861111112,0,1,車両相互
2023,33.56831583333334,130.31723472222222,0,1,車両相互
2023,33.558944999999994,130.3104513888889,0,1,車両相互
2023,33.572430000000004,130.2885311111111,0,1,車両相互
2023,33.58156666666667,130.2606111111111,0,1,車両相互
2023,33.57016388888889,130.29960833333334,0,1,車両相互
2023,33.587181111111114,130.3211163888889,0,1,人対車両
2023,33.57819694444445,130.32132916666666,0,1,車両相互
2023,33.58085444444445,130.26349888888888,0,1,車両相互
2023,33.581902500000005,130.26616194444443,0,3,車両相互
2023,33.579546111111114,130.25475805555556,0,1,車両相互
2023,33.527969444444444,130.32206277777777,0,2,車両相互
2023,33.573325555555556,130.2446347222222,0,1,車両相互
2023,33.544303888888884,130.38073805555555,0,1,車両相互
2023,33.570440277777784,130.35693916666665,0,2,車両相互
2023,33.57054333333333,130.36911333333333,0,2,車両相互
2023,33.546794722222224,130.38065166666667,0,1,人対車両
2023,33.54034194444444,130.38114833333333,0,1,車両相互
2023,33.561007777777775,130.36288527777776,0,1,車両相互
2023,33.54327055555555,130.38091583333335,0,2,車両相互
2023,33.553262777777775,130.3814175,0,1,車両相互
2023,33.536296111111106,130.38069194444446,0,1,車両相互
2023,33.56295083333333,130.37492666666668,0,1,車両相互
2023,33.55268722222222,130.3605697222222,0,2,車両相互
2023,33.56120694444444,130.3626397222222,0,1,車両相互
2023,33.5691775,130.36760305555558,0,1,車両相互
2023,33.572366111111116,130.364265,0,5,車両相互
2023,33.55292305555555,130.35760694444443,0,1,車両相互
2023,33.55814472222222,130.37887722222223,0,1,車両相互
2023,33.77484388888889,130.48780388888886,0,2,車両相互
2023,33.76423166666667,130.4917647222222,0,1,人対車両
2023,33.85498555555556,130.481325,0,1,人対車両
2023,33.76408444444444,130.48421249999998,0,1,車両相互
2023,33.84608111111111,130.49577833333333,0,1,車両相互
2023,33.50461166666667,130.49807638888888,0,1,車両相互
2023,33.50973472222222,130.49704555555553,0,1,車両相互
2023,33.52911916666667,130.49336194444444,0,2,車両相互
2023,33.52456111111111,130.49551583333331,0,1,車両相互
2023,33.52855916666667,130.49452388888886,0,1,車両相互
2023,33.45490388888889,130.46487416666665,0,1,車両相互
2023,33.52867527777778,130.49379305555553,0,2,車両相互
2023,33.52416861111111,130.49740666666665,0,1,車両相互
2023,33.50926972222222,130.4974222222222,0,1,車両相互
2023,33.51518083333333,130.49089833333332,0,1,人対車両
2023,33.50573388888889,130.4980761111111,0,1,車両相互
2023,33.52502194444445,130.49694277777778,0,1,車両相互
2023,33.57380333333334,130.124445,0,1,車両相互
2023,33.564479999999996,130.22304861111112,0,2,車両相互
2022,33.50129027777778,130.07791916666667,0,1,車両相互
2023,33.57053861111111,130.2362772222222,0,1,車両相互
2023,33.52483,130.2262577777778,0,2,車両相互
2023,33.55756777777778,130.2285077777778,0,1,車両相互
2023,33.48158416666667,130.0503477777778,0,1,車両相互
2023,33.55221694444444,130.18795861111113,0,1,車両相互
2023,33.56345666666667,130.21737194444444,0,1,車両相互
2023,33.560365,130.2319675,0,1,車両相互
2023,33.55972555555555,130.19094833333332,0,1,車両相互
2023,33.56096611111111,130.15874666666667,0,1,車両相互
2023,33.572316944444445,130.23374444444443,0,1,車両相互
2023,33.56135861111111,130.1914638888889,1,0,人対車両
2023,33.58820555555556,130.1522825,0,2,車両相互
2023,33.52684222222222,130.1755983333333,0,2,車両相互
2023,33.54640055555555,130.21335916666666,0,1,車両相互
2023,33.56664388888888,130.23009833333333,0,1,車両相互
2023,33.55772222222222,130.19998222222222,0,1,車両相互
2023,33.566859722222226,130.23043194444443,0,1,車両相互
2023,33.58549194444445,130.21342638888888,0,1,人対車両
2023,33.51887222222222,130.24091833333333,0,1,人対車両
2023,33.54619944444444,130.23405166666666,0,2,車両相互
2023,33.584546111111116,130.21469194444444,0,1,車両相互
2023,33.69649861111111,130.44940694444446,0,1,車両相互
2023,33.696619166666665,130.44897805555556,0,1,車両相互
2023,33.6089475,130.4470363888889,0,1,車両相互
2023,33.686045,130.45411527777776,0,1,車両相互
2023,33.7452425,130.47684722222223,0,1,車両相互
2023,33.70133944444445,130.4846586111111,0,1,車両相互
2023,33.618299722222226,130.458,0,1,車両相互
2023,33.73721666666667,130.4660925,0,1,車両相互
2023,33.626765,130.49172833333333,0,2,車両相互
2023,33.740884722222226,130.4765236111111,0,1,車両相互
2023,33.729665000000004,130.46168444444444,0,1,車両相互
2023,33.703049166666666,130.4699461111111,0,1,車両相互
2023,33.63161,130.47529111111112,0,1,車両相互
2023,33.70885222222223,130.45543944444444,0,1,車両相互
2023,33.728408333333334,130.4765775,0,1,車両相互
2023,33.61568805555556,130.4552386111111,0,1,車両相互
2023,33.70782972222222,130.45480916666665,0,1,車両相互
2023,33.73491416666667,130.47670666666667,0,1,車両相互
2023,33.693772499999994,130.4531558333333,0,1,車両相互
2023,33.59843333333333,130.4951275,0,1,人対車両
2023,33.62918472222222,130.4961811111111,0,1,車両相互
2023,33.68377361111111,130.45376222222222,0,1,車両相互
2023,33.72937277777778,130.46689472222224,0,1,車両相互
2023,33.72163944444445,130.47015805555554,0,1,人対車両
2023,33.607035277777776,130.45919444444442,0,1,車両相互
2023,33.74097277777778,130.46789694444445,0,1,車両相互
2023,33.58295722222223,130.49915694444442,0,2,車両相互
2023,33.610440277777776,130.4549136111111,0,1,車両相互
2023,33.649836944444445,130.4931883333333,0,2,車両相互
2023,33.70212194444445,130.44014361111113,0,1,車両相互
2023,33.713436944444446,130.47876694444446,0,1,車両相互
2023,33.62811861111111,130.49612277777777,0,1,車両相互
2023,33.60519888888889,130.4938797222222,0,1,車両相互
2023,33.618253611111115,130.45777944444444,0,1,車両相互
2023,33.710126111111116,130.4418525,0,1,人対車両
2023,33.750481666666666,130.47042277777777,0,1,車両相互
2023,33.611471944444446,130.46021777777776,0,3,車両相互
2023,33.616483055555555,130.47870777777777,0,1,車両相互
2023,33.71920638888889,130.4628411111111,0,1,車両相互
2023,33.70302,130.4540372222222,0,1,車両相互
2023,33.72003361111111,130.4655511111111,0,1,車両相互
2023,33.62723166666667,130.47099166666666,0,2,車両相互
2023,33.60937666666667,130.45015777777778,0,1,車両相互
2023,33.70178805555556,130.45050027777776,0,1,車両相互
2023,33.56940166666667,130.4971986111111,0,1,人対車両
2023,33.60041277777778,130.4710102777778,0,1,車両相互
2023,33.69573944444444,130.4567322222222,0,1,車両相互
2023,33.70307972222223,130.45404638888888,0,1,車両相互
2023,33.59106777777778,130.484365,0,1,車両相互
2023,33.74375555555556,130.48818083333333,0,1,人対車両
2023,33.67575472222222,130.48653444444443,0,1,車両相互
2023,33.71752527777778,130.48248166666667,1,0,人対車両
2023,33.73867888888889,130.48027277777777,0,1,人対車両
2023,33.70145138888889,130.44019777777777,0,1,車両相互
2023,33.73885361111111,130.48018611111112,0,4,車両相互
2023,33.71792638888889,130.46124055555555,0,1,車両相互
2023,33.6292975,130.4961722222222,0,1,車両相互
2023,33.69730138888889,130.448705,0,1,車両相互
2023,33.72033916666667,130.46126999999998,0,1,人対車両
2023,33.603729722222226,130.4519733333333,0,1,車両相互
2023,33.61015833333334,130.45316388888887,0,1,車両単独
2023,33.61272694444445,130.47114611111112,0,1,人対車両
2023,33.656795833333334,130.48986749999997,0,1,車両相互
2023,33.70290138888889,130.45400944444444,0,1,車両相互
2023,33.60559861111111,130.47587277777777,0,1,車両相互
2023,33.702063888888894,130.44142888888888,0,2,車両相互
2023,33.738121944444444,130.4813922222222,0,2,車両相互
2023,33.710145833333335,130.43745305555555,0,1,車両相互
2023,33.69596277777777,130.44988111111113,0,1,車両相互
2023,33.61217111111111,130.4637936111111,0,1,車両相互
2023,33.599428611111115,130.46698555555557,0,1,車両相互
2023,33.72876083333333,130.47684805555556,0,1,車両相互
2023,33.70947888888889,130.45579888888886,0,2,車両相互
2023,33.61134694444445,130.4501488888889,0,1,車両相互
2023,33.700452222222225,130.4409327777778,0,1,人対車両
2023,33.625973333333334,130.46760416666666,0,2,車両相互
2023,33.701213333333335,130.48427194444443,0,1,車両相互
2023,33.583398611111114,130.48032666666666,0,1,人対車両
2023,33.62799,130.48788166666665,0,4,車両相互
2023,33.62455333333333,130.45983027777777,0,1,車両相互
2023,33.596075,130.4989897222222,0,1,人対車両
2023,33.60369,130.47396472222223,0,2,車両相互
2023,33.70001694444445,130.47733555555556,0,1,車両相互
2023,33.59154277777778,130.47940805555555,0,1,車両相互
2023,33.58408861111111,130.48058583333332,0,1,車両相互
2023,33.598844166666666,130.48289305555556,0,1,車両相互
2023,33.739115,130.46672166666667,0,1,車両相互
2023,33.70324416666667,130.45163444444444,0,1,人対車両
2023,33.610910277777776,130.474775,0,1,人対車両
2023,33.6051875,130.48260805555554,0,1,車両相互
2023,33.721875555555556,130.47196333333335,0,1,車両相互
2023,33.582057777777784,130.48047916666667,0,1,人対車両
2023,33.5227675,130.45866805555553,0,1,車両相互
2023,33.516709444444444,130.44375222222223,0,3,車両相互
2023,33.52903277777778,130.45603527777777,0,1,車両相互
2023,33.51548555555556,130.43153305555555,0,2,車両相互
2023,33.50706611111111,130.450075,0,1,車両相互
2023,33.53332722222222,130.45929777777778,0,1,車両相互
2023,33.51152583333333,130.43161583333332,0,1,車両相互
2023,33.52204611111111,130.44256944444444,0,2,車両相互
2023,33.53789222222222,130.48052166666668,0,1,車両相互
2023,33.49742472222222,130.43678333333332,0,1,車両相互
2023,33.51732111111111,130.41638083333333,0,1,車両相互
2023,33.496540277777775,130.4662636111111,0,2,車両相互
2023,33.51817333333333,130.44370194444446,0,1,車両相互
2023,33.53743222222222,130.4546986111111,0,2,車両相互
2023,33.53031583333333,130.46262277777777,0,1,車両相互
2023,33.51721305555555,130.4475,0,1,車両相互
2023,33.517154444444444,130.45064555555555,0,4,車両相互
2023,33.51784416666666,130.44292805555557,0,1,車両相互
2023,33.53889472222222,130.44727472222223,0,1,車両相互
2023,33.546640277777776,130.48242805555554,0,1,車両相互
2023,33.52188888888889,130.48249694444445,0,2,車両相互
2023,33.507976666666664,130.44316194444446,0,1,車両相互
2023,33.53469527777778,130.4813902777778,0,2,車両相互
2023,33.55723222222222,130.4683513888889,0,1,車両単独
2023,33.546996111111106,130.4844111111111,0,1,車両相互
2023,33.51569527777778,130.41787138888887,0,1,車両相互
2023,33.52842444444445,130.46006527777777,0,1,車両相互
2023,33.54870833333333,130.48522444444444,0,1,車両相互
2023,33.507820277777775,130.4683463888889,0,1,車両相互
2023,33.52968805555555,130.4612911111111,0,1,人対車両
2023,33.54315722222222,130.44352416666666,0,1,車両相互
2023,33.52945222222222,130.45551333333333,0,1,車両相互
2023,33.49369527777778,130.42947416666667,0,1,車両相互
2023,33.54117027777777,130.47578222222222,0,1,車両相互
2023,33.51678638888889,130.4393125,0,2,車両相互
2023,33.509900555555554,130.44772277777778,0,1,車両相互
2023,33.53955,130.45241249999998,0,4,車両相互
2023,33.51608083333333,130.48180166666666,0,1,車両相互
2023,33.488350277777776,130.41624972222223,0,5,車両相互
2023,33.5193525,130.4697713888889,0,1,車両相互
2023,33.519915833333336,130.4907247222222,0,1,車両相互
2023,33.54703972222222,130.4847497222222,0,1,人対車両
2023,33.53331583333333,130.47167805555557,0,1,車両相互
2023,33.549279444444444,130.48045222222223,0,4,車両相互
2023,33.50201833333333,130.4613511111111,0,1,人対車両
2023,33.50707722222222,130.47308083333334,0,1,車両相互
2023,33.525148888888886,130.47932333333333,0,1,人対車両
2023,33.51815611111111,130.4535875,0,1,車両相互
2023,33.54161166666667,130.46939944444443,0,1,車両相互
2023,33.55372944444444,130.4687025,0,1,車両相互
2023,33.54751527777778,130.44817777777777,0,1,車両相互
2023,33.51837666666667,130.44361055555555,0,1,人対車両
2023,33.52701388888889,130.44464694444446,0,1,車両相互
2023,33.51524666666667,130.42979916666667,0,1,車両相互
2023,33.54567972222222,130.4427775,0,1,人対車両
2023,33.5275375,130.44633194444444,0,1,車両相互
2023,33.546295,130.44517944444445,0,1,車両相互
2023,33.534931666666665,130.4869263888889,0,2,車両相互
2023,33.52289527777778,130.43471416666668,0,1,車両相互
2023,33.49958083333333,130.46131027777776,0,1,車両相互
2023,33.503969166666664,130.46194555555553,0,1,車両相互
2023,33.51170972222222,130.438115,0,1,車両相互
2023,33.52990333333333,130.42571388888888,0,1,車両相互
2023,33.54736416666667,130.44484222222223,0,1,車両相互
2023,33.50739194444444,130.42004388888887,1,0,人対車両
2023,33.50480666666667,130.45566083333333,0,2,車両相互
2023,33.51965,130.46938583333335,0,1,車両相互
2023,33.51222055555556,130.46932222222222,0,1,車両相互
2023,33.542543333333334,130.47064472222223,0,1,車両相互
2023,33.51674138888889,130.44855694444445,0,1,車両相互
2023,33.505676944444446,130.4401125,0,1,車両相互
2023,33.531350833333335,130.44720222222222,0,1,車両相互
2023,33.53922027777777,130.45285249999998,0,1,車両相互
2023,33.49344305555556,130.43907305555555,0,1,車両相互
2023,33.51563027777778,130.43255138888887,0,1,車両相互
2023,33.541736944444445,130.4731113888889,0,6,車両相互
2023,33.51683722222222,130.45440666666664,0,4,車両相互
2023,33.534103888888886,130.45765666666665,0,3,車両相互
2023,33.526331666666664,130.44000555555556,0,1,車両相互
2023,33.520803055555554,130.4683877777778,0,1,車両相互
2023,33.513284166666665,130.44484805555555,0,1,車両相互
2023,33.50278055555555,130.46713527777777,0,3,車両相互
2023,33.52827833333333,130.48375861111109,0,1,人対車両
2023,33.55588833333333,130.4952222222222,0,1,車両相互
2023,33.51027777777778,130.46716166666667,0,1,車両相互
2023,33.52990305555556,130.42517638888887,0,1,車両相互
2023,33.5092875,130.46828472222222,0,1,車両相互
2023,33.511223333333334,130.44733444444444,0,3,車両相互
2023,33.267067777777775,130.47134777777777,0,1,車両相互
2023,33.25433527777778,130.493055,1,0,人対車両
2023,33.24596944444445,130.4646786111111,0,1,人対車両
2023,33.24847166666667,130.42821333333333,1,0,人対車両
2023,33.29275888888888,130.48640583333332,0,1,人対車両
2023,33.28147222222222,130.45426555555554,0,1,車両相互
2023,33.273025,130.47877583333334,0,1,車両相互
2023,33.29436694444444,130.47668972222223,0,1,車両相互
2023,33.32899666666667,130.48581944444445,0,1,車両相互
2023,33.32295916666667,130.49862472222222,0,1,車両相互
2023,33.32897916666667,130.48585638888886,0,1,車両相互
2023,33.2871425,130.49123277777775,0,1,車両相互
2023,33.278548055555554,130.46662999999998,0,2,車両相互
2023,33.29788305555555,130.49722722222222,0,1,車両相互
2023,33.32705888888889,130.49071638888887,0,4,車両相互
2023,33.23889638888889,130.47194972222223,0,1,車両相互
2023,33.327309444444445,130.49260805555554,0,1,車両相互
2023,33.299863055555555,130.49200777777776,0,1,車両相互
2023,33.247889444444446,130.45993694444442,0,1,車両相互
2023,33.25510972222222,130.45264916666665,0,2,車両相互
2023,33.223666388888894,130.43272694444443,0,1,車両相互
2023,33.21452444444445,130.440005,0,1,車両相互
2023,33.212499722222226,130.37349333333333,0,1,車両相互
2023,33.20883666666667,130.38120305555557,0,1,車両相互
2023,33.17430694444444,130.47545555555556,0,2,車両相互
2023,33.19655916666667,130.48475777777776,0,1,車両相互
2023,33.198744166666664,130.39994805555554,0,1,車両相互
2023,33.210593611111115,130.3756627777778,0,1,車両相互
2023,33.196199166666666,130.40292416666668,0,3,車両相互
2023,33.22716027777778,130.39023527777778,0,1,車両相互
2023,33.22203861111111,130.37998916666666,0,1,車両相互
2023,33.21067166666667,130.41079027777778,0,1,車両相互
2023,33.22347888888889,130.45874805555553,0,1,車両相互
2023,33.219100000000005,130.44930972222224,0,1,車両相互
2023,33.149319722222224,130.47438527777777,0,1,車両相互
2023,33.18437944444444,130.40479305555556,0,1,車両相互
2023,33.174771388888885,130.4043538888889,0,1,車両相互
2023,33.166085555555554,130.44887333333332,0,1,車両相互
2023,33.15695777777778,130.44836555555557,0,1,車両相互
2023,33.15340222222222,130.47657722222223,0,1,車両相互
2023,33.16912361111111,130.38910444444443,0,1,車両相互
2023,33.09945916666667,130.45539499999998,0,1,車両相互
2023,33.15004666666667,130.47487083333334,0,1,車両相互
2023,33.12868944444445,130.42492777777778,0,2,車両相互
2023,33.09051388888889,130.44202,0,2,車両相互
2023,33.1590725,130.4793163888889,0,1,車両相互
2023,33.156734444444446,130.47855305555555,0,1,車両相互
2023,33.16703555555555,130.4139761111111,0,1,人対車両
2023,33.156305833333334,130.47801055555556,0,1,車両相互
2023,33.15361055555555,130.4397825,0,1,車両相互
2023,33.13862722222222,130.47860111111112,0,1,車両相互
2023,33.17921416666666,130.41396361111111,0,1,車両相互
2023,33.029382777777776,130.44512083333333,0,1,車両相互
2023,33.03764555555556,130.44652166666668,0,1,車両相互
2023,33.02464277777778,130.44254,0,1,車両相互
2023,33.02370472222222,130.43688833333334,0,1,車両相互
2023,33.03669222222222,130.45777583333333,0,1,車両相互
2023,33.045716666666664,130.44783361111112,0,1,人対車両
2023,33.0072875,130.43453027777778,0,1,車両相互
2023,33.03738694444444,130.4414561111111,0,1,車両相互
2023,33.054986944444444,130.46809055555556,0,1,人対車両
2023,33.03333333333333,130.4428511111111,0,1,車両相互
2023,33.022508055555555,130.444125,0,2,人対車両
2023,33.04315972222222,130.44205888888888,0,1,人対車両
2023,33.03526722222222,130.44887166666666,0,1,車両相互
2023,33.054775,130.4297247222222,0,1,車両相互
2023,33.054762222222216,130.4297022222222,0,1,車両相互
2023,33.039855277777775,130.43274,0,2,車両相互
2023,33.04555305555555,130.4643722222222,0,1,車両相互
2023,33.03386083333333,130.4391913888889,0,1,車両相互
2023,33.0882225,130.45927194444442,0,1,車両相互
2023,33.00514888888889,130.46204277777775,0,1,車両相互
2023,33.04452861111111,130.44761444444444,0,1,車両相互
2023,33.02026222222222,130.4553575,0,1,車両相互
2023,33.07089388888889,130.4879047222222,0,1,人対車両
2023,33.00966416666667,130.42451694444443,0,1,車両相互
2023,33.02854333333333,130.44979944444444,0,1,車両相互
2023,33.05088277777777,130.44721666666666,0,1,車両相互
2023,33.04611805555555,130.46750694444444,0,1,車両相互
2023,33.048923333333335,130.46843166666667,0,1,車両相互
2023,33.00496861111111,130.4433011111111,0,1,車両相互
2023,33.07337750000001,130.46420166666667,0,1,車両相互
2023,33.32645444444445,130.39221166666667,0,1,車両相互
2023,33.24395388888889,130.3858511111111,0,1,車両相互
2023,33.31513583333333,130.3776763888889,0,1,車両相互
2023,33.31851888888889,130.37033972222224,0,1,人対車両
2023,33.31234361111111,130.3740175,0,2,車両相互
2023,33.30285416666666,130.36722111111112,0,4,車両相互
2023,33.32151805555556,130.39261027777778,0,2,車両相互
2023,33.30557583333333,130.37885944444446,0,1,人対車両
2023,33.27320611111111,130.36430805555554,0,2,車両相互
2023,33.32651722222223,130.38352083333334,0,2,車両相互
2023,33.3268125,130.35366527777776,0,1,車両相互
2023,33.33217694444445,130.4129263888889,0,1,人対車両
2023,33.314545555555554,130.36877,0,2,車両相互
2023,33.35366805555556,130.39926416666665,0,1,車両相互
2023,33.30936888888888,130.3707488888889,0,1,車両相互
2023,33.32601833333334,130.3814625,0,1,車両相互
2023,33.34860944444445,130.3982147222222,0,1,車両相互
2023,33.266374444444445,130.35872361111112,0,2,車両相互
2023,33.32639027777778,130.40766,0,1,車両単独
2023,33.27945722222222,130.4039213888889,0,1,車両相互
2023,33.339756944444446,130.3867836111111,0,1,車両相互
2023,33.27504,130.3737925,0,1,車両相互
2023,33.319805833333334,130.47929305555556,0,1,車両相互
2023,33.32569777777778,130.45411944444444,0,1,車両単独
2023,33.3524125,130.46731083333333,0,1,車両相互
2023,33.348082500000004,130.45814194444444,0,1,車両相互
2023,33.34209638888889,130.48120222222224,0,1,車両相互
2023,33.34438138888889,130.44628972222222,0,1,車両相互
2023,33.287835,130.4172686111111,0,1,車両相互
2023,33.33718888888889,130.42261666666667,0,1,人対車両
2023,33.30463722222222,130.47771416666666,0,3,車両相互
2023,33.36943055555555,130.49902583333332,0,1,車両相互
2023,33.319375,130.4767163888889,0,1,車両相互
2023,33.37378277777778,130.49252638888888,0,1,車両相互
2023,33.328115555555556,130.47496972222223,0,1,車両相互
2023,33.34515583333334,130.44896527777777,0,2,車両相互
2023,33.341412222222225,130.48094,0,1,車両相互
2023,33.313803888888884,130.42585583333332,0,1,人対車両
2023,33.32852166666667,130.46959027777777,0,1,車両相互
2023,33.37781444444445,130.4989261111111,0,1,車両相互
2023,33.37713277777778,130.49883666666665,0,2,車両相互
2023,33.38506972222222,130.49958999999998,0,1,車両相互
2023,33.331948611111116,130.41696083333332,0,1,車両相互
2023,33.310716944444444,130.2296452777778,0,1,車両相互
2023,33.24727,130.2169025,0,1,車両相互
2023,33.27521,130.2049186111111,0,1,車両相互
2023,33.20957111111112,130.21014666666665,0,1,車両相互
2023,33.29347194444444,130.19331527777777,0,1,人対車両
2023,33.293569444444444,130.19879722222223,0,1,車両相互
2023,33.290571944444444,130.16990416666667,0,1,人対車両
2023,33.24729972222222,130.2177561111111,0,1,車両相互
2023,33.285178333333334,130.13464166666665,0,1,人対車両
2023,33.26280083333333,130.2274813888889,0,1,車両相互
2023,33.266241666666666,130.22829194444444,0,1,車両相互
2023,33.27268111111111,130.191345,0,2,車両相互
2023,33.27385888888889,130.20065055555554,0,1,車両相互
2023,33.29726972222222,130.19957527777777,0,1,車両相互
2023,33.44078111111111,129.95968138888887,0,1,車両相互
2023,33.40895805555555,129.99000305555555,0,3,車両相互
2023,33.44324388888889,130.11291944444443,0,1,車両相互
2023,33.37490694444445,129.9526575,0,1,車両相互
2023,33.395472222222224,129.9791113888889,0,1,人対車両
2023,33.44602444444444,130.0439636111111,0,2,車両相互
2023,33.457551388888895,129.95843555555555,0,1,人対車両
2023,33.435449444444444,129.98206416666667,0,1,車両相互
2023,33.448522777777775,129.97523694444445,0,1,車両相互
2023,33.428780277777776,129.98345944444443,0,2,車両相互
2023,33.44651972222222,129.97917944444444,0,2,車両相互
2023,33.43635083333333,130.0166738888889,0,2,車両相互
2023,33.44816194444444,130.0448,0,3,車両相互
2023,33.43814444444444,129.99581805555553,0,1,車両相互
2023,33.46851527777778,129.938805,0,1,車両相互
2023,33.43040027777778,129.9894611111111,0,1,人対車両
2023,33.451546111111114,129.85977694444443,0,1,車両相互
2023,33.435379999999995,130.00839222222223,0,1,人対車両
2023,33.47392416666667,129.93991194444445,0,2,車両相互
2023,33.44201083333333,130.05483805555556,1,0,車両単独
2023,33.47846388888889,129.93605972222224,0,2,車両相互
2023,33.391637777777774,129.98711916666664,0,1,車両相互
2023,33.4246275,129.91681722222222,0,1,車両相互
2023,33.48995777777778,129.8477836111111,0,2,車両相互
2023,33.354565,130.00403472222223,0,1,車両相互
2023,33.44733027777777,129.9635661111111,0,1,車両相互
2023,33.31379555555555,130.06692972222223,0,1,車両相互
2023,33.4363125,130.01580027777777,0,1,車両相互
2023,33.41876944444444,130.01271277777778,0,1,車両相互
2023,33.37309444444445,129.95131694444444,0,1,車両単独
2023,33.43804027777777,129.96247555555556,0,1,車両相互
2023,33.43514972222222,130.00606805555555,0,1,車両相互
2023,33.429289999999995,129.98258805555557,0,1,人対車両
2023,33.43289111111111,130.00065027777777,0,1,車両相互
2023,33.417065,129.98881416666666,0,1,車両相互
2023,33.30044472222222,129.82356777777778,0,1,車両相互
2023,33.27700027777777,129.84727555555557,0,1,人対車両
2023,33.263625555555556,129.882375,0,1,人対車両
2023,33.26027333333333,129.88685694444445,0,1,車両相互
2023,33.29064722222222,129.83309472222223,0,1,人対車両
2023,33.277117499999996,129.87714194444445,0,1,車両相互
2023,33.18272527777778,129.88863166666667,0,1,車両相互
2023,33.18537305555555,129.87947583333334,0,1,車両相互
2023,33.28278833333333,129.8710225,0,1,人対車両
2023,33.34767305555556,129.8575875,0,2,車両相互
2023,33.19417166666666,129.87201666666667,0,2,車両相互
2023,33.291615,129.8327872222222,0,1,車両相互
2023,33.26511166666667,129.88140694444445,0,1,人対車両
2023,33.293098055555554,129.91059611111112,0,1,車両相互
2023,33.2727225,129.87678250000002,0,1,車両相互
2023,33.266331666666666,129.8769875,0,2,車両相互
2023,33.28024861111111,129.86990083333333,0,1,車両相互
2023,33.29865611111111,129.82383888888887,0,1,車両相互
2023,33.29269027777777,129.83156,0,1,車両相互
2023,33.27722361111111,129.86893194444445,0,1,車両相互
2023,33.29309861111111,129.8805225,0,1,車両相互
2023,33.26174777777778,129.8464288888889,0,1,車両相互
2023,33.343293333333335,129.90935055555556,0,1,車両相互
2023,33.189207222222215,130.02442000000002,0,1,車両相互
2023,33.19040944444444,130.01382527777778,0,2,車両相互
2023,33.192074444444444,130.02428194444445,0,2,車両相互
2023,33.22005138888889,130.06769194444445,0,1,人対車両
2023,33.19629277777778,130.03269694444447,0,1,人対車両
2023,33.22011833333333,130.06176361111113,0,1,車両相互
2023,33.18861138888889,130.02158250000002,0,1,車両相互
2023,33.19635444444444,130.0316838888889,0,1,人対車両
2023,33.21563583333334,130.08970416666668,0,1,車両相互
2023,33.19312083333333,130.03097555555556,0,1,人対車両
2023,33.19906527777778,130.02757000000003,0,1,車両相互
2023,33.20715583333334,130.04679055555556,0,1,車両相互
2023,33.21706944444445,129.96278583333333,0,1,車両相互
2023,33.21263833333334,130.05024833333334,0,1,車両相互
2023,33.147661666666664,129.99325805555554,0,1,車両相互
2023,33.197785277777776,130.0319941666667,0,3,車両相互
2023,33.19437166666666,130.11544138888888,0,1,車両相互
2023,33.21264916666667,130.12045694444444,0,3,車両相互
2023,33.21761444444444,130.16291611111112,0,1,車両相互
2023,33.09511027777778,130.0935313888889,0,1,人対車両
2023,33.12164361111111,130.09814222222224,0,1,車両相互
2023,33.12769138888889,130.06763777777778,0,3,車両相互
2023,33.09304027777778,130.12669555555556,0,1,人対車両
2023,33.12882388888889,129.9973447222222,0,3,車両相互
2023,33.01922611111111,130.17871166666666,0,2,車両相互
2023,33.09457527777778,130.09258583333335,0,1,車両相互
2023,33.12343444444444,130.0790675,0,1,車両相互
2023,33.097655,130.003035,1,0,人対車両
2023,33.13525888888889,130.07043555555555,0,1,車両相互
2023,33.144774444444444,130.0634261111111,0,1,車両相互
2023,33.109008611111115,129.97608027777778,0,1,車両相互
2023,33.11196888888889,130.0971338888889,0,1,車両相互
2023,33.111177500000004,130.08609805555557,0,2,車両相互
2023,33.053550277777774,130.03852916666668,0,1,車両相互
2023,33.25610777777778,130.3012013888889,0,1,人対車両
2023,33.255158888888886,130.32888111111112,0,1,車両相互
2023,33.24771305555556,130.32258,0,1,車両相互
2023,33.25094416666666,130.30187333333333,0,2,車両相互
2023,33.244770833333334,130.29421083333332,0,1,車両相互
2023,33.25808638888889,130.28478805555557,0,2,車両相互
2023,33.242088055555556,130.30204472222223,0,1,車両相互
2023,33.23990472222222,130.31227583333333,0,1,車両相互
2023,33.22264055555556,130.35371777777777,2,2,車両相互
2023,33.228097777777776,130.29921916666666,0,1,車両相互
2023,33.239963333333336,130.27949777777778,0,1,車両相互
2023,33.245464166666665,130.3143,0,1,車両相互
2023,33.231321944444446,130.33419055555555,0,1,車両相互
2023,33.24912361111111,130.28980388888888,0,1,車両相互
2023,33.24585416666667,130.33102472222222,0,1,車両相互
2023,33.222635833333335,130.35722277777776,0,1,車両相互
2023,33.244438333333335,130.28326333333334,0,1,車両相互
2023,33.25870611111111,130.31966277777778,0,2,車両相互
2023,33.24003277777778,130.28166861111112,0,1,車両相互
2023,33.23113277777778,130.33469722222222,0,1,人対車両
2023,33.205850833333336,130.3189588888889,0,2,人対車両
2023,33.25485888888889,130.2926836111111,0,1,車両相互
2023,33.23065972222222,130.33660722222223,0,1,車両相互
2023,33.2118375,130.31228333333334,0,2,車両相互
2023,33.181057777777774,130.3187113888889,0,2,車両相互
2023,33.2196975,130.36732194444446,0,1,車両相互
2023,33.25152472222222,130.30689194444446,0,1,車両相互
2023,33.24207944444444,130.30925083333335,0,1,車両相互
2023,33.237228333333334,130.27767416666669,0,1,車両相互
2023,33.23384638888889,130.28881666666666,0,1,車両相互
2023,33.23678694444445,130.36267583333333,0,1,車両相互
2023,33.25323638888889,130.3000411111111,0,1,車両相互
2023,33.2460675,130.27544527777778,0,2,車両相互
2023,33.24254555555556,130.26636666666667,0,3,車両相互
2023,33.239535277777776,130.2943025,0,1,車両相互
2023,33.23632777777778,130.3229336111111,0,1,車両相互
2023,33.24576277777778,130.29303861111111,0,1,車両相互
2023,33.24828638888889,130.30677333333335,0,1,車両相互
2023,33.224964166666666,130.3141313888889,0,1,車両相互
2023,33.29517333333333,130.28655722222223,0,2,車両相互
2023,33.27462833333333,130.30875361111111,0,1,車両相互
2023,33.392695277777776,130.26881194444445,0,1,車両相互
2023,33.32459777777778,130.33541944444445,0,1,車両相互
2023,33.29260305555555,130.28530333333333,0,1,車両相互
2023,33.29165666666667,130.2860388888889,0,1,車両相互
2023,33.27300944444444,130.28157222222222,0,3,車両相互
2023,33.28966861111111,130.28803638888888,0,1,車両相互
2023,33.27492972222222,130.31202000000002,0,1,車両相互
2023,33.266442222222224,130.27216611111112,0,1,車両相互
2023,33.266823055555555,130.256865,0,1,車両相互
2023,33.303621111111106,130.23628916666667,0,1,車両相互
2023,33.27041138888889,130.2927736111111,0,1,車両相互
2023,33.28035361111111,130.2853125,0,1,人対車両
2023,33.263776944444444,130.28951805555556,0,1,人対車両
2023,33.27236194444444,130.3002663888889,0,1,車両相互
2023,33.27430611111111,130.29358305555556,0,1,車両相互
2023,33.274457222222225,130.29373305555555,0,1,車両相互
2023,33.29658666666666,130.2706466666667,0,3,車両相互
2023,33.274454999999996,130.29425805555556,0,1,車両相互
2023,33.31050138888889,130.28127361111112,0,1,人対車両
2023,33.28595611111111,130.28997333333334,0,1,車両相互
2023,33.267402499999996,130.29928999999998,0,1,人対車両
2023,33.2748175,130.3103225,0,2,車両相互
2023,33.31117,130.2866938888889,0,1,車両相互
2023,33.283453888888886,130.28421555555556,0,1,車両相互
2023,33.267248888888886,130.30158916666667,0,2,車両相互
2023,33.266330833333335,130.33879055555556,0,1,車両相互
2023,33.31813888888889,130.27604472222222,0,1,車両相互
2023,33.272417499999996,130.30034305555557,0,1,車両相互
2023,33.27232444444444,130.30034,0,1,車両相互
2023,33.27493472222222,130.3120275,0,1,車両相互
2023,33.263326666666664,130.31623055555556,0,2,車両相互
2023,33.325474722222225,130.32236527777778,0,2,車両相互
2023,33.264851666666665,130.30961055555557,0,1,車両相互
2023,33.292117777777776,130.2856072222222,0,2,車両相互
2023,33.27403388888889,130.30651083333333,0,2,車両相互
2023,33.259029444444444,130.31973916666666,0,1,車両相互
2023,33.27234722222222,130.2710802777778,0,1,車両相互
2023,33.27583527777778,130.31667861111112,0,1,車両相互
2023,33.31671111111111,130.2764461111111,0,1,人対車両
2023,33.26712972222222,130.29752249999999,0,1,車両相互
2023,33.26533666666667,130.293525,0,3,車両相互
2023,33.26489,130.2978475,0,1,車両相互
2023,33.27449444444444,130.29375833333333,0,1,車両相互
2023,33.304988055555555,130.27834305555558,0,1,人対車両
2023,33.32550305555556,130.3224888888889,0,2,車両相互
2023,33.261966944444445,130.29751583333334,0,1,人対車両
2023,33.302477777777774,130.29686388888888,0,1,車両相互
2023,33.27349722222222,130.31355027777778,0,3,車両相互
2023,33.34318694444445,130.25269916666667,0,1,車両相互
2023,33.27285,130.27757555555556,0,1,車両相互
2023,33.2727475,130.27888694444445,0,1,車両相互
2023,32.79486555555555,129.8803186111111,0,2,車両相互
2023,33.14799722222222,129.7728625,0,1,車両相互
2023,32.94566972222222,129.96035444444442,0,1,車両相互
2023,33.148005833333336,129.77285222222224,0,2,車両相互
2023,32.79372138888889,129.87414972222223,0,2,車両相互
2023,32.752475277777776,129.87202333333335,0,1,車両相互
2023,32.74934138888889,129.8919772222222,0,1,車両相互
2023,32.7699975,129.97820694444445,0,1,車両相互
2023,32.74843694444444,129.8637311111111,0,1,車両相互
2023,32.754205,129.86398499999999,0,1,車両相互
2023,32.768142222222224,129.97753805555556,0,1,車両相互
2023,32.782694444444445,129.95152555555555,0,1,車両相互
2023,32.78924194444444,129.94756527777778,0,2,車両相互
2023,32.763105,129.88869472222223,0,1,車両相互
2023,32.750434444444444,129.87367194444445,0,1,車両相互
2023,32.765970277777775,129.85580861111112,0,2,車両相互
2023,32.75798555555556,129.86891722222222,1,0,人対車両
2023,32.758052222222226,129.86884944444446,0,1,人対車両
2023,32.7580375,129.86885527777778,0,1,人対車両
2023,32.74326638888889,129.85562638888888,0,2,車両相互
2023,32.766396666666665,129.8907663888889,0,2,車両相互
2023,32.78266305555555,129.95092749999998,0,1,車両相互
2023,32.752588333333335,129.88371694444444,0,1,車両単独
2023,32.767454444444446,129.85320472222222,0,2,車両相互
2023,32.748261666666664,129.8798177777778,0,1,車両相互
2023,32.741860555555554,129.87663472222224,0,1,車両相互
2023,32.74494833333333,129.8793688888889,0,1,人対車両
2023,32.75067027777778,129.8747538888889,0,1,車両相互
2023,32.72765666666667,129.8920472222222,0,1,車両相互
2023,32.73609277777778,129.8916625,0,1,車両相互
2023,32.76520361111111,129.9764125,0,1,車両相互
2023,32.75241305555556,129.88710749999998,0,1,車両相互
2023,32.76362527777778,129.86190305555556,0,1,車両相互
2023,32.74981416666667,129.85864194444443,0,2,人対車両
2023,32.74124388888889,129.87425916666666,0,1,車両相互
2023,32.74816972222222,129.8753252777778,0,1,車両相互
2023,32.747819444444445,129.87630555555558,0,2,人対車両
2023,32.74962888888889,129.87292722222222,0,1,人対車両
2023,32.75248611111111,129.88496083333334,0,2,車両相互
2023,32.75422472222222,129.8799811111111,0,1,車両相互
2023,32.77018611111111,129.8573536111111,0,1,車両相互
2023,32.77348972222222,129.96312305555554,0,1,人対車両
2023,32.74661527777778,129.87720027777777,0,1,車両相互
2023,32.7638075,129.86439944444444,0,1,人対車両
2023,32.75239555555556,129.87208222222222,0,2,車両相互
2023,32.746026111111114,129.8301647222222,0,1,車両相互
2023,32.7510625,129.87389805555557,0,1,人対車両
2023,32.72712666666667,129.88625305555556,0,1,人対車両
2023,32.72549638888889,129.86477694444443,0,1,車両相互
2023,32.73335888888889,129.86664333333331,0,1,車両相互
2023,32.688044166666664,129.84703000000002,0,1,車両相互
2023,32.73776083333333,129.87127361111112,0,1,車両相互
2023,32.72542305555556,129.88017611111113,0,3,車両相互
2023,32.727899444444446,129.88482638888888,0,1,車両相互
2023,32.709563888888894,129.8509738888889,0,1,車両相互
2023,32.70963305555556,129.85102722222223,1,1,人対車両
2023,32.73504416666667,129.87294527777777,0,1,車両相互
2023,32.708914166666666,129.85073055555554,0,1,車両相互
2023,32.682948055555556,129.84243944444447,0,1,人対車両
2023,32.68515416666666,129.83393111111113,0,1,車両相互
2023,32.66437527777778,129.825095,0,1,車両相互
2023,32.698319444444444,129.84875472222222,0,1,車両相互
2023,32.693059444444444,129.84813694444446,0,1,車両相互
2023,32.718896111111114,129.87007111111112,0,1,車両単独
2023,32.677445,129.84002361111112,0,1,車両相互
2023,32.78110888888889,129.8607036111111,0,2,車両相互
2023,32.778345277777774,129.861885,0,1,車両相互
2023,32.80236166666666,129.85246805555556,0,1,車両相互
2023,32.80558333333333,129.8492461111111,0,1,人対車両
2023,32.78590027777778,129.8623511111111,0,2,車両相互
2023,32.786991666666665,129.86192083333333,0,1,車両相互
2023,32.79178638888889,129.86011166666665,0,1,車両相互
2023,32.80936138888889,129.84537666666668,0,1,車両相互
2023,32.7864475,129.86222361111112,0,1,車両相互
2023,32.79297305555556,129.880315,0,1,人対車両
2023,32.792745555555555,129.8640497222222,0,1,車両相互
2023,32.78406972222222,129.87416472222222,0,1,車両相互
2023,32.78623583333333,129.85683749999998,0,1,車両相互
2023,32.7915225,129.8602813888889,0,1,車両相互
2023,32.80292055555555,129.85203305555555,0,2,車両相互
2023,32.799679166666664,129.84578722222224,0,1,車両相互
2023,32.78313583333333,129.8609736111111,0,1,車両相互
2023,32.790815277777774,129.86044916666665,0,1,人対車両
2023,32.76662916666667,129.86670166666667,0,1,車両相互
2023,32.78241305555555,129.85986722222222,0,1,人対車両
2023,32.79156555555555,129.87183027777778,0,1,車両相互
2023,32.779693333333334,129.85528499999998,0,1,車両相互
2023,32.79595166666667,129.88074111111112,0,2,車両相互
2023,32.769708055555554,129.86245138888887,0,1,車両相互
2023,32.812664722222216,129.8453925,0,2,車両相互
2023,32.833690555555556,129.84318083333335,0,2,車両相互
2023,32.82642194444445,129.7793777777778,0,1,車両相互
2023,32.83396888888889,129.8450402777778,0,1,人対車両
2023,32.821781388888894,129.73234277777777,0,1,車両相互
2023,32.824415,129.87545,0,1,車両相互
2023,32.850856666666665,129.82591916666667,0,1,車両相互
2023,32.834361111111114,129.8720052777778,0,1,人対車両
2023,32.835684722222226,129.85642833333333,0,1,車両相互
2023,32.8352,129.87259194444445,0,1,車両相互
2023,32.81924222222223,129.896545,0,1,車両相互
2023,32.829524722222224,129.84705833333334,0,2,車両相互
2023,32.87771222222222,129.78939444444444,0,1,車両相互
2023,32.83084416666667,129.87264416666667,0,1,車両相互
2023,32.81218805555555,129.85628472222223,0,1,車両相互
2023,32.823011944444445,129.76594833333334,0,2,車両相互
2023,32.86034611111111,129.81472194444444,0,4,車両相互
2023,32.84632388888889,129.82846416666666,0,2,車両相互
2023,32.81802833333334,129.84661611111113,0,2,車両相互
2023,32.989179444444446,129.765845,0,3,車両相互
2023,33.04112361111111,129.62039055555556,0,1,人対車両
2023,33.04349305555555,129.7422308333333,0,2,車両相互
2023,33.01467861111111,129.70643027777777,0,1,車両相互
2023,33.03434222222222,129.74433194444444,0,1,車両相互
2023,32.83019138888889,129.99027805555554,0,1,車両相互
2023,32.79584583333333,129.99743583333333,0,1,車両相互
2023,32.82510333333334,129.97624055555556,0,3,車両相互
2023,32.824911944444445,129.99382194444442,0,3,車両相互
2023,32.833981388888894,129.98134055555556,0,1,車両相互
2023,32.831253333333336,130.00055333333333,0,1,車両相互
2023,32.83096416666667,130.04740388888888,0,1,車両相互
2023,32.780183055555554,130.02161555555557,0,1,車両相互
2023,32.877093888888886,130.09982805555558,0,2,車両相互
2023,32.8512875,130.06277111111112,0,1,車両相互
2023,32.84587194444445,130.02406194444447,0,1,車両相互
2023,32.863553611111115,130.02795250000003,0,1,車両相互
2023,32.77930833333333,130.0256188888889,0,1,車両相互
2023,32.848908055555555,130.03824333333333,0,1,車両相互
2023,32.904536111111106,130.1458172222222,1,0,車両単独
2023,32.841887222222226,130.0565813888889,0,1,人対車両
2023,32.83218916666667,129.98751916666666,0,1,車両相互
2023,32.78049138888889,130.01389722222223,0,2,車両相互
2023,32.833199722222226,130.08442000000002,0,1,車両相互
2023,32.851598611111115,130.05940222222225,0,1,人対車両
2023,32.83081416666667,129.98229722222223,0,1,車両相互
2023,32.88008027777778,130.02088277777779,0,2,車両相互
2023,32.85237388888889,130.04327666666666,0,1,人対車両
2023,32.846694722222225,130.0111825,0,1,車両相互
2023,32.85402388888889,130.0447477777778,0,1,人対車両
2023,32.837925000000006,130.03714555555555,0,1,車両相互
2023,32.853789444444445,130.02014805555558,0,1,車両相互
2023,32.83000027777778,129.99156166666666,0,2,車両相互
2023,32.84915416666667,130.0467475,0,1,人対車両
2023,32.918499999999995,130.18365916666667,0,2,車両相互
2023,32.83308805555556,130.06192000000001,0,1,車両相互
2023,32.83729,130.01452722222223,0,1,車両相互
2023,32.79680222222222,130.14130666666665,0,1,車両相互
2023,32.78985083333333,130.05165666666667,0,1,車両相互
2023,32.84135888888889,130.0276227777778,0,2,車両相互
2023,32.76383611111111,130.370315,0,1,車両相互
2023,32.78733083333333,130.36803444444445,0,1,車両相互
2023,32.8161625,130.33581805555556,0,1,車両相互
2023,32.788063055555554,130.3697136111111,0,1,人対車両
2023,32.78735833333333,130.36886166666667,0,1,人対車両
2023,32.83783888888889,130.34534555555555,0,1,車両相互
2023,32.8504375,130.33768666666668,0,2,車両相互
2023,32.65213583333333,130.25507833333333,0,1,車両相互
2023,32.61470722222222,130.17338805555553,0,1,車両相互
2023,32.83384916666667,130.17974694444445,0,1,車両相互
2023,32.811367499999996,130.1590938888889,0,1,車両相互
2023,32.8745275,130.30417916666667,0,1,車両相互
2023,32.83371277777778,130.17934027777775,0,2,車両相互
2023,32.86828472222222,130.28321027777778,0,1,車両相互
2023,32.84726305555556,130.19864916666668,0,1,車両相互
2023,32.84424638888889,130.19553611111112,0,1,人対車両
2023,32.93177972222222,129.93769916666668,0,1,車両相互
2023,32.913153333333334,129.95061166666665,0,2,車両相互
2023,32.9131725,129.95061583333333,0,1,車両相互
2023,32.92660027777777,129.94198944444446,0,1,車両相互
2023,32.93060611111111,129.95623944444444,0,1,車両相互
2023,32.849740555555556,130.00899777777778,0,1,車両相互
2023,32.9298225,129.9507175,0,1,車両相互
2023,32.9164725,129.954465,0,2,車両相互
2023,32.90884194444444,129.96722333333332,0,2,車両相互
2023,32.923986944444444,129.9390225,0,1,車両相互
2023,32.88787416666666,129.99564527777775,0,1,車両相互
2023,32.931690277777776,129.95576972222221,0,1,車両相互
2023,32.94025499999999,129.94650944444444,0,1,車両相互
2023,32.93053361111111,129.9504161111111,0,4,車両相互
2023,32.92845916666666,129.94622111111113,0,2,車両相互
2023,32.94407305555555,129.94955916666666,0,1,車両相互
2023,32.93639444444444,129.9637972222222,0,2,車両相互
2023,32.912077499999995,129.95110722222222,0,1,車両単独
2023,32.90618611111111,129.96059499999998,0,1,人対車両
2023,32.91213,129.95066388888887,0,1,車両相互
2023,32.94369222222222,129.94638750000001,0,1,車両相互
2023,32.94170305555555,129.9557386111111,0,3,車両相互
2023,33.008717222222224,129.94556472222223,1,0,人対車両
2023,33.03937833333333,129.91308333333333,0,2,車両相互
2023,33.06823611111111,129.85789111111112,0,1,車両相互
2023,33.06426194444444,129.83514972222224,0,1,車両相互
2023,33.076842222222226,129.86545083333334,0,1,車両相互
2023,33.031239444444445,129.9260236111111,0,7,車両相互
2023,33.139407222222225,129.86105777777777,0,2,車両相互
2023,33.133385277777776,129.88116611111113,0,3,車両相互
2023,33.015,129.94669694444445,1,1,車両相互
2023,33.06332583333333,129.84665194444446,0,1,車両相互
2023,33.13889972222222,129.79345722222223,0,2,車両相互
2023,33.14760694444444,129.77450583333334,0,1,車両相互
2023,33.1397325,129.81052722222222,0,1,人対車両
2023,33.136761388888885,129.79798,0,1,車両相互
2023,33.13896944444444,129.79334972222222,0,1,車両相互
2023,33.119577222222226,129.79984472222222,0,1,車両相互
2023,33.142000277777775,129.7899386111111,0,1,車両相互
2023,33.06604027777777,129.76427833333332,0,1,車両相互
2023,33.12681333333333,129.79369444444444,0,3,車両相互
2023,33.15202,129.7706775,0,1,車両相互
2023,33.16648,129.8406425,0,1,車両相互
2023,33.096678611111116,129.79051638888888,0,2,車両相互
2023,33.095511944444446,129.7944136111111,0,1,車両相互
2023,33.124878055555556,129.80166194444445,0,1,人対車両
2023,33.05492944444444,129.75956944444445,0,1,車両相互
2023,33.11322861111111,129.79348805555554,0,3,車両相互
2023,33.125276666666664,129.8040988888889,0,1,車両相互
2023,33.16330472222222,129.820845,0,1,車両相互
2023,33.1531525,129.77500444444445,0,1,車両相互
2023,33.14678305555555,129.7773813888889,0,1,車両相互
2023,33.141983055555556,129.79919361111112,0,1,車両相互
2023,33.119045,129.78075722222223,0,1,車両相互
2023,33.176559166666664,129.85127555555556,0,2,車両相互
2023,33.146500833333334,129.7777363888889,0,5,車両相互
2023,33.05481444444444,129.7593513888889,0,1,車両相互
2023,33.152454444444444,129.7779052777778,0,1,車両相互
2023,33.20795833333334,129.71792166666665,0,1,人対車両
2023,33.210098333333335,129.73803666666666,0,1,車両相互
2023,33.17202888888889,129.72147722222223,0,1,車両相互
2023,33.160399444444444,129.74232694444444,0,1,車両相互
2023,33.16833388888889,129.7208813888889,0,1,人対車両
2023,33.183076111111106,129.7156136111111,0,1,人対車両
2023,33.18401861111111,129.72643250000002,0,1,車両単独
2023,33.2103875,129.73924166666666,0,1,人対車両
2023,33.21105305555556,129.75660027777778,0,1,車両相互
2023,33.157049444444446,129.73787583333333,0,1,人対車両
2023,33.176051666666666,129.71803416666665,0,2,車両相互
2023,33.16408666666666,129.77647361111113,0,1,人対車両
2023,33.16271722222222,129.7728113888889,0,1,人対車両
2023,33.14480916666667,129.73825555555555,0,1,車両相互
2023,33.18660361111111,129.71868472222224,0,1,車両相互
2023,33.185135277777775,129.71841111111112,0,1,車両相互
2023,33.15187722222222,129.75969694444444,0,1,車両相互
2023,33.16903583333333,129.714215,0,1,車両相互
2023,33.16350472222222,129.6955513888889,0,1,車両相互
2023,33.17429027777778,129.73430027777778,0,1,車両相互
2023,33.15631333333333,129.73002583333334,0,1,車両相互
2023,33.15291361111111,129.752635,0,1,人対車両
2023,33.164208055555555,129.76493694444446,0,1,車両相互
2023,33.17670944444444,129.71737638888888,0,1,車両相互
2023,33.165303333333334,129.69816277777778,0,1,人対車両
2023,33.199842499999995,129.72172277777779,0,1,車両相互
2023,33.18556444444444,129.66780749999998,0,1,車両相互
2023,33.161742777777775,129.68301499999998,0,1,車両単独
2023,33.22012527777778,129.70081,0,5,車両相互
2023,33.1951725,129.6681888888889,0,1,人対車両
2023,33.214173333333335,129.6967688888889,0,1,人対車両
2023,33.217420000000004,129.65809222222222,0,1,人対車両
2023,33.23165,129.65017444444445,0,1,車両相互
2023,33.22750527777778,129.6219713888889,0,1,人対車両
2023,33.2445625,129.651635,0,1,車両相互
2023,33.218615,129.62888833333335,0,1,車両相互
2023,33.26975972222222,129.64285527777778,0,1,車両相互
2023,33.29401111111111,129.63691527777777,0,1,車両相互
2023,33.26023388888889,129.69925055555555,0,1,人対車両
2023,33.26798888888889,129.68436416666668,0,1,車両相互
2023,33.35043027777778,129.69678555555555,0,1,車両相互
2023,33.356678055555555,129.73268333333334,0,1,人対車両
2023,33.34695861111111,129.6847875,0,1,車両相互
2023,33.36304472222222,129.57768555555555,0,1,人対車両
2023,33.36797833333333,129.54846305555554,0,1,人対車両
2023,33.36855388888889,129.5475336111111,0,3,車両相互
2023,33.366794444444444,129.55154416666667,0,1,人対車両
2023,33.21758222222223,129.42796055555556,0,1,人対車両
2023,33.360086111111116,129.6230602777778,0,1,車両単独
2023,33.39086916666667,129.43426694444446,0,1,人対車両
2023,33.35867777777778,129.5830161111111,0,1,車両相互
2023,32.691824999999994,128.83001972222223,0,2,車両相互
2023,32.69207194444444,128.82810388888888,0,1,人対車両
2023,32.98285277777778,129.11555305555555,0,1,人対車両
2023,34.26276722222222,129.31566583333336,0,1,車両相互
2023,34.53379583333333,129.4518586111111,1,0,車両単独
2023,32.94215222222222,130.4396211111111,0,1,車両相互
2023,32.97574027777778,130.45145944444442,0,1,車両相互
2023,32.999788055555555,130.49141138888888,0,1,車両相互
2023,32.929496111111106,130.45766194444442,0,1,車両相互
2023,32.95779055555556,130.487775,0,1,車両相互
2023,33.002095,130.43115055555555,0,1,車両相互
2023,33.00111583333333,130.49069388888887,0,1,車両相互
2023,32.962515,130.43630944444445,0,1,車両相互
2023,32.98956527777778,130.44348166666666,0,1,車両単独
2023,32.65289527777777,130.4991397222222,0,2,車両相互
2023,32.607350555555556,130.46995305555555,0,2,人対車両
2023,32.426180277777775,130.12824777777777,0,1,車両相互
2023,32.493943055555555,130.0836625,0,1,車両単独
2023,32.42478638888888,130.12854444444446,0,1,車両相互
2023,32.418077777777775,130.12574055555555,0,1,車両相互
2023,32.470066111111116,130.17803694444444,0,1,車両相互
2023,32.43603611111111,130.17578444444445,0,1,人対車両
2023,32.56010194444444,130.4143688888889,0,1,車両相互
